timestamp,product_id,category,base_price,competitor_price,inventory,inventory_ratio,day_of_week,is_weekend,month,is_holiday,demand,historical_sales_7d,historical_sales_30d
2023-01-01 00:00:00,P0103,Groceries,3084.61,3447.27,206,0.412,6,1,1,0,92,101,352
2023-01-01 01:00:00,P0180,Electronics,3159.98,2876.69,470,0.94,6,1,1,0,90,100,374
2023-01-01 02:00:00,P0093,Books,3683.83,3695.66,101,0.202,6,1,1,0,87,90,325
2023-01-01 03:00:00,P0015,Books,3123.33,3203.32,432,0.864,6,1,1,0,97,91,424
2023-01-01 04:00:00,P0107,Books,4847.75,5706.98,385,0.77,6,1,1,0,89,80,321
2023-01-01 05:00:00,P0072,Books,1026.58,930.74,193,0.386,6,1,1,0,132,132,500
2023-01-01 06:00:00,P0189,Clothing,4757.9,5588.99,240,0.48,6,1,1,0,73,64,302
2023-01-01 07:00:00,P0021,Groceries,2714.78,3045.83,146,0.292,6,1,1,0,93,104,398
2023-01-01 08:00:00,P0103,Books,3376.18,3688.0,452,0.904,6,1,1,0,86,85,378
2023-01-01 09:00:00,P0122,Books,542.33,604.56,131,0.262,6,1,1,0,106,118,396
2023-01-01 10:00:00,P0075,Furniture,1933.85,2015.4,219,0.438,6,1,1,0,118,125,454
2023-01-01 11:00:00,P0088,Groceries,3858.43,3463.45,337,0.674,6,1,1,0,90,100,388
2023-01-01 12:00:00,P0117,Electronics,3549.21,3108.39,103,0.206,6,1,1,0,94,105,341
2023-01-01 13:00:00,P0100,Groceries,248.69,285.13,40,0.08,6,1,1,0,130,113,544
2023-01-01 14:00:00,P0104,Groceries,2755.64,3003.8,55,0.11,6,1,1,0,104,111,410
2023-01-01 15:00:00,P0152,Groceries,486.98,431.11,310,0.62,6,1,1,0,137,126,569
2023-01-01 16:00:00,P0131,Books,4979.49,5208.73,249,0.498,6,1,1,0,73,84,293
2023-01-01 17:00:00,P0150,Books,4491.62,4397.38,241,0.482,6,1,1,1,72,78,295
2023-01-01 18:00:00,P0053,Clothing,154.35,133.28,414,0.828,6,1,1,0,108,92,446
2023-01-01 19:00:00,P0002,Electronics,4300.32,4355.12,126,0.252,6,1,1,0,95,107,390
2023-01-01 20:00:00,P0088,Furniture,4601.18,4199.07,149,0.298,6,1,1,0,75,70,310
2023-01-01 21:00:00,P0158,Groceries,1800.06,1509.35,330,0.66,6,1,1,1,118,115,478
2023-01-01 22:00:00,P0038,Electronics,3611.53,3563.8,431,0.862,6,1,1,0,82,85,342
2023-01-01 23:00:00,P0130,Electronics,2238.41,2319.09,335,0.67,6,1,1,0,83,93,350
2023-01-02 00:00:00,P0192,Clothing,3293.4,2696.51,383,0.766,0,0,1,0,83,94,351
2023-01-02 01:00:00,P0188,Furniture,1734.57,1666.64,387,0.774,0,0,1,1,88,90,377
2023-01-02 02:00:00,P0021,Groceries,1646.67,1487.05,148,0.296,0,0,1,0,103,97,397
2023-01-02 03:00:00,P0161,Furniture,2150.95,1747.13,168,0.336,0,0,1,0,88,82,369
2023-01-02 04:00:00,P0058,Clothing,770.56,655.18,44,0.088,0,0,1,0,125,120,545
2023-01-02 05:00:00,P0022,Books,4164.14,3562.9,472,0.944,0,0,1,0,70,63,273
2023-01-02 06:00:00,P0089,Electronics,1776.05,1550.76,83,0.166,0,0,1,0,122,128,515
2023-01-02 07:00:00,P0049,Groceries,2030.74,2277.17,7,0.014,0,0,1,0,107,108,410
2023-01-02 08:00:00,P0059,Books,4475.57,4367.25,106,0.212,0,0,1,0,73,79,273
2023-01-02 09:00:00,P0170,Clothing,2508.29,2154.21,372,0.744,0,0,1,0,77,68,305
2023-01-02 10:00:00,P0188,Furniture,2744.06,2305.34,264,0.528,0,0,1,0,73,71,310
2023-01-02 11:00:00,P0015,Electronics,4784.67,4397.95,145,0.29,0,0,1,1,70,65,269
2023-01-02 12:00:00,P0190,Groceries,4439.3,4968.49,30,0.06,0,0,1,0,76,77,292
2023-01-02 13:00:00,P0190,Books,888.86,840.67,243,0.486,0,0,1,0,119,118,455
2023-01-02 14:00:00,P0175,Books,2392.41,2066.94,34,0.068,0,0,1,0,92,91,347
2023-01-02 15:00:00,P0190,Electronics,4857.92,4671.6,246,0.492,0,0,1,0,74,70,303
2023-01-02 16:00:00,P0051,Furniture,1893.21,1935.1,413,0.826,0,0,1,0,87,93,330
2023-01-02 17:00:00,P0108,Clothing,1889.29,1533.79,17,0.034,0,0,1,0,120,119,522
2023-01-02 18:00:00,P0055,Furniture,1015.4,1067.24,466,0.932,0,0,1,0,79,72,306
2023-01-02 19:00:00,P0064,Furniture,615.9,590.06,424,0.848,0,0,1,0,111,113,448
2023-01-02 20:00:00,P0131,Furniture,3714.51,2986.06,23,0.046,0,0,1,1,80,82,314
2023-01-02 21:00:00,P0051,Electronics,3861.65,4130.25,497,0.994,0,0,1,0,75,64,328
2023-01-02 22:00:00,P0135,Electronics,4846.61,5258.35,341,0.682,0,0,1,0,75,68,295
2023-01-02 23:00:00,P0021,Clothing,3878.42,4078.3,303,0.606,0,0,1,0,72,66,292
2023-01-03 00:00:00,P0073,Furniture,1254.59,1175.26,397,0.794,1,0,1,0,83,77,349
2023-01-03 01:00:00,P0167,Electronics,248.58,251.52,402,0.804,1,0,1,0,90,83,336
2023-01-03 02:00:00,P0018,Clothing,4927.92,4705.49,315,0.63,1,0,1,0,60,56,218
2023-01-03 03:00:00,P0132,Clothing,1735.23,1874.48,348,0.696,1,0,1,1,69,64,274
2023-01-03 04:00:00,P0089,Furniture,1594.26,1647.56,277,0.554,1,0,1,0,93,104,376
2023-01-03 05:00:00,P0060,Groceries,4534.48,3775.95,29,0.058,1,0,1,0,81,77,310
2023-01-03 06:00:00,P0014,Furniture,2946.24,3114.88,142,0.284,1,0,1,0,90,86,357
2023-01-03 07:00:00,P0009,Groceries,1113.61,1197.01,276,0.552,1,0,1,0,96,89,393
2023-01-03 08:00:00,P0090,Clothing,4451.03,4220.83,409,0.818,1,0,1,0,61,70,267
2023-01-03 09:00:00,P0053,Electronics,4967.14,5713.77,355,0.71,1,0,1,0,60,61,245
2023-01-03 10:00:00,P0130,Books,479.06,544.79,11,0.022,1,0,1,0,118,122,467
2023-01-03 11:00:00,P0084,Clothing,4318.15,3757.08,390,0.78,1,0,1,0,74,79,268
2023-01-03 12:00:00,P0092,Electronics,1983.05,2303.72,202,0.404,1,0,1,0,80,76,308
2023-01-03 13:00:00,P0111,Clothing,2644.16,2581.62,249,0.498,1,0,1,1,88,100,342
2023-01-03 14:00:00,P0188,Furniture,4578.34,4988.1,102,0.204,1,0,1,0,75,67,299
2023-01-03 15:00:00,P0199,Groceries,4868.23,5479.87,467,0.934,1,0,1,0,56,55,237
2023-01-03 16:00:00,P0172,Clothing,1347.71,1350.47,34,0.068,1,0,1,0,112,100,473
2023-01-03 17:00:00,P0008,Electronics,1103.61,1059.07,323,0.646,1,0,1,0,107,116,458
2023-01-03 18:00:00,P0175,Furniture,448.56,523.1,385,0.77,1,0,1,0,95,84,364
2023-01-03 19:00:00,P0035,Books,2830.9,2526.13,19,0.038,1,0,1,0,84,85,326
2023-01-03 20:00:00,P0081,Furniture,117.34,105.93,46,0.092,1,0,1,0,142,125,528
2023-01-03 21:00:00,P0164,Groceries,2088.9,1973.28,83,0.166,1,0,1,0,105,104,450
2023-01-03 22:00:00,P0050,Furniture,413.25,472.67,267,0.534,1,0,1,0,108,101,445
2023-01-03 23:00:00,P0104,Books,2055.87,2416.71,52,0.104,1,0,1,0,92,103,337
2023-01-04 00:00:00,P0132,Electronics,247.66,219.93,272,0.544,2,0,1,0,99,86,380
2023-01-04 01:00:00,P0002,Clothing,4184.33,4793.35,17,0.034,2,0,1,0,84,88,313
2023-01-04 02:00:00,P0134,Groceries,1088.21,982.96,103,0.206,2,0,1,1,97,103,424
2023-01-04 03:00:00,P0054,Books,1675.13,1990.48,151,0.302,2,0,1,1,90,101,347
2023-01-04 04:00:00,P0106,Groceries,4356.74,4526.49,327,0.654,2,0,1,0,69,77,276
2023-01-04 05:00:00,P0004,Furniture,3744.02,3005.83,164,0.328,2,0,1,0,85,97,328
2023-01-04 06:00:00,P0054,Groceries,1134.24,922.88,360,0.72,2,0,1,0,113,105,450
2023-01-04 07:00:00,P0191,Books,405.9,348.67,413,0.826,2,0,1,0,103,96,453
2023-01-04 08:00:00,P0146,Clothing,3592.59,3143.62,83,0.166,2,0,1,0,76,74,291
2023-01-04 09:00:00,P0044,Clothing,1983.98,2196.36,307,0.614,2,0,1,0,88,89,337
2023-01-04 10:00:00,P0162,Groceries,3842.1,3416.04,150,0.3,2,0,1,0,89,85,347
2023-01-04 11:00:00,P0190,Electronics,2254.21,2677.23,36,0.072,2,0,1,0,109,117,407
2023-01-04 12:00:00,P0014,Groceries,1762.71,1858.68,378,0.756,2,0,1,0,101,86,423
2023-01-04 13:00:00,P0095,Furniture,2283.47,2459.31,457,0.914,2,0,1,0,92,79,359
2023-01-04 14:00:00,P0048,Clothing,3755.37,3331.49,352,0.704,2,0,1,0,88,94,358
2023-01-04 15:00:00,P0015,Clothing,4515.99,5225.37,151,0.302,2,0,1,0,74,83,306
2023-01-04 16:00:00,P0200,Clothing,296.35,316.24,355,0.71,2,0,1,0,111,120,403
2023-01-04 17:00:00,P0190,Electronics,2644.35,3029.8,375,0.75,2,0,1,0,76,67,313
2023-01-04 18:00:00,P0040,Electronics,212.54,251.35,207,0.414,2,0,1,0,112,127,451
2023-01-04 19:00:00,P0082,Books,2368.63,2013.94,49,0.098,2,0,1,0,98,99,359
2023-01-04 20:00:00,P0111,Groceries,4432.15,3716.96,219,0.438,2,0,1,0,77,83,285
2023-01-04 21:00:00,P0053,Groceries,1839.87,2063.16,459,0.918,2,0,1,0,81,74,320
2023-01-04 22:00:00,P0024,Furniture,4665.63,5348.91,403,0.806,2,0,1,0,55,56,213
2023-01-04 23:00:00,P0154,Clothing,3171.51,3277.77,46,0.092,2,0,1,0,83,79,328
2023-01-05 00:00:00,P0188,Electronics,4674.07,4423.54,17,0.034,3,0,1,0,83,95,341
2023-01-05 01:00:00,P0124,Furniture,3797.97,4029.84,484,0.968,3,0,1,0,69,68,257
2023-01-05 02:00:00,P0041,Furniture,562.0,518.31,121,0.242,3,0,1,0,115,124,475
2023-01-05 03:00:00,P0157,Electronics,1194.2,1069.23,281,0.562,3,0,1,0,92,95,391
2023-01-05 04:00:00,P0015,Groceries,2001.14,1991.65,493,0.986,3,0,1,0,93,82,335
2023-01-05 05:00:00,P0045,Clothing,892.03,790.75,119,0.238,3,0,1,0,106,107,413
2023-01-05 06:00:00,P0065,Groceries,2499.81,2483.51,250,0.5,3,0,1,0,87,88,332
2023-01-05 07:00:00,P0089,Furniture,2383.27,2818.56,326,0.652,3,0,1,0,98,104,387
2023-01-05 08:00:00,P0071,Clothing,4783.48,5433.62,298,0.596,3,0,1,0,77,73,315
2023-01-05 09:00:00,P0009,Books,2196.95,2585.05,46,0.092,3,0,1,0,111,123,416
2023-01-05 10:00:00,P0088,Furniture,3938.85,4421.48,84,0.168,3,0,1,0,77,80,285
2023-01-05 11:00:00,P0129,Groceries,4712.46,4438.67,298,0.596,3,0,1,0,63,54,264
2023-01-05 12:00:00,P0136,Groceries,4391.09,4939.18,383,0.766,3,0,1,0,62,66,257
2023-01-05 13:00:00,P0063,Groceries,1082.9,1266.09,159,0.318,3,0,1,0,88,99,349
2023-01-05 14:00:00,P0139,Electronics,2505.35,2953.34,6,0.012,3,0,1,0,87,92,348
2023-01-05 15:00:00,P0081,Furniture,1771.31,1901.11,244,0.488,3,0,1,0,87,84,332
2023-01-05 16:00:00,P0136,Clothing,2029.3,1795.01,214,0.428,3,0,1,0,82,84,317
2023-01-05 17:00:00,P0163,Groceries,1835.99,1497.97,211,0.422,3,0,1,0,81,73,312
2023-01-05 18:00:00,P0163,Groceries,4140.48,3556.18,211,0.422,3,0,1,0,65,67,272
2023-01-05 19:00:00,P0033,Electronics,2288.09,2714.18,287,0.574,3,0,1,0,88,88,356
2023-01-05 20:00:00,P0123,Clothing,2642.29,2602.23,217,0.434,3,0,1,0,92,79,385
2023-01-05 21:00:00,P0005,Furniture,4913.11,5610.74,483,0.966,3,0,1,1,63,60,257
2023-01-05 22:00:00,P0041,Books,346.9,342.05,250,0.5,3,0,1,1,101,92,408
2023-01-05 23:00:00,P0028,Electronics,2465.39,2623.98,343,0.686,3,0,1,0,82,79,316
2023-01-06 00:00:00,P0135,Furniture,3881.61,3142.77,320,0.64,4,0,1,0,77,71,302
2023-01-06 01:00:00,P0072,Books,798.25,718.38,313,0.626,4,0,1,0,103,113,444
2023-01-06 02:00:00,P0012,Groceries,3077.08,2998.64,180,0.36,4,0,1,0,90,95,365
2023-01-06 03:00:00,P0162,Groceries,1235.35,1299.9,91,0.182,4,0,1,0,95,102,382
2023-01-06 04:00:00,P0033,Clothing,4343.65,3772.93,217,0.434,4,0,1,0,85,81,310
2023-01-06 05:00:00,P0048,Books,1669.14,1845.77,289,0.578,4,0,1,0,100,85,414
2023-01-06 06:00:00,P0151,Groceries,1678.86,1587.8,89,0.178,4,0,1,0,108,99,448
2023-01-06 07:00:00,P0062,Groceries,3011.06,3393.39,483,0.966,4,0,1,1,68,73,282
2023-01-06 08:00:00,P0037,Clothing,958.64,804.48,196,0.392,4,0,1,0,92,95,338
2023-01-06 09:00:00,P0099,Furniture,1460.2,1565.19,183,0.366,4,0,1,0,93,94,357
2023-01-06 10:00:00,P0172,Groceries,2112.33,1937.71,65,0.13,4,0,1,0,105,98,409
2023-01-06 11:00:00,P0104,Electronics,1800.51,2013.25,415,0.83,4,0,1,0,78,68,332
2023-01-06 12:00:00,P0035,Electronics,2648.14,2544.51,97,0.194,4,0,1,1,96,104,421
2023-01-06 13:00:00,P0193,Furniture,3018.22,3217.84,305,0.61,4,0,1,0,94,81,370
2023-01-06 14:00:00,P0101,Books,2855.0,3350.98,477,0.954,4,0,1,1,72,62,291
2023-01-06 15:00:00,P0175,Clothing,3288.13,2657.63,23,0.046,4,0,1,1,80,75,288
2023-01-06 16:00:00,P0131,Electronics,1573.36,1265.68,219,0.438,4,0,1,0,90,92,325
2023-01-06 17:00:00,P0001,Electronics,675.81,748.87,173,0.346,4,0,1,0,105,121,384
2023-01-06 18:00:00,P0005,Furniture,3816.0,4039.45,386,0.772,4,0,1,0,80,70,334
2023-01-06 19:00:00,P0142,Books,4261.36,3908.48,244,0.488,4,0,1,0,80,79,299
2023-01-06 20:00:00,P0103,Books,1322.18,1319.22,113,0.226,4,0,1,0,112,115,471
2023-01-06 21:00:00,P0027,Furniture,2065.11,1686.73,265,0.53,4,0,1,0,74,81,292
2023-01-06 22:00:00,P0137,Electronics,2517.92,2208.16,389,0.778,4,0,1,0,82,87,351
2023-01-06 23:00:00,P0015,Clothing,2689.97,2608.73,353,0.706,4,0,1,0,76,83,327
2023-01-07 00:00:00,P0090,Electronics,3314.48,3757.35,222,0.444,5,1,1,0,98,99,422
2023-01-07 01:00:00,P0042,Books,255.94,253.86,307,0.614,5,1,1,0,132,129,533
2023-01-07 02:00:00,P0124,Electronics,3621.31,3746.41,234,0.468,5,1,1,1,86,89,364
2023-01-07 03:00:00,P0179,Clothing,356.76,410.1,305,0.61,5,1,1,0,144,161,595
2023-01-07 04:00:00,P0063,Groceries,2368.03,2186.94,109,0.218,5,1,1,0,98,99,367
2023-01-07 05:00:00,P0096,Electronics,4146.97,4479.89,313,0.626,5,1,1,0,87,90,340
2023-01-07 06:00:00,P0052,Furniture,2283.52,2613.87,435,0.87,5,1,1,0,117,111,511
2023-01-07 07:00:00,P0096,Groceries,787.99,694.26,12,0.024,5,1,1,0,141,145,595
2023-01-07 08:00:00,P0132,Furniture,4925.92,4643.13,124,0.248,5,1,1,0,85,88,324
2023-01-07 09:00:00,P0151,Furniture,4451.96,5306.4,314,0.628,5,1,1,0,78,84,298
2023-01-07 10:00:00,P0143,Furniture,3868.0,4615.64,166,0.332,5,1,1,0,96,98,365
2023-01-07 11:00:00,P0171,Electronics,2086.98,1855.93,52,0.104,5,1,1,0,107,97,413
2023-01-07 12:00:00,P0029,Books,960.04,793.55,185,0.37,5,1,1,0,133,136,578
2023-01-07 13:00:00,P0036,Groceries,4709.99,4278.41,275,0.55,5,1,1,0,72,68,284
2023-01-07 14:00:00,P0013,Clothing,2685.14,2575.3,446,0.892,5,1,1,0,90,79,350
2023-01-07 15:00:00,P0160,Books,4269.16,4168.42,351,0.702,5,1,1,0,74,81,281
2023-01-07 16:00:00,P0071,Electronics,1743.37,1826.22,9,0.018,5,1,1,0,114,99,492
2023-01-07 17:00:00,P0187,Furniture,1709.68,1982.89,409,0.818,5,1,1,0,98,102,428
2023-01-07 18:00:00,P0086,Clothing,4928.43,4593.98,146,0.292,5,1,1,0,63,72,243
2023-01-07 19:00:00,P0028,Groceries,2633.07,3001.68,476,0.952,5,1,1,0,92,81,377
2023-01-07 20:00:00,P0066,Books,746.44,625.06,316,0.632,5,1,1,0,110,101,480
2023-01-07 21:00:00,P0170,Books,1137.39,928.96,332,0.664,5,1,1,0,97,105,388
2023-01-07 22:00:00,P0045,Clothing,2435.62,2439.56,117,0.234,5,1,1,0,99,87,394
2023-01-07 23:00:00,P0062,Electronics,260.23,214.39,417,0.834,5,1,1,0,121,133,487
2023-01-08 00:00:00,P0185,Groceries,2339.54,2238.93,339,0.678,6,1,1,0,82,70,297
2023-01-08 01:00:00,P0134,Clothing,2123.76,2460.82,427,0.854,6,1,1,0,97,108,372
2023-01-08 02:00:00,P0028,Furniture,3907.71,3503.63,487,0.974,6,1,1,0,89,77,370
2023-01-08 03:00:00,P0028,Groceries,1806.96,1955.84,17,0.034,6,1,1,0,112,126,490
2023-01-08 04:00:00,P0108,Books,4913.62,4525.18,376,0.752,6,1,1,0,84,93,341
2023-01-08 05:00:00,P0044,Clothing,944.81,772.82,225,0.45,6,1,1,0,131,133,492
2023-01-08 06:00:00,P0084,Books,2975.38,3042.85,111,0.222,6,1,1,0,105,114,414
2023-01-08 07:00:00,P0030,Books,494.01,560.18,71,0.142,6,1,1,0,129,113,515
2023-01-08 08:00:00,P0190,Books,3682.63,3549.27,143,0.286,6,1,1,0,93,83,346
2023-01-08 09:00:00,P0075,Electronics,4974.03,5207.4,103,0.206,6,1,1,1,84,81,325
2023-01-08 10:00:00,P0128,Books,4104.74,4761.54,214,0.428,6,1,1,0,103,104,407
2023-01-08 11:00:00,P0092,Furniture,2800.73,3125.27,479,0.958,6,1,1,0,94,104,358
2023-01-08 12:00:00,P0190,Furniture,2449.47,2149.53,76,0.152,6,1,1,0,124,126,482
2023-01-08 13:00:00,P0129,Groceries,4183.4,4573.94,25,0.05,6,1,1,0,80,84,306
2023-01-08 14:00:00,P0121,Books,4683.07,4686.62,229,0.458,6,1,1,0,75,79,307
2023-01-08 15:00:00,P0027,Books,4946.57,5433.25,192,0.384,6,1,1,1,78,87,317
2023-01-08 16:00:00,P0190,Clothing,2012.87,2008.45,449,0.898,6,1,1,0,112,121,453
2023-01-08 17:00:00,P0121,Electronics,4955.04,4217.65,102,0.204,6,1,1,0,66,75,243
2023-01-08 18:00:00,P0116,Groceries,821.83,844.81,204,0.408,6,1,1,0,156,134,585
2023-01-08 19:00:00,P0003,Books,1305.07,1300.96,410,0.82,6,1,1,0,107,98,395
2023-01-08 20:00:00,P0103,Clothing,490.63,494.15,259,0.518,6,1,1,0,135,152,493
2023-01-08 21:00:00,P0198,Electronics,1395.11,1606.55,232,0.464,6,1,1,0,113,123,429
2023-01-08 22:00:00,P0200,Groceries,3851.29,4459.54,50,0.1,6,1,1,0,86,80,323
2023-01-08 23:00:00,P0155,Groceries,4271.98,4192.58,467,0.934,6,1,1,0,90,103,376
2023-01-09 00:00:00,P0137,Books,3905.52,3836.36,130,0.26,0,0,1,1,77,86,320
2023-01-09 01:00:00,P0062,Groceries,3173.78,3193.06,342,0.684,0,0,1,0,74,64,278
2023-01-09 02:00:00,P0165,Clothing,2594.13,2614.46,65,0.13,0,0,1,0,97,106,362
2023-01-09 03:00:00,P0051,Groceries,3558.09,4199.1,399,0.798,0,0,1,0,79,86,294
2023-01-09 04:00:00,P0172,Furniture,1984.63,2103.23,201,0.402,0,0,1,0,97,89,374
2023-01-09 05:00:00,P0152,Clothing,4214.48,3839.32,283,0.566,0,0,1,0,75,79,288
2023-01-09 06:00:00,P0059,Electronics,3402.09,3445.01,299,0.598,0,0,1,0,82,94,297
2023-01-09 07:00:00,P0118,Electronics,3504.13,3682.45,145,0.29,0,0,1,1,92,97,373
2023-01-09 08:00:00,P0160,Books,2702.88,2853.99,257,0.514,0,0,1,0,86,94,371
2023-01-09 09:00:00,P0096,Books,4431.88,4583.01,461,0.922,0,0,1,0,61,54,246
2023-01-09 10:00:00,P0180,Furniture,1297.47,1130.22,427,0.854,0,0,1,0,99,106,361
2023-01-09 11:00:00,P0113,Electronics,1936.68,1575.37,403,0.806,0,0,1,0,66,60,269
2023-01-09 12:00:00,P0062,Electronics,3899.33,3646.41,311,0.622,0,0,1,0,78,68,311
2023-01-09 13:00:00,P0186,Electronics,2489.11,2416.95,375,0.75,0,0,1,0,97,99,420
2023-01-09 14:00:00,P0052,Electronics,4451.61,3671.34,103,0.206,0,0,1,0,80,86,311
2023-01-09 15:00:00,P0012,Groceries,1764.68,1987.01,150,0.3,0,0,1,0,82,83,345
2023-01-09 16:00:00,P0039,Clothing,1878.18,1761.04,117,0.234,0,0,1,0,112,127,407
2023-01-09 17:00:00,P0130,Clothing,4449.24,5185.38,315,0.63,0,0,1,0,65,69,272
2023-01-09 18:00:00,P0131,Furniture,2348.63,2023.96,198,0.396,0,0,1,1,93,82,338
2023-01-09 19:00:00,P0113,Groceries,2604.82,2143.18,428,0.856,0,0,1,0,92,104,357
2023-01-09 20:00:00,P0101,Electronics,1697.18,1685.17,302,0.604,0,0,1,0,88,79,384
2023-01-09 21:00:00,P0113,Electronics,1419.52,1243.01,333,0.666,0,0,1,0,96,103,400
2023-01-09 22:00:00,P0184,Books,3296.95,3873.78,420,0.84,0,0,1,0,66,59,286
2023-01-09 23:00:00,P0081,Books,643.21,517.22,391,0.782,0,0,1,0,97,112,388
2023-01-10 00:00:00,P0187,Furniture,4402.4,4248.53,497,0.994,1,0,1,0,57,54,233
2023-01-10 01:00:00,P0113,Electronics,3907.06,4573.99,388,0.776,1,0,1,0,75,75,301
2023-01-10 02:00:00,P0002,Furniture,994.2,948.24,278,0.556,1,0,1,0,86,85,343
2023-01-10 03:00:00,P0130,Groceries,3485.4,2918.13,104,0.208,1,0,1,0,83,73,337
2023-01-10 04:00:00,P0054,Clothing,3033.03,2793.9,9,0.018,1,0,1,0,85,85,309
2023-01-10 05:00:00,P0087,Electronics,963.45,962.68,112,0.224,1,0,1,0,99,89,371
2023-01-10 06:00:00,P0129,Groceries,1402.36,1225.75,26,0.052,1,0,1,0,117,128,441
2023-01-10 07:00:00,P0147,Electronics,2074.48,2046.73,98,0.196,1,0,1,0,86,98,336
2023-01-10 08:00:00,P0126,Books,3511.25,3983.64,256,0.512,1,0,1,0,75,82,296
2023-01-10 09:00:00,P0130,Furniture,3211.68,3690.37,326,0.652,1,0,1,0,81,79,340
2023-01-10 10:00:00,P0053,Books,2684.56,2200.55,494,0.988,1,0,1,0,84,71,314
2023-01-10 11:00:00,P0172,Clothing,3853.63,3330.93,370,0.74,1,0,1,0,60,52,243
2023-01-10 12:00:00,P0160,Books,3801.79,3460.07,135,0.27,1,0,1,0,78,78,298
2023-01-10 13:00:00,P0198,Electronics,3108.4,3226.35,394,0.788,1,0,1,0,84,89,337
2023-01-10 14:00:00,P0160,Books,3945.6,3726.22,225,0.45,1,0,1,0,89,98,365
2023-01-10 15:00:00,P0068,Electronics,1704.6,1939.18,126,0.252,1,0,1,0,100,103,407
2023-01-10 16:00:00,P0183,Clothing,4412.19,4794.59,115,0.23,1,0,1,0,64,73,241
2023-01-10 17:00:00,P0184,Books,3093.8,2599.36,411,0.822,1,0,1,0,78,78,325
2023-01-10 18:00:00,P0123,Furniture,4120.7,4326.01,289,0.578,1,0,1,0,69,71,284
2023-01-10 19:00:00,P0145,Furniture,2754.08,2327.76,170,0.34,1,0,1,0,91,84,395
2023-01-10 20:00:00,P0038,Furniture,1131.27,1020.42,211,0.422,1,0,1,0,120,114,493
2023-01-10 21:00:00,P0024,Books,2734.93,2382.53,411,0.822,1,0,1,0,71,75,297
2023-01-10 22:00:00,P0069,Books,1887.0,1640.23,432,0.864,1,0,1,0,97,100,412
2023-01-10 23:00:00,P0116,Books,3502.62,3665.7,188,0.376,1,0,1,0,88,85,324
2023-01-11 00:00:00,P0098,Electronics,2405.18,2466.37,489,0.978,2,0,1,0,86,76,358
2023-01-11 01:00:00,P0198,Clothing,4188.76,3645.94,420,0.84,2,0,1,0,70,67,270
2023-01-11 02:00:00,P0139,Furniture,3406.46,4074.36,386,0.772,2,0,1,0,92,79,392
2023-01-11 03:00:00,P0144,Electronics,3438.49,3330.98,264,0.528,2,0,1,0,90,92,359
2023-01-11 04:00:00,P0097,Furniture,1124.92,943.61,499,0.998,2,0,1,0,86,81,350
2023-01-11 05:00:00,P0124,Electronics,4922.04,4175.01,213,0.426,2,0,1,0,68,66,259
2023-01-11 06:00:00,P0187,Books,4216.29,4357.78,88,0.176,2,0,1,0,69,71,284
2023-01-11 07:00:00,P0070,Furniture,3955.57,4713.57,129,0.258,2,0,1,0,89,91,323
2023-01-11 08:00:00,P0093,Books,1684.57,1733.05,22,0.044,2,0,1,0,104,107,437
2023-01-11 09:00:00,P0003,Furniture,2701.38,3186.59,178,0.356,2,0,1,0,71,71,265
2023-01-11 10:00:00,P0148,Groceries,728.66,712.38,400,0.8,2,0,1,0,74,74,280
2023-01-11 11:00:00,P0187,Electronics,2715.46,2645.77,408,0.816,2,0,1,0,77,84,277
2023-01-11 12:00:00,P0164,Groceries,772.15,772.15,459,0.918,2,0,1,0,87,86,335
2023-01-11 13:00:00,P0147,Electronics,2787.54,3007.67,410,0.82,2,0,1,0,77,78,301
2023-01-11 14:00:00,P0090,Clothing,3261.17,3088.48,19,0.038,2,0,1,0,86,99,326
2023-01-11 15:00:00,P0195,Furniture,1981.47,2269.88,328,0.656,2,0,1,0,102,92,386
2023-01-11 16:00:00,P0147,Clothing,2517.8,2043.73,470,0.94,2,0,1,0,92,98,397
2023-01-11 17:00:00,P0148,Clothing,4384.48,4278.84,419,0.838,2,0,1,0,82,81,317
2023-01-11 18:00:00,P0096,Electronics,587.39,589.97,411,0.822,2,0,1,0,116,128,485
2023-01-11 19:00:00,P0199,Groceries,3969.08,4139.01,241,0.482,2,0,1,0,80,78,303
2023-01-11 20:00:00,P0052,Books,895.24,815.05,239,0.478,2,0,1,0,88,83,374
2023-01-11 21:00:00,P0161,Electronics,231.7,224.98,28,0.056,2,0,1,0,126,115,522
2023-01-11 22:00:00,P0168,Books,968.59,962.6,244,0.488,2,0,1,0,86,96,362
2023-01-11 23:00:00,P0128,Clothing,3836.96,4123.83,119,0.238,2,0,1,0,83,88,328
2023-01-12 00:00:00,P0039,Books,2055.37,2280.26,425,0.85,3,0,1,0,73,64,314
2023-01-12 01:00:00,P0082,Groceries,4368.98,4784.61,313,0.626,3,0,1,0,83,88,324
2023-01-12 02:00:00,P0104,Electronics,2647.3,2479.55,373,0.746,3,0,1,0,86,74,351
2023-01-12 03:00:00,P0129,Groceries,160.14,192.13,31,0.062,3,0,1,0,115,104,473
2023-01-12 04:00:00,P0011,Groceries,3597.73,4099.49,139,0.278,3,0,1,0,78,80,340
2023-01-12 05:00:00,P0185,Electronics,595.65,538.47,157,0.314,3,0,1,1,108,107,400
2023-01-12 06:00:00,P0178,Groceries,3957.43,3474.79,59,0.118,3,0,1,0,75,83,278
2023-01-12 07:00:00,P0151,Furniture,882.11,816.49,138,0.276,3,0,1,0,103,106,409
2023-01-12 08:00:00,P0159,Furniture,1759.96,1726.41,356,0.712,3,0,1,0,73,83,316
2023-01-12 09:00:00,P0042,Furniture,3818.29,4354.07,211,0.422,3,0,1,0,70,77,253
2023-01-12 10:00:00,P0099,Books,4773.45,5304.95,138,0.276,3,0,1,0,63,60,241
2023-01-12 11:00:00,P0007,Groceries,1888.6,2153.95,367,0.734,3,0,1,0,94,103,360
2023-01-12 12:00:00,P0144,Electronics,4155.53,3776.47,110,0.22,3,0,1,0,77,86,296
2023-01-12 13:00:00,P0090,Electronics,994.42,1031.6,485,0.97,3,0,1,1,101,115,366
2023-01-12 14:00:00,P0112,Books,4045.54,3694.79,492,0.984,3,0,1,1,65,55,277
2023-01-12 15:00:00,P0060,Electronics,3304.6,2787.79,335,0.67,3,0,1,0,79,88,285
2023-01-12 16:00:00,P0113,Furniture,1004.08,1078.06,250,0.5,3,0,1,0,81,71,323
2023-01-12 17:00:00,P0002,Groceries,1547.39,1326.42,98,0.196,3,0,1,0,111,112,405
2023-01-12 18:00:00,P0129,Electronics,702.27,749.38,177,0.354,3,0,1,0,120,117,509
2023-01-12 19:00:00,P0048,Electronics,1945.69,2060.85,0,0.0,3,0,1,0,108,122,453
2023-01-12 20:00:00,P0140,Clothing,1058.06,1189.36,88,0.176,3,0,1,0,97,94,405
2023-01-12 21:00:00,P0197,Clothing,3237.79,2770.97,112,0.224,3,0,1,0,90,93,377
2023-01-12 22:00:00,P0037,Clothing,4972.8,5536.68,282,0.564,3,0,1,0,67,71,292
2023-01-12 23:00:00,P0160,Groceries,109.45,131.31,115,0.23,3,0,1,0,92,79,362
2023-01-13 00:00:00,P0009,Furniture,2727.55,3110.54,31,0.062,4,0,1,0,104,107,446
2023-01-13 01:00:00,P0099,Furniture,2889.65,3180.71,261,0.522,4,0,1,0,75,75,281
2023-01-13 02:00:00,P0147,Furniture,4575.33,4872.11,40,0.08,4,0,1,0,79,81,313
2023-01-13 03:00:00,P0048,Groceries,2554.73,2474.8,419,0.838,4,0,1,0,82,72,296
2023-01-13 04:00:00,P0131,Groceries,2741.32,2994.07,166,0.332,4,0,1,0,100,87,383
2023-01-13 05:00:00,P0148,Clothing,2384.68,2598.52,342,0.684,4,0,1,0,79,71,313
2023-01-13 06:00:00,P0152,Electronics,1381.08,1453.72,220,0.44,4,0,1,0,94,104,407
2023-01-13 07:00:00,P0054,Books,327.34,366.13,413,0.826,4,0,1,1,108,103,416
2023-01-13 08:00:00,P0120,Books,2072.86,2030.38,213,0.426,4,0,1,0,87,85,360
2023-01-13 09:00:00,P0161,Electronics,310.33,263.32,312,0.624,4,0,1,0,120,116,512
2023-01-13 10:00:00,P0152,Clothing,2774.94,2840.5,394,0.788,4,0,1,0,75,80,290
2023-01-13 11:00:00,P0116,Electronics,1571.1,1423.44,345,0.69,4,0,1,0,98,91,366
2023-01-13 12:00:00,P0075,Electronics,2691.33,2566.92,470,0.94,4,0,1,0,79,69,322
2023-01-13 13:00:00,P0113,Books,714.77,576.8,130,0.26,4,0,1,0,101,97,387
2023-01-13 14:00:00,P0200,Clothing,4666.52,4447.74,47,0.094,4,0,1,0,84,90,346
2023-01-13 15:00:00,P0164,Groceries,4477.88,5030.99,133,0.266,4,0,1,1,66,74,245
2023-01-13 16:00:00,P0166,Books,990.48,1007.41,6,0.012,4,0,1,0,116,100,432
2023-01-13 17:00:00,P0104,Groceries,1750.05,1406.9,43,0.086,4,0,1,0,76,83,315
2023-01-13 18:00:00,P0084,Clothing,3086.79,3049.56,486,0.972,4,0,1,0,78,68,342
2023-01-13 19:00:00,P0112,Electronics,523.65,479.97,316,0.632,4,0,1,0,115,109,437
2023-01-13 20:00:00,P0099,Furniture,1805.11,1788.9,437,0.874,4,0,1,0,86,74,359
2023-01-13 21:00:00,P0153,Furniture,1293.01,1243.72,434,0.868,4,0,1,0,94,106,378
2023-01-13 22:00:00,P0093,Clothing,4581.81,5373.51,85,0.17,4,0,1,0,86,91,368
2023-01-13 23:00:00,P0146,Furniture,4269.93,3486.27,47,0.094,4,0,1,0,86,83,336
2023-01-14 00:00:00,P0128,Groceries,2920.17,3134.61,497,0.994,5,1,1,1,69,66,302
2023-01-14 01:00:00,P0110,Furniture,2625.71,2994.39,489,0.978,5,1,1,0,86,90,315
2023-01-14 02:00:00,P0082,Clothing,4657.09,5512.58,316,0.632,5,1,1,0,75,66,329
2023-01-14 03:00:00,P0194,Clothing,4665.52,4063.92,352,0.704,5,1,1,0,79,71,338
2023-01-14 04:00:00,P0054,Groceries,4848.18,4908.89,423,0.846,5,1,1,0,72,80,309
2023-01-14 05:00:00,P0163,Furniture,670.63,548.2,386,0.772,5,1,1,0,108,98,462
2023-01-14 06:00:00,P0189,Furniture,844.76,844.48,413,0.826,5,1,1,0,104,111,446
2023-01-14 07:00:00,P0169,Electronics,3399.85,2890.5,239,0.478,5,1,1,0,79,73,336
2023-01-14 08:00:00,P0161,Books,2730.1,3099.1,151,0.302,5,1,1,0,92,81,397
2023-01-14 09:00:00,P0068,Clothing,141.41,119.57,450,0.9,5,1,1,0,126,141,500
2023-01-14 10:00:00,P0033,Electronics,356.78,358.68,257,0.514,5,1,1,0,110,123,479
2023-01-14 11:00:00,P0142,Clothing,4446.0,4483.52,43,0.086,5,1,1,0,81,84,317
2023-01-14 12:00:00,P0021,Electronics,4350.91,5171.75,167,0.334,5,1,1,0,73,72,305
2023-01-14 13:00:00,P0048,Books,1818.49,1931.22,274,0.548,5,1,1,0,111,113,463
2023-01-14 14:00:00,P0148,Electronics,4460.7,4082.15,190,0.38,5,1,1,0,91,88,387
2023-01-14 15:00:00,P0128,Clothing,2988.69,2678.82,151,0.302,5,1,1,0,111,120,465
2023-01-14 16:00:00,P0136,Furniture,4039.23,3438.59,49,0.098,5,1,1,0,88,95,319
2023-01-14 17:00:00,P0135,Clothing,2165.78,2388.0,275,0.55,5,1,1,0,103,113,432
2023-01-14 18:00:00,P0195,Groceries,611.32,657.97,312,0.624,5,1,1,0,118,119,427
2023-01-14 19:00:00,P0145,Groceries,2196.95,2293.51,494,0.988,5,1,1,0,91,99,366
2023-01-14 20:00:00,P0128,Groceries,2313.63,1888.7,368,0.736,5,1,1,0,102,91,436
2023-01-14 21:00:00,P0033,Groceries,2777.17,3069.14,305,0.61,5,1,1,0,107,92,456
2023-01-14 22:00:00,P0176,Books,572.63,605.13,94,0.188,5,1,1,0,140,146,598
2023-01-14 23:00:00,P0187,Furniture,4957.44,5877.32,241,0.482,5,1,1,0,75,66,306
2023-01-15 00:00:00,P0115,Furniture,1258.48,1302.38,104,0.208,6,1,1,0,113,115,423
2023-01-15 01:00:00,P0119,Clothing,1032.83,951.84,441,0.882,6,1,1,0,96,102,385
2023-01-15 02:00:00,P0022,Electronics,2657.67,2531.72,414,0.828,6,1,1,0,77,75,309
2023-01-15 03:00:00,P0158,Clothing,2709.18,2357.9,420,0.84,6,1,1,0,98,85,378
2023-01-15 04:00:00,P0038,Clothing,2227.11,2425.69,362,0.724,6,1,1,0,100,112,394
2023-01-15 05:00:00,P0109,Clothing,3870.87,4192.5,348,0.696,6,1,1,0,84,72,361
2023-01-15 06:00:00,P0051,Clothing,2607.44,2295.23,259,0.518,6,1,1,1,124,139,498
2023-01-15 07:00:00,P0182,Furniture,3067.99,2648.89,441,0.882,6,1,1,0,103,89,429
2023-01-15 08:00:00,P0008,Electronics,3632.54,3017.92,137,0.274,6,1,1,0,94,101,376
2023-01-15 09:00:00,P0027,Clothing,173.87,202.52,318,0.636,6,1,1,0,124,140,508
2023-01-15 10:00:00,P0027,Furniture,2874.69,2567.75,419,0.838,6,1,1,1,81,91,298
2023-01-15 11:00:00,P0021,Clothing,4426.76,4150.82,182,0.364,6,1,1,0,89,100,387
2023-01-15 12:00:00,P0030,Groceries,136.07,124.12,482,0.964,6,1,1,0,117,130,462
2023-01-15 13:00:00,P0097,Clothing,2055.65,1984.63,56,0.112,6,1,1,0,103,103,432
2023-01-15 14:00:00,P0028,Clothing,4634.83,5031.66,239,0.478,6,1,1,0,82,83,339
2023-01-15 15:00:00,P0111,Books,1798.11,2064.66,468,0.936,6,1,1,0,110,114,466
2023-01-15 16:00:00,P0192,Groceries,2320.71,2026.07,426,0.852,6,1,1,0,116,130,421
2023-01-15 17:00:00,P0197,Electronics,4908.63,5274.64,104,0.208,6,1,1,0,69,76,300
2023-01-15 18:00:00,P0061,Clothing,1036.65,975.51,64,0.128,6,1,1,0,110,119,469
2023-01-15 19:00:00,P0048,Electronics,373.01,444.71,489,0.978,6,1,1,0,111,117,474
2023-01-15 20:00:00,P0147,Groceries,4304.14,3957.95,139,0.278,6,1,1,0,88,91,350
2023-01-15 21:00:00,P0004,Clothing,4348.9,3491.63,61,0.122,6,1,1,0,103,116,436
2023-01-15 22:00:00,P0035,Books,2386.79,2401.72,151,0.302,6,1,1,0,119,108,483
2023-01-15 23:00:00,P0192,Furniture,2595.33,2232.74,129,0.258,6,1,1,0,83,75,332
2023-01-16 00:00:00,P0049,Books,4187.24,3424.32,430,0.86,0,0,1,0,65,74,275
2023-01-16 01:00:00,P0017,Books,3705.87,3999.77,125,0.25,0,0,1,0,69,70,283
2023-01-16 02:00:00,P0172,Furniture,1362.49,1489.07,439,0.878,0,0,1,0,79,79,289
2023-01-16 03:00:00,P0158,Furniture,133.62,131.52,211,0.422,0,0,1,0,117,129,451
2023-01-16 04:00:00,P0046,Furniture,2424.52,2596.06,399,0.798,0,0,1,0,85,94,348
2023-01-16 05:00:00,P0117,Clothing,4301.62,4367.42,161,0.322,0,0,1,0,87,79,376
2023-01-16 06:00:00,P0006,Electronics,4484.38,4717.21,204,0.408,0,0,1,1,62,56,269
2023-01-16 07:00:00,P0099,Electronics,4783.32,4968.35,401,0.802,0,0,1,1,64,70,273
2023-01-16 08:00:00,P0124,Furniture,4403.84,4695.94,28,0.056,0,0,1,0,73,79,278
2023-01-16 09:00:00,P0037,Books,2921.22,2570.24,181,0.362,0,0,1,0,100,92,398
2023-01-16 10:00:00,P0024,Groceries,2250.8,2042.56,50,0.1,0,0,1,0,88,97,347
2023-01-16 11:00:00,P0093,Furniture,3885.51,3792.2,234,0.468,0,0,1,0,78,78,308
2023-01-16 12:00:00,P0046,Books,3712.12,3632.13,13,0.026,0,0,1,0,72,71,262
2023-01-16 13:00:00,P0181,Books,2713.81,3011.69,349,0.698,0,0,1,0,95,109,355
2023-01-16 14:00:00,P0095,Clothing,482.27,456.69,57,0.114,0,0,1,0,134,135,499
2023-01-16 15:00:00,P0099,Clothing,4634.1,4008.51,418,0.836,0,0,1,0,60,53,246
2023-01-16 16:00:00,P0188,Electronics,2305.23,2076.06,136,0.272,0,0,1,0,86,80,338
2023-01-16 17:00:00,P0116,Electronics,1848.5,1637.57,127,0.254,0,0,1,0,101,96,390
2023-01-16 18:00:00,P0191,Groceries,3166.36,3459.77,36,0.072,0,0,1,0,81,92,320
2023-01-16 19:00:00,P0160,Groceries,3385.5,3345.33,493,0.986,0,0,1,0,82,76,316
2023-01-16 20:00:00,P0161,Groceries,1092.91,1184.12,358,0.716,0,0,1,0,101,99,425
2023-01-16 21:00:00,P0067,Groceries,4192.85,4052.34,267,0.534,0,0,1,0,82,88,306
2023-01-16 22:00:00,P0128,Books,1485.19,1716.72,84,0.168,0,0,1,0,92,86,335
2023-01-16 23:00:00,P0018,Books,974.09,1162.49,209,0.418,0,0,1,0,89,94,367
2023-01-17 00:00:00,P0025,Electronics,2061.68,2201.74,138,0.276,1,0,1,0,99,90,375
2023-01-17 01:00:00,P0054,Clothing,3666.27,4199.8,26,0.052,1,0,1,0,98,90,403
2023-01-17 02:00:00,P0058,Clothing,4829.02,4844.34,343,0.686,1,0,1,0,59,68,215
2023-01-17 03:00:00,P0067,Furniture,4055.94,4761.06,232,0.464,1,0,1,0,78,75,296
2023-01-17 04:00:00,P0104,Books,4704.72,5328.73,170,0.34,1,0,1,0,66,71,246
2023-01-17 05:00:00,P0174,Groceries,746.0,892.75,177,0.354,1,0,1,0,117,129,448
2023-01-17 06:00:00,P0024,Groceries,402.33,422.14,353,0.706,1,0,1,0,93,89,359
2023-01-17 07:00:00,P0114,Furniture,2810.64,3124.54,19,0.038,1,0,1,0,95,91,380
2023-01-17 08:00:00,P0032,Clothing,1486.97,1512.47,396,0.792,1,0,1,0,102,110,410
2023-01-17 09:00:00,P0175,Groceries,4148.87,3749.12,302,0.604,1,0,1,0,62,64,254
2023-01-17 10:00:00,P0086,Clothing,3376.34,3180.18,263,0.526,1,0,1,0,85,81,329
2023-01-17 11:00:00,P0151,Furniture,4855.1,5620.27,484,0.968,1,0,1,0,59,63,238
2023-01-17 12:00:00,P0194,Clothing,1311.22,1078.32,196,0.392,1,0,1,0,109,121,479
2023-01-17 13:00:00,P0127,Clothing,2454.63,2544.45,326,0.652,1,0,1,0,89,82,335
2023-01-17 14:00:00,P0155,Clothing,2531.14,2402.04,63,0.126,1,0,1,1,90,77,335
2023-01-17 15:00:00,P0130,Groceries,1233.93,1178.0,43,0.086,1,0,1,1,106,99,453
2023-01-17 16:00:00,P0017,Electronics,2970.96,3427.98,243,0.486,1,0,1,0,69,73,271
2023-01-17 17:00:00,P0104,Books,2244.27,2561.9,11,0.022,1,0,1,0,107,120,458
2023-01-17 18:00:00,P0161,Clothing,2261.27,2350.67,360,0.72,1,0,1,0,103,114,406
2023-01-17 19:00:00,P0137,Clothing,1845.55,1677.91,259,0.518,1,0,1,0,88,81,318
2023-01-17 20:00:00,P0043,Clothing,133.8,132.49,295,0.59,1,0,1,0,107,119,417
2023-01-17 21:00:00,P0176,Electronics,2634.37,2537.73,402,0.804,1,0,1,0,95,104,388
2023-01-17 22:00:00,P0039,Furniture,1709.48,1609.39,437,0.874,1,0,1,0,73,78,289
2023-01-17 23:00:00,P0170,Groceries,56.53,47.55,256,0.512,1,0,1,0,115,121,456
2023-01-18 00:00:00,P0026,Electronics,1574.32,1601.47,374,0.748,2,0,1,0,107,117,471
2023-01-18 01:00:00,P0099,Clothing,1429.21,1315.92,234,0.468,2,0,1,0,92,102,371
2023-01-18 02:00:00,P0050,Electronics,1997.57,2126.06,246,0.492,2,0,1,0,88,96,366
2023-01-18 03:00:00,P0153,Electronics,702.67,651.85,140,0.28,2,0,1,0,122,108,510
2023-01-18 04:00:00,P0152,Electronics,2563.03,2492.46,305,0.61,2,0,1,0,76,81,274
2023-01-18 05:00:00,P0013,Furniture,3477.58,2854.9,180,0.36,2,0,1,0,88,97,356
2023-01-18 06:00:00,P0060,Books,3169.42,3793.84,499,0.998,2,0,1,0,77,70,337
2023-01-18 07:00:00,P0135,Groceries,4028.59,4040.85,425,0.85,2,0,1,1,78,71,328
2023-01-18 08:00:00,P0057,Furniture,2287.44,1852.13,364,0.728,2,0,1,0,85,92,329
2023-01-18 09:00:00,P0036,Furniture,2619.5,2662.7,152,0.304,2,0,1,0,104,99,405
2023-01-18 10:00:00,P0173,Books,4061.49,4663.17,43,0.086,2,0,1,0,77,75,296
2023-01-18 11:00:00,P0020,Furniture,2167.12,2403.38,108,0.216,2,0,1,0,82,79,337
2023-01-18 12:00:00,P0065,Electronics,3522.92,3806.03,97,0.194,2,0,1,0,71,65,261
2023-01-18 13:00:00,P0008,Electronics,2201.28,1883.82,226,0.452,2,0,1,0,81,92,310
2023-01-18 14:00:00,P0144,Clothing,2117.79,2251.41,444,0.888,2,0,1,0,91,99,364
2023-01-18 15:00:00,P0142,Furniture,3813.02,4219.18,80,0.16,2,0,1,0,75,69,302
2023-01-18 16:00:00,P0115,Clothing,915.44,941.96,217,0.434,2,0,1,0,103,91,421
2023-01-18 17:00:00,P0143,Groceries,1726.0,1997.15,148,0.296,2,0,1,0,99,95,420
2023-01-18 18:00:00,P0092,Electronics,1159.65,1056.2,434,0.868,2,0,1,0,86,84,321
2023-01-18 19:00:00,P0098,Groceries,1827.59,1639.09,75,0.15,2,0,1,0,101,86,382
2023-01-18 20:00:00,P0066,Books,1190.36,1366.33,79,0.158,2,0,1,0,116,129,499
2023-01-18 21:00:00,P0032,Electronics,2918.06,3064.43,51,0.102,2,0,1,0,91,101,388
2023-01-18 22:00:00,P0191,Groceries,4000.95,3203.08,62,0.124,2,0,1,0,87,96,370
2023-01-18 23:00:00,P0086,Books,3943.73,3712.05,83,0.166,2,0,1,0,77,84,290
2023-01-19 00:00:00,P0051,Groceries,1854.28,2119.71,437,0.874,3,0,1,0,90,96,328
2023-01-19 01:00:00,P0153,Books,4944.36,4009.52,393,0.786,3,0,1,0,64,67,257
2023-01-19 02:00:00,P0186,Books,2989.58,2395.55,342,0.684,3,0,1,0,90,102,387
2023-01-19 03:00:00,P0063,Electronics,2027.03,1849.67,366,0.732,3,0,1,0,92,98,349
2023-01-19 04:00:00,P0190,Clothing,4185.92,4879.11,477,0.954,3,0,1,0,63,65,272
2023-01-19 05:00:00,P0125,Books,3662.88,4251.11,254,0.508,3,0,1,0,81,88,301
2023-01-19 06:00:00,P0150,Books,3758.91,3787.12,58,0.116,3,0,1,0,74,68,284
2023-01-19 07:00:00,P0058,Electronics,1020.89,1042.63,7,0.014,3,0,1,0,114,130,438
2023-01-19 08:00:00,P0058,Clothing,2368.21,2209.07,306,0.612,3,0,1,0,87,74,324
2023-01-19 09:00:00,P0086,Furniture,4316.05,3873.63,388,0.776,3,0,1,0,69,72,297
2023-01-19 10:00:00,P0049,Furniture,2544.99,2865.88,75,0.15,3,0,1,0,93,81,365
2023-01-19 11:00:00,P0180,Clothing,3433.09,2892.44,425,0.85,3,0,1,0,70,77,263
2023-01-19 12:00:00,P0170,Groceries,2960.27,2945.3,77,0.154,3,0,1,0,83,95,309
2023-01-19 13:00:00,P0070,Electronics,4219.67,4446.51,123,0.246,3,0,1,1,84,82,331
2023-01-19 14:00:00,P0015,Clothing,1458.58,1227.35,11,0.022,3,0,1,0,125,138,452
2023-01-19 15:00:00,P0054,Furniture,2898.6,2921.33,279,0.558,3,0,1,0,86,82,318
2023-01-19 16:00:00,P0188,Books,660.01,680.48,44,0.088,3,0,1,0,112,101,404
2023-01-19 17:00:00,P0101,Furniture,3466.54,3802.79,52,0.104,3,0,1,0,75,70,271
2023-01-19 18:00:00,P0008,Books,3673.24,3283.64,180,0.36,3,0,1,0,66,62,290
2023-01-19 19:00:00,P0053,Electronics,262.04,240.38,400,0.8,3,0,1,0,85,88,337
2023-01-19 20:00:00,P0060,Books,3395.17,3489.58,448,0.896,3,0,1,0,78,85,326
2023-01-19 21:00:00,P0108,Clothing,2102.72,2509.07,373,0.746,3,0,1,0,72,66,302
2023-01-19 22:00:00,P0005,Books,664.28,589.21,233,0.466,3,0,1,0,112,98,482
2023-01-19 23:00:00,P0103,Groceries,2128.54,2542.25,185,0.37,3,0,1,1,83,76,306
2023-01-20 00:00:00,P0196,Clothing,1011.45,1098.17,292,0.584,4,0,1,1,101,95,406
2023-01-20 01:00:00,P0006,Electronics,2107.02,2381.84,74,0.148,4,0,1,0,93,87,359
2023-01-20 02:00:00,P0109,Clothing,1952.48,1631.99,425,0.85,4,0,1,0,78,71,315
2023-01-20 03:00:00,P0116,Groceries,3705.04,3409.26,197,0.394,4,0,1,0,68,67,263
2023-01-20 04:00:00,P0094,Electronics,3882.37,3195.56,78,0.156,4,0,1,0,67,74,251
2023-01-20 05:00:00,P0047,Furniture,3054.79,2897.83,232,0.464,4,0,1,0,75,66,310
2023-01-20 06:00:00,P0099,Groceries,162.3,193.55,167,0.334,4,0,1,0,137,152,497
2023-01-20 07:00:00,P0055,Electronics,4658.56,3923.02,22,0.044,4,0,1,0,84,84,363
2023-01-20 08:00:00,P0168,Books,3446.85,3532.85,406,0.812,4,0,1,0,77,81,286
2023-01-20 09:00:00,P0052,Clothing,219.27,175.95,485,0.97,4,0,1,0,95,104,389
2023-01-20 10:00:00,P0144,Electronics,4103.22,4452.29,229,0.458,4,0,1,0,70,66,294
2023-01-20 11:00:00,P0013,Clothing,1041.32,915.19,304,0.608,4,0,1,0,100,114,366
2023-01-20 12:00:00,P0114,Books,2917.14,2484.92,383,0.766,4,0,1,0,76,67,329
2023-01-20 13:00:00,P0124,Electronics,2359.84,2206.0,459,0.918,4,0,1,0,78,79,303
2023-01-20 14:00:00,P0106,Furniture,2128.2,2358.93,134,0.268,4,0,1,0,100,93,440
2023-01-20 15:00:00,P0158,Groceries,4454.08,3753.21,292,0.584,4,0,1,0,63,61,230
2023-01-20 16:00:00,P0147,Electronics,2214.94,1975.58,399,0.798,4,0,1,0,64,63,267
2023-01-20 17:00:00,P0145,Books,422.95,339.79,37,0.074,4,0,1,0,108,121,403
2023-01-20 18:00:00,P0120,Electronics,4735.86,5623.2,231,0.462,4,0,1,0,79,78,310
2023-01-20 19:00:00,P0063,Clothing,4606.65,4776.44,354,0.708,4,0,1,0,56,59,221
2023-01-20 20:00:00,P0019,Electronics,3437.94,3740.34,167,0.334,4,0,1,0,72,82,283
2023-01-20 21:00:00,P0092,Furniture,2366.07,2509.34,284,0.568,4,0,1,0,82,82,317
2023-01-20 22:00:00,P0058,Electronics,509.65,437.15,102,0.204,4,0,1,0,93,90,392
2023-01-20 23:00:00,P0183,Groceries,3964.2,4114.74,144,0.288,4,0,1,0,90,103,383
2023-01-21 00:00:00,P0090,Electronics,423.62,361.16,242,0.484,5,1,1,0,124,136,480
2023-01-21 01:00:00,P0117,Clothing,389.57,374.18,473,0.946,5,1,1,0,93,105,371
2023-01-21 02:00:00,P0062,Electronics,2710.05,2784.81,147,0.294,5,1,1,0,101,98,398
2023-01-21 03:00:00,P0023,Furniture,842.63,862.48,365,0.73,5,1,1,0,113,120,460
2023-01-21 04:00:00,P0127,Books,88.26,74.81,152,0.304,5,1,1,0,127,117,472
2023-01-21 05:00:00,P0137,Electronics,2144.41,1745.07,315,0.63,5,1,1,0,101,112,429
2023-01-21 06:00:00,P0140,Electronics,729.23,816.22,421,0.842,5,1,1,0,110,124,466
2023-01-21 07:00:00,P0129,Groceries,844.55,920.87,318,0.636,5,1,1,0,119,111,485
2023-01-21 08:00:00,P0058,Furniture,430.71,358.66,294,0.588,5,1,1,1,125,110,525
2023-01-21 09:00:00,P0122,Books,1065.21,906.46,125,0.25,5,1,1,0,103,94,452
2023-01-21 10:00:00,P0001,Clothing,3591.65,4155.66,191,0.382,5,1,1,0,93,97,403
2023-01-21 11:00:00,P0034,Electronics,4054.19,4490.63,484,0.968,5,1,1,0,80,75,327
2023-01-21 12:00:00,P0096,Books,2290.04,2744.53,82,0.164,5,1,1,0,103,107,413
2023-01-21 13:00:00,P0126,Clothing,2557.44,2305.78,20,0.04,5,1,1,0,128,122,516
2023-01-21 14:00:00,P0118,Furniture,211.64,210.61,287,0.574,5,1,1,0,122,137,485
2023-01-21 15:00:00,P0048,Furniture,393.12,351.68,283,0.566,5,1,1,0,127,125,506
2023-01-21 16:00:00,P0089,Books,1324.96,1390.04,358,0.716,5,1,1,0,104,104,435
2023-01-21 17:00:00,P0117,Clothing,2742.3,2320.44,488,0.976,5,1,1,0,87,83,382
2023-01-21 18:00:00,P0129,Furniture,3710.78,3157.49,267,0.534,5,1,1,0,91,79,331
2023-01-21 19:00:00,P0016,Books,3044.77,2523.37,120,0.24,5,1,1,0,86,86,325
2023-01-21 20:00:00,P0189,Furniture,1991.03,2145.2,110,0.22,5,1,1,0,120,130,452
2023-01-21 21:00:00,P0192,Furniture,635.7,634.19,78,0.156,5,1,1,0,112,127,478
2023-01-21 22:00:00,P0191,Furniture,3914.83,4099.19,347,0.694,5,1,1,0,91,79,358
2023-01-21 23:00:00,P0069,Groceries,1850.74,2131.54,375,0.75,5,1,1,0,100,109,402
2023-01-22 00:00:00,P0022,Clothing,3693.47,4048.53,84,0.168,6,1,1,1,114,106,453
2023-01-22 01:00:00,P0093,Books,2589.25,2549.61,79,0.158,6,1,1,0,117,128,501
2023-01-22 02:00:00,P0195,Books,3706.38,4424.46,150,0.3,6,1,1,0,101,96,404
2023-01-22 03:00:00,P0076,Clothing,4541.08,4461.62,243,0.486,6,1,1,0,82,73,339
2023-01-22 04:00:00,P0154,Clothing,4609.1,3894.6,217,0.434,6,1,1,0,89,92,322
2023-01-22 05:00:00,P0144,Clothing,2698.78,3230.61,14,0.028,6,1,1,0,116,130,478
2023-01-22 06:00:00,P0179,Clothing,2581.97,2089.14,100,0.2,6,1,1,0,85,77,322
2023-01-22 07:00:00,P0086,Electronics,1365.11,1392.35,267,0.534,6,1,1,0,102,87,438
2023-01-22 08:00:00,P0185,Books,4682.21,4324.67,387,0.774,6,1,1,1,68,76,286
2023-01-22 09:00:00,P0029,Electronics,2316.7,2319.99,34,0.068,6,1,1,0,103,109,380
2023-01-22 10:00:00,P0069,Furniture,681.58,697.59,350,0.7,6,1,1,0,112,122,412
2023-01-22 11:00:00,P0047,Furniture,2191.89,1964.02,444,0.888,6,1,1,0,102,89,391
2023-01-22 12:00:00,P0094,Books,678.91,694.35,282,0.564,6,1,1,0,132,147,488
2023-01-22 13:00:00,P0190,Furniture,2537.53,2797.44,124,0.248,6,1,1,0,112,109,470
2023-01-22 14:00:00,P0197,Clothing,2828.31,2564.16,223,0.446,6,1,1,0,111,124,487
2023-01-22 15:00:00,P0144,Electronics,1721.89,1641.6,160,0.32,6,1,1,1,101,88,417
2023-01-22 16:00:00,P0176,Clothing,404.67,367.16,12,0.024,6,1,1,0,126,141,479
2023-01-22 17:00:00,P0085,Furniture,4720.34,5325.6,164,0.328,6,1,1,0,79,83,320
2023-01-22 18:00:00,P0039,Electronics,3878.1,4227.1,427,0.854,6,1,1,0,76,77,323
2023-01-22 19:00:00,P0100,Clothing,4202.46,4826.44,257,0.514,6,1,1,0,74,64,323
2023-01-22 20:00:00,P0033,Books,1866.0,1619.73,421,0.842,6,1,1,0,105,111,378
2023-01-22 21:00:00,P0101,Clothing,3816.11,3165.2,292,0.584,6,1,1,0,80,82,322
2023-01-22 22:00:00,P0023,Furniture,2452.6,2079.2,442,0.884,6,1,1,0,102,109,404
2023-01-22 23:00:00,P0010,Electronics,1045.36,903.62,113,0.226,6,1,1,0,107,114,421
2023-01-23 00:00:00,P0069,Books,665.9,674.71,119,0.238,0,0,1,0,119,117,476
2023-01-23 01:00:00,P0100,Electronics,1758.0,2089.15,68,0.136,0,0,1,0,103,94,404
2023-01-23 02:00:00,P0034,Books,730.88,689.14,273,0.546,0,0,1,0,105,118,407
2023-01-23 03:00:00,P0180,Electronics,4991.43,5906.87,47,0.094,0,0,1,0,73,82,270
2023-01-23 04:00:00,P0138,Furniture,293.49,239.28,336,0.672,0,0,1,0,103,94,412
2023-01-23 05:00:00,P0147,Books,2233.66,2615.05,321,0.642,0,0,1,0,87,90,370
2023-01-23 06:00:00,P0186,Groceries,2287.86,1996.07,432,0.864,0,0,1,0,82,75,302
2023-01-23 07:00:00,P0096,Electronics,1538.13,1791.91,361,0.722,0,0,1,0,95,105,398
2023-01-23 08:00:00,P0001,Electronics,2878.19,2367.29,57,0.114,0,0,1,1,96,84,366
2023-01-23 09:00:00,P0069,Clothing,792.39,934.46,418,0.836,0,0,1,0,92,106,359
2023-01-23 10:00:00,P0004,Books,3930.37,3459.98,77,0.154,0,0,1,0,91,94,400
2023-01-23 11:00:00,P0016,Groceries,1695.62,1561.81,498,0.996,0,0,1,1,83,71,344
2023-01-23 12:00:00,P0024,Furniture,2977.15,2966.36,203,0.406,0,0,1,0,79,88,330
2023-01-23 13:00:00,P0080,Clothing,3592.41,3421.01,441,0.882,0,0,1,0,72,76,294
2023-01-23 14:00:00,P0002,Groceries,4450.76,4749.01,224,0.448,0,0,1,0,66,70,255
2023-01-23 15:00:00,P0128,Books,4187.15,4982.39,262,0.524,0,0,1,0,76,71,315
2023-01-23 16:00:00,P0160,Groceries,3061.13,3191.44,102,0.204,0,0,1,0,86,82,341
2023-01-23 17:00:00,P0084,Electronics,1972.55,2147.31,108,0.216,0,0,1,0,105,118,448
2023-01-23 18:00:00,P0152,Electronics,2540.86,2122.13,264,0.528,0,0,1,1,87,91,353
2023-01-23 19:00:00,P0140,Clothing,3855.24,4052.34,324,0.648,0,0,1,0,73,62,308
2023-01-23 20:00:00,P0178,Books,4393.85,4312.74,387,0.774,0,0,1,0,65,62,278
2023-01-23 21:00:00,P0163,Books,563.72,650.71,415,0.83,0,0,1,0,107,110,455
2023-01-23 22:00:00,P0124,Groceries,1955.04,1867.62,388,0.776,0,0,1,0,86,77,337
2023-01-23 23:00:00,P0033,Clothing,3891.78,4171.14,55,0.11,0,0,1,0,83,73,323
2023-01-24 00:00:00,P0161,Books,2186.68,1948.9,311,0.622,1,0,1,0,98,85,421
2023-01-24 01:00:00,P0189,Electronics,1694.53,1531.43,251,0.502,1,0,1,0,94,98,349
2023-01-24 02:00:00,P0179,Groceries,2086.05,1982.68,499,0.998,1,0,1,0,83,79,317
2023-01-24 03:00:00,P0171,Furniture,3034.08,2796.29,299,0.598,1,0,1,0,80,77,296
2023-01-24 04:00:00,P0101,Electronics,4999.04,4506.89,71,0.142,1,0,1,0,72,62,262
2023-01-24 05:00:00,P0012,Clothing,2490.31,2041.72,140,0.28,1,0,1,0,99,106,405
2023-01-24 06:00:00,P0067,Books,1082.05,1227.8,387,0.774,1,0,1,0,103,111,445
2023-01-24 07:00:00,P0065,Electronics,856.09,706.89,179,0.358,1,0,1,0,110,121,407
2023-01-24 08:00:00,P0161,Furniture,259.63,299.86,202,0.404,1,0,1,0,123,129,521
2023-01-24 09:00:00,P0168,Furniture,2816.15,2394.25,270,0.54,1,0,1,0,85,92,332
2023-01-24 10:00:00,P0074,Clothing,2745.63,2268.18,375,0.75,1,0,1,0,93,95,381
2023-01-24 11:00:00,P0043,Electronics,1065.91,1092.77,109,0.218,1,0,1,0,117,117,493
2023-01-24 12:00:00,P0044,Groceries,3491.88,3495.29,81,0.162,1,0,1,0,79,73,329
2023-01-24 13:00:00,P0029,Electronics,3718.48,3705.44,83,0.166,1,0,1,0,88,76,326
2023-01-24 14:00:00,P0141,Furniture,1332.54,1372.25,256,0.512,1,0,1,0,80,75,295
2023-01-24 15:00:00,P0012,Clothing,1753.29,1603.95,192,0.384,1,0,1,0,108,114,469
2023-01-24 16:00:00,P0095,Clothing,4952.83,5275.65,138,0.276,1,0,1,0,69,78,253
2023-01-24 17:00:00,P0046,Groceries,1902.61,1904.44,220,0.44,1,0,1,0,87,81,328
2023-01-24 18:00:00,P0130,Clothing,3815.97,3563.72,188,0.376,1,0,1,0,64,67,253
2023-01-24 19:00:00,P0035,Clothing,2290.99,2590.19,348,0.696,1,0,1,0,85,84,362
2023-01-24 20:00:00,P0081,Clothing,3977.06,4339.32,343,0.686,1,0,1,0,81,84,331
2023-01-24 21:00:00,P0090,Clothing,3856.67,3692.55,339,0.678,1,0,1,0,75,64,304
2023-01-24 22:00:00,P0008,Clothing,3355.39,3821.95,477,0.954,1,0,1,0,71,63,295
2023-01-24 23:00:00,P0093,Furniture,4281.15,5000.83,446,0.892,1,0,1,0,66,60,280
2023-01-25 00:00:00,P0154,Electronics,4699.13,4768.43,421,0.842,2,0,1,1,73,82,276
2023-01-25 01:00:00,P0090,Books,2920.92,2587.88,196,0.392,2,0,1,0,92,79,333
2023-01-25 02:00:00,P0162,Clothing,1225.47,1429.29,300,0.6,2,0,1,0,97,99,359
2023-01-25 03:00:00,P0115,Books,2023.21,1771.91,73,0.146,2,0,1,0,107,121,399
2023-01-25 04:00:00,P0105,Books,3803.61,3116.56,197,0.394,2,0,1,0,84,88,305
2023-01-25 05:00:00,P0135,Furniture,3271.87,3046.09,323,0.646,2,0,1,0,72,72,302
2023-01-25 06:00:00,P0196,Clothing,930.1,1014.54,259,0.518,2,0,1,0,98,95,422
2023-01-25 07:00:00,P0058,Books,303.64,355.05,198,0.396,2,0,1,0,125,130,521
2023-01-25 08:00:00,P0114,Clothing,3430.66,3619.05,303,0.606,2,0,1,1,84,84,315
2023-01-25 09:00:00,P0075,Groceries,1292.84,1526.5,352,0.704,2,0,1,0,112,119,458
2023-01-25 10:00:00,P0157,Groceries,2523.37,2111.93,136,0.272,2,0,1,1,97,100,390
2023-01-25 11:00:00,P0120,Groceries,3746.4,3088.16,345,0.69,2,0,1,0,69,70,294
2023-01-25 12:00:00,P0164,Books,2835.2,2953.36,498,0.996,2,0,1,0,77,88,335
2023-01-25 13:00:00,P0021,Groceries,462.35,548.55,499,0.998,2,0,1,0,104,114,436
2023-01-25 14:00:00,P0164,Furniture,968.62,969.67,174,0.348,2,0,1,0,104,107,417
2023-01-25 15:00:00,P0138,Furniture,1135.67,931.94,488,0.976,2,0,1,1,92,93,369
2023-01-25 16:00:00,P0101,Books,1326.43,1178.52,468,0.936,2,0,1,0,109,116,463
2023-01-25 17:00:00,P0152,Clothing,2848.75,2557.94,315,0.63,2,0,1,0,81,88,300
2023-01-25 18:00:00,P0192,Electronics,2544.63,2379.59,307,0.614,2,0,1,0,89,84,331
2023-01-25 19:00:00,P0177,Clothing,1055.64,862.92,379,0.758,2,0,1,1,98,103,380
2023-01-25 20:00:00,P0099,Clothing,384.4,446.66,341,0.682,2,0,1,1,113,101,474
2023-01-25 21:00:00,P0036,Clothing,898.59,904.18,416,0.832,2,0,1,0,98,96,358
2023-01-25 22:00:00,P0096,Clothing,4922.69,5259.27,441,0.882,2,0,1,0,63,71,244
2023-01-25 23:00:00,P0152,Electronics,2369.31,1959.11,352,0.704,2,0,1,0,103,98,397
2023-01-26 00:00:00,P0151,Groceries,4343.36,3568.71,303,0.606,3,0,1,0,70,63,279
2023-01-26 01:00:00,P0190,Clothing,4251.32,4398.36,132,0.264,3,0,1,1,81,72,322
2023-01-26 02:00:00,P0037,Furniture,2582.02,2982.02,468,0.936,3,0,1,0,70,68,292
2023-01-26 03:00:00,P0012,Books,3548.1,3588.52,26,0.052,3,0,1,0,85,78,349
2023-01-26 04:00:00,P0113,Books,1004.12,1155.87,424,0.848,3,0,1,0,94,92,406
2023-01-26 05:00:00,P0183,Furniture,3457.56,3887.67,256,0.512,3,0,1,0,79,84,296
2023-01-26 06:00:00,P0013,Clothing,1398.3,1161.07,50,0.1,3,0,1,0,87,97,343
2023-01-26 07:00:00,P0023,Electronics,4168.71,3671.73,143,0.286,3,0,1,0,73,64,286
2023-01-26 08:00:00,P0099,Groceries,464.43,493.73,354,0.708,3,0,1,1,93,100,343
2023-01-26 09:00:00,P0105,Books,3877.04,3789.42,355,0.71,3,0,1,1,81,71,302
2023-01-26 10:00:00,P0030,Groceries,544.69,499.09,235,0.47,3,0,1,0,97,93,375
2023-01-26 11:00:00,P0017,Electronics,4411.89,4268.3,159,0.318,3,0,1,0,78,90,327
2023-01-26 12:00:00,P0113,Books,1555.81,1521.71,476,0.952,3,0,1,0,94,82,350
2023-01-26 13:00:00,P0062,Groceries,3289.25,3829.41,358,0.716,3,0,1,0,73,63,278
2023-01-26 14:00:00,P0084,Electronics,2463.14,2072.44,302,0.604,3,0,1,0,79,75,327
2023-01-26 15:00:00,P0112,Groceries,1863.2,1699.04,406,0.812,3,0,1,1,86,98,351
2023-01-26 16:00:00,P0086,Clothing,3244.94,3293.7,270,0.54,3,0,1,0,78,67,287
2023-01-26 17:00:00,P0141,Electronics,4740.24,5116.21,153,0.306,3,0,1,0,64,59,279
2023-01-26 18:00:00,P0187,Groceries,254.29,267.58,36,0.072,3,0,1,0,113,116,420
2023-01-26 19:00:00,P0019,Clothing,4598.32,5410.65,216,0.432,3,0,1,0,73,67,266
2023-01-26 20:00:00,P0177,Clothing,3064.95,3427.36,438,0.876,3,0,1,0,68,59,261
2023-01-26 21:00:00,P0100,Electronics,4046.21,4138.59,129,0.258,3,0,1,0,76,66,275
2023-01-26 22:00:00,P0140,Furniture,1950.18,1727.61,75,0.15,3,0,1,0,94,96,341
2023-01-26 23:00:00,P0189,Books,2385.62,2338.74,402,0.804,3,0,1,0,85,87,345
2023-01-27 00:00:00,P0147,Electronics,4350.81,4687.36,287,0.574,4,0,1,0,84,89,362
2023-01-27 01:00:00,P0076,Clothing,2103.5,2387.86,470,0.94,4,0,1,0,71,63,278
2023-01-27 02:00:00,P0009,Clothing,2696.56,3192.44,196,0.392,4,0,1,0,87,87,334
2023-01-27 03:00:00,P0199,Electronics,149.96,156.29,310,0.62,4,0,1,0,109,112,472
2023-01-27 04:00:00,P0028,Furniture,835.06,844.05,216,0.432,4,0,1,0,99,91,361
2023-01-27 05:00:00,P0128,Books,3226.35,2603.91,98,0.196,4,0,1,0,89,90,354
2023-01-27 06:00:00,P0052,Groceries,3599.04,2983.03,311,0.622,4,0,1,0,65,69,247
2023-01-27 07:00:00,P0083,Electronics,2933.87,2530.29,284,0.568,4,0,1,0,80,92,312
2023-01-27 08:00:00,P0111,Books,759.38,624.14,229,0.458,4,0,1,1,76,78,299
2023-01-27 09:00:00,P0144,Books,2254.76,2165.35,108,0.216,4,0,1,0,93,103,375
2023-01-27 10:00:00,P0117,Clothing,1807.72,1689.77,339,0.678,4,0,1,0,80,88,317
2023-01-27 11:00:00,P0069,Groceries,2503.52,2641.07,494,0.988,4,0,1,0,83,94,364
2023-01-27 12:00:00,P0099,Electronics,4358.13,4420.3,163,0.326,4,0,1,0,84,90,304
2023-01-27 13:00:00,P0140,Clothing,3890.51,4039.86,115,0.23,4,0,1,0,82,75,345
2023-01-27 14:00:00,P0025,Clothing,465.75,460.53,70,0.14,4,0,1,0,112,105,408
2023-01-27 15:00:00,P0180,Furniture,4457.03,4060.78,213,0.426,4,0,1,0,68,74,268
2023-01-27 16:00:00,P0123,Books,2385.25,2817.29,337,0.674,4,0,1,0,84,85,316
2023-01-27 17:00:00,P0053,Electronics,3732.12,3114.69,52,0.104,4,0,1,0,81,75,353
2023-01-27 18:00:00,P0151,Electronics,743.19,873.66,84,0.168,4,0,1,0,110,115,460
2023-01-27 19:00:00,P0144,Electronics,3370.06,3115.6,341,0.682,4,0,1,0,81,91,322
2023-01-27 20:00:00,P0057,Clothing,1219.81,1225.99,422,0.844,4,0,1,0,86,82,375
2023-01-27 21:00:00,P0039,Furniture,2219.99,1872.64,75,0.15,4,0,1,0,107,110,447
2023-01-27 22:00:00,P0109,Groceries,133.47,110.56,266,0.532,4,0,1,0,106,109,462
2023-01-27 23:00:00,P0181,Clothing,800.47,777.91,247,0.494,4,0,1,0,103,91,429
2023-01-28 00:00:00,P0042,Groceries,505.8,554.7,331,0.662,5,1,1,0,133,117,487
2023-01-28 01:00:00,P0186,Furniture,1236.73,1122.64,473,0.946,5,1,1,0,82,92,336
2023-01-28 02:00:00,P0167,Books,545.09,558.68,285,0.57,5,1,1,0,89,101,390
2023-01-28 03:00:00,P0142,Electronics,3474.95,3167.28,78,0.156,5,1,1,0,101,113,381
2023-01-28 04:00:00,P0122,Groceries,193.75,185.12,455,0.91,5,1,1,1,115,111,487
2023-01-28 05:00:00,P0133,Clothing,3107.82,3613.08,106,0.212,5,1,1,0,115,108,431
2023-01-28 06:00:00,P0163,Groceries,746.5,852.75,436,0.872,5,1,1,0,98,111,388
2023-01-28 07:00:00,P0075,Books,4728.55,4758.85,81,0.162,5,1,1,0,88,98,323
2023-01-28 08:00:00,P0146,Electronics,4668.82,4179.72,201,0.402,5,1,1,0,78,85,302
2023-01-28 09:00:00,P0076,Groceries,1166.24,1023.11,391,0.782,5,1,1,0,119,113,502
2023-01-28 10:00:00,P0009,Books,3091.39,3652.89,229,0.458,5,1,1,0,75,78,273
2023-01-28 11:00:00,P0074,Clothing,188.63,166.2,226,0.452,5,1,1,0,122,131,470
2023-01-28 12:00:00,P0186,Furniture,4662.35,5237.07,19,0.038,5,1,1,0,92,94,378
2023-01-28 13:00:00,P0145,Clothing,2638.79,2500.49,267,0.534,5,1,1,1,91,94,397
2023-01-28 14:00:00,P0007,Electronics,263.95,315.23,496,0.992,5,1,1,0,112,121,425
2023-01-28 15:00:00,P0174,Clothing,1745.37,1653.32,322,0.644,5,1,1,0,107,116,400
2023-01-28 16:00:00,P0141,Clothing,430.4,404.84,467,0.934,5,1,1,0,116,107,437
2023-01-28 17:00:00,P0168,Clothing,1995.07,2104.77,177,0.354,5,1,1,0,97,94,368
2023-01-28 18:00:00,P0170,Clothing,3366.14,3987.55,381,0.762,5,1,1,0,84,91,345
2023-01-28 19:00:00,P0137,Electronics,2375.96,2828.54,139,0.278,5,1,1,0,112,104,493
2023-01-28 20:00:00,P0178,Books,1949.42,2110.99,309,0.618,5,1,1,0,112,126,450
2023-01-28 21:00:00,P0027,Groceries,639.83,704.99,471,0.942,5,1,1,1,112,123,428
2023-01-28 22:00:00,P0122,Furniture,1262.45,1294.47,79,0.158,5,1,1,0,117,131,491
2023-01-28 23:00:00,P0194,Groceries,545.71,601.54,379,0.758,5,1,1,0,116,109,432
2023-01-29 00:00:00,P0005,Groceries,4047.12,4629.55,181,0.362,6,1,1,0,95,84,344
2023-01-29 01:00:00,P0029,Furniture,719.44,715.44,73,0.146,6,1,1,0,129,114,527
2023-01-29 02:00:00,P0165,Electronics,2997.1,3140.8,146,0.292,6,1,1,0,88,89,332
2023-01-29 03:00:00,P0166,Furniture,1746.57,1772.64,232,0.464,6,1,1,1,97,91,380
2023-01-29 04:00:00,P0083,Electronics,1168.59,1197.79,141,0.282,6,1,1,0,120,111,454
2023-01-29 05:00:00,P0136,Groceries,3215.37,3717.03,435,0.87,6,1,1,0,73,67,316
2023-01-29 06:00:00,P0109,Electronics,2312.16,2178.63,461,0.922,6,1,1,0,103,105,399
2023-01-29 07:00:00,P0065,Books,2030.72,1793.68,149,0.298,6,1,1,1,100,101,396
2023-01-29 08:00:00,P0086,Furniture,2984.62,2932.43,131,0.262,6,1,1,0,89,87,337
2023-01-29 09:00:00,P0145,Books,2481.77,2191.98,238,0.476,6,1,1,0,119,106,436
2023-01-29 10:00:00,P0071,Groceries,1552.25,1551.26,371,0.742,6,1,1,0,101,114,405
2023-01-29 11:00:00,P0045,Furniture,2817.35,3272.08,314,0.628,6,1,1,0,98,96,421
2023-01-29 12:00:00,P0132,Groceries,3364.02,3522.04,161,0.322,6,1,1,0,101,90,392
2023-01-29 13:00:00,P0036,Books,182.13,208.02,319,0.638,6,1,1,0,139,120,587
2023-01-29 14:00:00,P0070,Groceries,2356.07,2041.48,249,0.498,6,1,1,0,97,87,352
2023-01-29 15:00:00,P0159,Furniture,335.53,389.33,127,0.254,6,1,1,0,131,123,496
2023-01-29 16:00:00,P0019,Furniture,972.71,1012.31,273,0.546,6,1,1,0,114,118,422
2023-01-29 17:00:00,P0189,Groceries,2824.52,2295.5,481,0.962,6,1,1,0,111,127,435
2023-01-29 18:00:00,P0108,Furniture,4337.64,4568.61,81,0.162,6,1,1,0,70,65,302
2023-01-29 19:00:00,P0182,Furniture,4419.89,5217.94,231,0.462,6,1,1,0,81,88,316
2023-01-29 20:00:00,P0167,Groceries,396.22,329.52,30,0.06,6,1,1,0,132,148,539
2023-01-29 21:00:00,P0091,Books,2124.57,2194.64,233,0.466,6,1,1,0,104,101,449
2023-01-29 22:00:00,P0090,Furniture,2935.88,3423.8,83,0.166,6,1,1,0,88,81,342
2023-01-29 23:00:00,P0019,Furniture,778.0,625.42,483,0.966,6,1,1,0,88,88,343
2023-01-30 00:00:00,P0039,Furniture,3838.89,4039.91,41,0.082,0,0,1,0,69,77,253
2023-01-30 01:00:00,P0126,Furniture,3733.96,3696.47,201,0.402,0,0,1,0,85,73,330
2023-01-30 02:00:00,P0195,Groceries,4521.54,4244.8,250,0.5,0,0,1,0,70,70,294
2023-01-30 03:00:00,P0173,Books,92.01,96.7,386,0.772,0,0,1,0,86,93,368
2023-01-30 04:00:00,P0141,Books,1122.59,921.74,84,0.168,0,0,1,1,121,125,506
2023-01-30 05:00:00,P0126,Electronics,4144.57,4564.11,483,0.966,0,0,1,1,81,81,292
2023-01-30 06:00:00,P0058,Furniture,3369.37,2701.53,182,0.364,0,0,1,0,85,86,314
2023-01-30 07:00:00,P0148,Furniture,4477.23,4131.47,265,0.53,0,0,1,0,73,76,305
2023-01-30 08:00:00,P0200,Electronics,333.04,333.57,70,0.14,0,0,1,0,115,121,501
2023-01-30 09:00:00,P0061,Books,3004.97,2857.15,21,0.042,0,0,1,0,85,81,353
2023-01-30 10:00:00,P0127,Clothing,2866.78,2646.01,406,0.812,0,0,1,0,65,65,246
2023-01-30 11:00:00,P0105,Clothing,226.59,256.58,75,0.15,0,0,1,0,102,95,376
2023-01-30 12:00:00,P0167,Books,2591.93,3042.75,486,0.972,0,0,1,0,79,90,340
2023-01-30 13:00:00,P0001,Furniture,3067.13,3525.62,268,0.536,0,0,1,0,87,79,320
2023-01-30 14:00:00,P0131,Clothing,996.9,1005.84,167,0.334,0,0,1,0,102,91,380
2023-01-30 15:00:00,P0092,Groceries,1402.98,1618.57,378,0.756,0,0,1,0,92,86,375
2023-01-30 16:00:00,P0190,Groceries,3219.72,3761.74,396,0.792,0,0,1,0,78,88,293
2023-01-30 17:00:00,P0191,Electronics,2368.09,2282.12,352,0.704,0,0,1,0,87,91,329
2023-01-30 18:00:00,P0113,Books,4297.17,3924.94,350,0.7,0,0,1,0,65,64,241
2023-01-30 19:00:00,P0153,Books,1744.79,1464.41,239,0.478,0,0,1,0,99,112,431
2023-01-30 20:00:00,P0056,Clothing,1369.97,1358.51,50,0.1,0,0,1,0,93,104,344
2023-01-30 21:00:00,P0161,Furniture,4925.09,5804.31,447,0.894,0,0,1,0,64,62,278
2023-01-30 22:00:00,P0166,Books,4560.12,4671.22,475,0.95,0,0,1,0,54,55,208
2023-01-30 23:00:00,P0117,Clothing,193.51,206.48,82,0.164,0,0,1,0,101,113,430
2023-01-31 00:00:00,P0134,Clothing,3865.11,3266.61,468,0.936,1,0,1,0,65,61,283
2023-01-31 01:00:00,P0058,Books,596.16,511.15,351,0.702,1,0,1,0,103,100,414
2023-01-31 02:00:00,P0044,Clothing,186.05,183.41,89,0.178,1,0,1,0,117,127,493
2023-01-31 03:00:00,P0173,Electronics,1404.79,1658.36,381,0.762,1,0,1,0,85,90,324
2023-01-31 04:00:00,P0160,Electronics,1383.26,1306.23,12,0.024,1,0,1,0,91,79,355
2023-01-31 05:00:00,P0173,Books,4105.63,4725.55,156,0.312,1,0,1,0,86,76,348
2023-01-31 06:00:00,P0061,Furniture,3567.8,3025.91,198,0.396,1,0,1,0,81,89,347
2023-01-31 07:00:00,P0047,Electronics,4908.97,5138.74,430,0.86,1,0,1,0,62,53,254
2023-01-31 08:00:00,P0149,Electronics,3571.99,3715.75,153,0.306,1,0,1,0,84,95,304
2023-01-31 09:00:00,P0080,Books,2120.36,2425.59,197,0.394,1,0,1,0,84,78,323
2023-01-31 10:00:00,P0118,Groceries,3509.69,2812.41,223,0.446,1,0,1,0,88,91,378
2023-01-31 11:00:00,P0164,Clothing,4997.32,4377.52,483,0.966,1,0,1,0,64,65,243
2023-01-31 12:00:00,P0147,Electronics,3565.2,3165.45,117,0.234,1,0,1,0,80,78,312
2023-01-31 13:00:00,P0020,Groceries,3820.32,4507.93,150,0.3,1,0,1,0,79,68,309
2023-01-31 14:00:00,P0185,Furniture,4694.91,4044.56,243,0.486,1,0,1,0,67,61,249
2023-01-31 15:00:00,P0146,Groceries,612.57,499.11,74,0.148,1,0,1,0,126,130,489
2023-01-31 16:00:00,P0047,Books,3538.68,3587.46,439,0.878,1,0,1,0,77,76,328
2023-01-31 17:00:00,P0049,Furniture,4261.49,4310.17,212,0.424,1,0,1,0,77,75,330
2023-01-31 18:00:00,P0014,Furniture,4774.17,5431.19,274,0.548,1,0,1,0,68,60,276
2023-01-31 19:00:00,P0143,Groceries,1094.3,1290.77,353,0.706,1,0,1,0,97,93,402
2023-01-31 20:00:00,P0159,Books,2544.45,2583.68,496,0.992,1,0,1,0,95,96,383
2023-01-31 21:00:00,P0001,Electronics,3418.75,4006.77,366,0.732,1,0,1,0,74,65,269
2023-01-31 22:00:00,P0117,Groceries,1274.97,1389.8,243,0.486,1,0,1,0,101,88,420
2023-01-31 23:00:00,P0054,Electronics,3022.34,2737.71,177,0.354,1,0,1,0,103,103,453
2023-02-01 00:00:00,P0118,Groceries,1325.01,1552.07,107,0.214,2,0,2,0,117,119,443
2023-02-01 01:00:00,P0003,Electronics,1700.61,1814.51,290,0.58,2,0,2,0,97,90,425
2023-02-01 02:00:00,P0144,Groceries,2235.52,2158.7,176,0.352,2,0,2,0,79,75,347
2023-02-01 03:00:00,P0185,Furniture,2669.49,2861.95,478,0.956,2,0,2,0,97,106,360
2023-02-01 04:00:00,P0012,Clothing,2274.36,2184.58,173,0.346,2,0,2,0,90,100,391
2023-02-01 05:00:00,P0074,Furniture,2491.32,2106.84,92,0.184,2,0,2,0,94,89,389
2023-02-01 06:00:00,P0016,Electronics,1528.01,1661.85,453,0.906,2,0,2,0,99,95,393
2023-02-01 07:00:00,P0200,Books,836.88,945.37,99,0.198,2,0,2,0,106,117,411
2023-02-01 08:00:00,P0102,Furniture,284.38,310.41,180,0.36,2,0,2,0,113,129,464
2023-02-01 09:00:00,P0152,Clothing,1020.09,909.56,158,0.316,2,0,2,0,105,99,449
2023-02-01 10:00:00,P0156,Electronics,2930.62,3465.91,95,0.19,2,0,2,0,86,93,312
2023-02-01 11:00:00,P0117,Furniture,3941.27,3192.83,231,0.462,2,0,2,0,79,79,318
2023-02-01 12:00:00,P0008,Groceries,887.78,828.36,250,0.5,2,0,2,1,96,89,396
2023-02-01 13:00:00,P0122,Books,587.35,530.99,339,0.678,2,0,2,0,90,95,326
2023-02-01 14:00:00,P0092,Electronics,3758.99,3079.55,405,0.81,2,0,2,0,77,76,332
2023-02-01 15:00:00,P0164,Furniture,1560.53,1501.69,66,0.132,2,0,2,0,116,108,506
2023-02-01 16:00:00,P0090,Electronics,4759.92,4994.33,391,0.782,2,0,2,0,60,53,245
2023-02-01 17:00:00,P0136,Groceries,3585.87,4134.58,236,0.472,2,0,2,0,75,83,277
2023-02-01 18:00:00,P0186,Clothing,1667.44,1994.05,18,0.036,2,0,2,0,103,115,448
2023-02-01 19:00:00,P0060,Furniture,1483.24,1666.03,286,0.572,2,0,2,0,96,84,407
2023-02-01 20:00:00,P0178,Electronics,2642.31,2609.21,287,0.574,2,0,2,0,69,72,250
2023-02-01 21:00:00,P0028,Electronics,441.77,481.3,206,0.412,2,0,2,0,103,93,419
2023-02-01 22:00:00,P0101,Electronics,632.5,719.44,310,0.62,2,0,2,0,120,125,443
2023-02-01 23:00:00,P0041,Clothing,920.5,907.73,102,0.204,2,0,2,0,122,137,453
2023-02-02 00:00:00,P0192,Electronics,3884.88,4327.84,158,0.316,3,0,2,0,92,85,345
2023-02-02 01:00:00,P0155,Books,2593.59,2575.59,194,0.388,3,0,2,0,94,90,368
2023-02-02 02:00:00,P0191,Books,102.31,97.66,50,0.1,3,0,2,0,111,121,477
2023-02-02 03:00:00,P0145,Electronics,3383.91,3419.23,377,0.754,3,0,2,0,78,84,283
2023-02-02 04:00:00,P0161,Books,2147.27,2298.31,223,0.446,3,0,2,0,98,95,407
2023-02-02 05:00:00,P0157,Furniture,2578.72,2812.75,201,0.402,3,0,2,0,86,95,376
2023-02-02 06:00:00,P0141,Books,1109.88,1046.28,91,0.182,3,0,2,0,88,99,362
2023-02-02 07:00:00,P0046,Electronics,2781.32,2860.67,154,0.308,3,0,2,1,97,96,412
2023-02-02 08:00:00,P0035,Groceries,4896.81,5699.63,175,0.35,3,0,2,1,66,57,285
2023-02-02 09:00:00,P0134,Furniture,413.55,492.34,109,0.218,3,0,2,0,119,119,496
2023-02-02 10:00:00,P0082,Clothing,1455.39,1296.61,487,0.974,3,0,2,1,75,80,310
2023-02-02 11:00:00,P0115,Electronics,1252.84,1098.91,298,0.596,3,0,2,0,91,83,329
2023-02-02 12:00:00,P0197,Clothing,1280.32,1370.81,222,0.444,3,0,2,0,104,92,418
2023-02-02 13:00:00,P0047,Groceries,1924.6,1858.92,178,0.356,3,0,2,0,102,95,405
2023-02-02 14:00:00,P0153,Clothing,4099.64,3319.43,225,0.45,3,0,2,0,80,68,321
2023-02-02 15:00:00,P0194,Electronics,4568.65,4288.8,452,0.904,3,0,2,0,64,68,253
2023-02-02 16:00:00,P0010,Electronics,1050.96,1179.91,74,0.148,3,0,2,0,109,97,471
2023-02-02 17:00:00,P0056,Groceries,2737.6,3063.29,70,0.14,3,0,2,0,95,101,410
2023-02-02 18:00:00,P0030,Electronics,3202.65,3195.84,327,0.654,3,0,2,0,82,75,303
2023-02-02 19:00:00,P0109,Groceries,2633.05,2604.17,208,0.416,3,0,2,0,93,107,374
2023-02-02 20:00:00,P0005,Groceries,2198.68,2268.6,491,0.982,3,0,2,0,73,74,319
2023-02-02 21:00:00,P0119,Electronics,1000.28,888.01,433,0.866,3,0,2,1,112,97,457
2023-02-02 22:00:00,P0033,Books,2466.69,2492.39,444,0.888,3,0,2,0,81,88,344
2023-02-02 23:00:00,P0118,Groceries,2036.01,1637.8,102,0.204,3,0,2,0,96,93,374
2023-02-03 00:00:00,P0065,Electronics,3988.04,3949.05,40,0.08,4,0,2,0,78,81,304
2023-02-03 01:00:00,P0146,Books,3829.84,3578.68,434,0.868,4,0,2,0,73,83,282
2023-02-03 02:00:00,P0177,Groceries,713.29,763.18,333,0.666,4,0,2,1,86,86,311
2023-02-03 03:00:00,P0011,Books,488.17,515.19,279,0.558,4,0,2,0,99,108,430
2023-02-03 04:00:00,P0085,Furniture,4545.36,4328.7,29,0.058,4,0,2,0,61,57,237
2023-02-03 05:00:00,P0026,Furniture,2700.77,2168.47,242,0.484,4,0,2,0,82,87,319
2023-02-03 06:00:00,P0063,Books,4296.11,3870.41,51,0.102,4,0,2,1,79,70,332
2023-02-03 07:00:00,P0086,Groceries,337.85,355.87,433,0.866,4,0,2,1,106,119,426
2023-02-03 08:00:00,P0059,Electronics,2656.25,2201.9,56,0.112,4,0,2,0,92,84,358
2023-02-03 09:00:00,P0027,Clothing,2720.16,2293.25,189,0.378,4,0,2,0,90,85,388
2023-02-03 10:00:00,P0177,Electronics,4310.48,4564.0,78,0.156,4,0,2,0,64,73,273
2023-02-03 11:00:00,P0161,Clothing,533.17,587.72,372,0.744,4,0,2,0,102,91,447
2023-02-03 12:00:00,P0098,Clothing,1240.21,1151.68,436,0.872,4,0,2,0,104,96,428
2023-02-03 13:00:00,P0105,Groceries,2062.36,2053.84,195,0.39,4,0,2,0,98,100,407
2023-02-03 14:00:00,P0099,Books,4335.92,5108.95,460,0.92,4,0,2,0,61,70,235
2023-02-03 15:00:00,P0129,Electronics,4697.47,5534.64,196,0.392,4,0,2,1,71,75,261
2023-02-03 16:00:00,P0149,Books,4963.99,4581.77,30,0.06,4,0,2,0,81,72,298
2023-02-03 17:00:00,P0055,Furniture,4798.01,5392.94,331,0.662,4,0,2,0,70,75,288
2023-02-03 18:00:00,P0006,Groceries,79.41,82.39,29,0.058,4,0,2,0,125,122,461
2023-02-03 19:00:00,P0197,Groceries,286.16,340.59,112,0.224,4,0,2,0,104,119,450
2023-02-03 20:00:00,P0095,Furniture,780.65,773.66,137,0.274,4,0,2,0,103,107,429
2023-02-03 21:00:00,P0133,Electronics,1776.87,1972.12,221,0.442,4,0,2,1,95,96,359
2023-02-03 22:00:00,P0102,Furniture,4158.09,4604.07,473,0.946,4,0,2,0,80,81,306
2023-02-03 23:00:00,P0003,Electronics,4468.65,4464.06,171,0.342,4,0,2,0,66,69,275
2023-02-04 00:00:00,P0181,Clothing,974.83,1090.11,389,0.778,5,1,2,0,114,122,486
2023-02-04 01:00:00,P0023,Groceries,3117.34,2819.37,154,0.308,5,1,2,0,105,92,449
2023-02-04 02:00:00,P0053,Electronics,4590.94,3897.25,275,0.55,5,1,2,0,85,76,347
2023-02-04 03:00:00,P0165,Books,2345.47,2275.26,219,0.438,5,1,2,0,101,95,376
2023-02-04 04:00:00,P0083,Books,562.54,662.36,275,0.55,5,1,2,0,116,115,494
2023-02-04 05:00:00,P0145,Groceries,2316.18,2316.87,11,0.022,5,1,2,0,134,126,567
2023-02-04 06:00:00,P0085,Furniture,1910.18,2013.53,492,0.984,5,1,2,0,95,87,405
2023-02-04 07:00:00,P0078,Furniture,2909.41,3053.91,84,0.168,5,1,2,1,99,112,369
2023-02-04 08:00:00,P0110,Electronics,2221.36,1894.88,221,0.442,5,1,2,0,115,99,477
2023-02-04 09:00:00,P0001,Furniture,135.86,129.9,48,0.096,5,1,2,0,136,154,594
2023-02-04 10:00:00,P0051,Groceries,4970.29,5381.71,179,0.358,5,1,2,0,68,76,259
2023-02-04 11:00:00,P0173,Electronics,2740.52,3257.92,9,0.018,5,1,2,0,118,125,492
2023-02-04 12:00:00,P0004,Clothing,2394.47,2076.5,498,0.996,5,1,2,0,89,77,339
2023-02-04 13:00:00,P0190,Furniture,4775.36,4604.29,260,0.52,5,1,2,0,75,69,288
2023-02-04 14:00:00,P0193,Furniture,821.51,688.46,319,0.638,5,1,2,1,146,167,582
2023-02-04 15:00:00,P0113,Electronics,986.73,885.05,185,0.37,5,1,2,1,116,130,501
2023-02-04 16:00:00,P0032,Books,4049.67,3850.04,228,0.456,5,1,2,0,87,99,316
2023-02-04 17:00:00,P0034,Furniture,1341.11,1362.91,391,0.782,5,1,2,0,117,134,514
2023-02-04 18:00:00,P0092,Groceries,4006.17,3574.41,157,0.314,5,1,2,0,81,70,342
2023-02-04 19:00:00,P0095,Furniture,1394.09,1242.17,272,0.544,5,1,2,0,118,121,459
2023-02-04 20:00:00,P0072,Clothing,214.28,238.09,322,0.644,5,1,2,0,132,145,513
2023-02-04 21:00:00,P0039,Furniture,2609.22,3092.07,20,0.04,5,1,2,0,123,116,490
2023-02-04 22:00:00,P0154,Books,1023.6,951.38,15,0.03,5,1,2,0,134,131,576
2023-02-04 23:00:00,P0162,Furniture,3801.34,4087.19,479,0.958,5,1,2,0,72,67,260
2023-02-05 00:00:00,P0182,Electronics,3223.94,2911.97,282,0.564,6,1,2,0,97,84,392
2023-02-05 01:00:00,P0118,Furniture,4621.83,5413.0,114,0.228,6,1,2,0,72,63,262
2023-02-05 02:00:00,P0003,Books,3925.79,4197.3,5,0.01,6,1,2,0,106,91,391
2023-02-05 03:00:00,P0123,Electronics,944.84,1059.23,297,0.594,6,1,2,0,127,128,527
2023-02-05 04:00:00,P0050,Groceries,4010.78,3287.8,399,0.798,6,1,2,0,83,86,314
2023-02-05 05:00:00,P0012,Electronics,3226.6,3353.74,428,0.856,6,1,2,0,89,84,323
2023-02-05 06:00:00,P0193,Clothing,3361.31,3398.44,258,0.516,6,1,2,0,92,101,343
2023-02-05 07:00:00,P0054,Electronics,4169.7,3824.44,39,0.078,6,1,2,0,91,102,343
2023-02-05 08:00:00,P0133,Groceries,2890.43,2615.76,275,0.55,6,1,2,0,106,95,447
2023-02-05 09:00:00,P0057,Furniture,2356.72,2432.16,231,0.462,6,1,2,0,100,87,410
2023-02-05 10:00:00,P0145,Electronics,3201.37,3465.78,6,0.012,6,1,2,0,125,118,524
2023-02-05 11:00:00,P0112,Electronics,1524.89,1240.15,314,0.628,6,1,2,0,110,117,429
2023-02-05 12:00:00,P0047,Electronics,953.86,979.58,394,0.788,6,1,2,0,124,124,458
2023-02-05 13:00:00,P0151,Electronics,3102.11,2693.2,92,0.184,6,1,2,0,84,84,357
2023-02-05 14:00:00,P0085,Groceries,1207.55,1033.84,307,0.614,6,1,2,0,105,94,390
2023-02-05 15:00:00,P0142,Books,445.58,467.52,386,0.772,6,1,2,0,127,121,496
2023-02-05 16:00:00,P0066,Books,52.74,48.75,20,0.04,6,1,2,0,141,160,537
2023-02-05 17:00:00,P0075,Electronics,3061.18,2988.79,436,0.872,6,1,2,0,89,85,342
2023-02-05 18:00:00,P0179,Groceries,1842.64,1739.45,479,0.958,6,1,2,0,109,112,445
2023-02-05 19:00:00,P0103,Groceries,3773.94,3997.86,413,0.826,6,1,2,0,101,88,377
2023-02-05 20:00:00,P0166,Electronics,1907.12,1884.33,486,0.972,6,1,2,0,87,76,344
2023-02-05 21:00:00,P0192,Clothing,2455.72,2910.97,10,0.02,6,1,2,0,122,119,502
2023-02-05 22:00:00,P0038,Electronics,2065.07,1943.13,464,0.928,6,1,2,0,93,96,399
2023-02-05 23:00:00,P0050,Clothing,3270.35,3584.68,408,0.816,6,1,2,0,96,92,374
2023-02-06 00:00:00,P0098,Electronics,1812.89,1636.89,49,0.098,0,0,2,0,96,87,370
2023-02-06 01:00:00,P0082,Clothing,4820.65,4837.53,472,0.944,0,0,2,0,65,70,253
2023-02-06 02:00:00,P0030,Clothing,4683.93,4782.42,264,0.528,0,0,2,0,73,65,292
2023-02-06 03:00:00,P0079,Electronics,4247.74,3957.38,44,0.088,0,0,2,0,73,77,281
2023-02-06 04:00:00,P0091,Clothing,4605.49,4553.5,284,0.568,0,0,2,0,65,74,247
2023-02-06 05:00:00,P0179,Furniture,2273.24,2072.54,317,0.634,0,0,2,1,86,85,335
2023-02-06 06:00:00,P0191,Books,2705.33,2170.76,270,0.54,0,0,2,0,72,66,304
2023-02-06 07:00:00,P0052,Groceries,3723.36,3299.86,274,0.548,0,0,2,0,80,88,304
2023-02-06 08:00:00,P0166,Clothing,3495.92,3775.68,398,0.796,0,0,2,0,86,86,368
2023-02-06 09:00:00,P0079,Clothing,4458.86,4942.13,422,0.844,0,0,2,0,58,65,222
2023-02-06 10:00:00,P0030,Groceries,3595.84,3279.7,34,0.068,0,0,2,1,90,96,367
2023-02-06 11:00:00,P0106,Clothing,4989.53,4806.0,487,0.974,0,0,2,0,62,61,271
2023-02-06 12:00:00,P0051,Groceries,1775.1,1446.61,140,0.28,0,0,2,0,91,94,397
2023-02-06 13:00:00,P0081,Electronics,4173.34,3734.41,143,0.286,0,0,2,0,92,83,363
2023-02-06 14:00:00,P0133,Furniture,3503.29,3894.56,322,0.644,0,0,2,0,86,83,314
2023-02-06 15:00:00,P0029,Furniture,3472.36,3619.57,244,0.488,0,0,2,1,89,92,385
2023-02-06 16:00:00,P0132,Books,1662.89,1467.18,350,0.7,0,0,2,0,92,94,341
2023-02-06 17:00:00,P0138,Clothing,3938.73,3556.58,310,0.62,0,0,2,0,63,65,273
2023-02-06 18:00:00,P0184,Books,4506.86,5077.97,192,0.384,0,0,2,0,73,78,306
2023-02-06 19:00:00,P0145,Electronics,1131.81,1000.11,34,0.068,0,0,2,0,107,94,465
2023-02-06 20:00:00,P0074,Furniture,3146.21,2937.5,271,0.542,0,0,2,0,90,78,372
2023-02-06 21:00:00,P0017,Electronics,1991.07,2121.97,384,0.768,0,0,2,0,83,74,365
2023-02-06 22:00:00,P0084,Electronics,4948.26,5069.22,177,0.354,0,0,2,0,77,84,306
2023-02-06 23:00:00,P0069,Clothing,2420.22,2382.34,269,0.538,0,0,2,0,83,72,321
2023-02-07 00:00:00,P0034,Electronics,1180.18,1368.89,317,0.634,1,0,2,0,104,95,407
2023-02-07 01:00:00,P0006,Furniture,1940.2,1722.67,390,0.78,1,0,2,0,82,76,318
2023-02-07 02:00:00,P0053,Books,3286.5,3603.87,150,0.3,1,0,2,0,84,88,329
2023-02-07 03:00:00,P0194,Furniture,426.64,368.46,98,0.196,1,0,2,0,97,94,418
2023-02-07 04:00:00,P0126,Clothing,3037.83,3178.46,446,0.892,1,0,2,0,78,71,318
2023-02-07 05:00:00,P0043,Furniture,4659.56,5350.34,28,0.056,1,0,2,0,67,66,280
2023-02-07 06:00:00,P0115,Groceries,4259.3,4187.58,149,0.298,1,0,2,0,79,83,303
2023-02-07 07:00:00,P0111,Books,384.98,419.52,207,0.414,1,0,2,0,116,126,509
2023-02-07 08:00:00,P0151,Groceries,4967.28,5603.87,348,0.696,1,0,2,0,64,57,245
2023-02-07 09:00:00,P0183,Groceries,3508.7,2997.87,261,0.522,1,0,2,0,74,79,276
2023-02-07 10:00:00,P0080,Clothing,853.29,923.54,209,0.418,1,0,2,0,108,92,456
2023-02-07 11:00:00,P0095,Electronics,111.46,130.18,412,0.824,1,0,2,0,112,120,478
2023-02-07 12:00:00,P0118,Groceries,897.85,925.28,88,0.176,1,0,2,0,106,111,415
2023-02-07 13:00:00,P0144,Furniture,4198.97,3671.78,236,0.472,1,0,2,0,70,69,282
2023-02-07 14:00:00,P0008,Electronics,157.11,133.67,247,0.494,1,0,2,0,95,85,373
2023-02-07 15:00:00,P0132,Furniture,1204.08,1088.36,257,0.514,1,0,2,0,101,109,387
2023-02-07 16:00:00,P0104,Furniture,3798.66,3196.21,491,0.982,1,0,2,0,77,67,327
2023-02-07 17:00:00,P0132,Electronics,2951.25,2967.06,191,0.382,1,0,2,1,98,110,412
2023-02-07 18:00:00,P0184,Electronics,3924.54,3249.06,95,0.19,1,0,2,0,82,89,327
2023-02-07 19:00:00,P0025,Furniture,3743.44,3329.27,35,0.07,1,0,2,0,71,76,281
2023-02-07 20:00:00,P0195,Clothing,300.48,293.26,95,0.19,1,0,2,0,108,116,404
2023-02-07 21:00:00,P0096,Books,4467.93,4421.31,488,0.976,1,0,2,0,72,63,296
2023-02-07 22:00:00,P0195,Books,1173.81,1204.52,403,0.806,1,0,2,0,102,117,443
2023-02-07 23:00:00,P0155,Clothing,2789.29,3018.7,438,0.876,1,0,2,0,71,79,296
2023-02-08 00:00:00,P0093,Electronics,3239.23,2652.58,36,0.072,2,0,2,0,105,105,421
2023-02-08 01:00:00,P0160,Furniture,884.71,736.3,233,0.466,2,0,2,0,92,98,334
2023-02-08 02:00:00,P0178,Books,4882.34,4024.73,101,0.202,2,0,2,0,68,73,295
2023-02-08 03:00:00,P0061,Furniture,2466.37,2390.55,480,0.96,2,0,2,1,85,93,327
2023-02-08 04:00:00,P0122,Clothing,335.33,273.88,179,0.358,2,0,2,0,109,101,419
2023-02-08 05:00:00,P0051,Furniture,4689.45,5151.04,324,0.648,2,0,2,0,65,63,258
2023-02-08 06:00:00,P0147,Clothing,2952.03,2624.95,69,0.138,2,0,2,0,90,98,355
2023-02-08 07:00:00,P0021,Electronics,3511.01,4127.84,405,0.81,2,0,2,0,82,89,358
2023-02-08 08:00:00,P0005,Clothing,2649.62,2635.21,468,0.936,2,0,2,0,95,96,355
2023-02-08 09:00:00,P0092,Clothing,4181.95,4092.16,466,0.932,2,0,2,0,69,67,286
2023-02-08 10:00:00,P0170,Books,214.01,238.03,106,0.212,2,0,2,0,107,122,394
2023-02-08 11:00:00,P0061,Furniture,1378.47,1496.0,270,0.54,2,0,2,0,98,96,375
2023-02-08 12:00:00,P0022,Books,2374.76,2476.69,353,0.706,2,0,2,0,103,111,430
2023-02-08 13:00:00,P0149,Groceries,429.19,503.89,46,0.092,2,0,2,0,123,120,522
2023-02-08 14:00:00,P0070,Clothing,3544.24,3434.03,454,0.908,2,0,2,0,83,78,330
2023-02-08 15:00:00,P0001,Groceries,1998.63,2245.29,464,0.928,2,0,2,0,92,96,389
2023-02-08 16:00:00,P0133,Books,1399.71,1332.58,107,0.214,2,0,2,0,112,122,487
2023-02-08 17:00:00,P0012,Furniture,66.73,75.76,363,0.726,2,0,2,0,105,120,457
2023-02-08 18:00:00,P0090,Books,3613.16,3265.54,68,0.136,2,0,2,0,95,85,368
2023-02-08 19:00:00,P0046,Furniture,4177.36,3825.24,307,0.614,2,0,2,0,51,57,196
2023-02-08 20:00:00,P0034,Furniture,2005.45,2148.13,422,0.844,2,0,2,0,92,93,385
2023-02-08 21:00:00,P0177,Electronics,2842.88,2516.19,1,0.002,2,0,2,0,97,86,400
2023-02-08 22:00:00,P0078,Clothing,1177.05,1049.53,218,0.436,2,0,2,0,92,100,360
2023-02-08 23:00:00,P0045,Books,3129.88,2886.08,44,0.088,2,0,2,0,92,87,348
2023-02-09 00:00:00,P0155,Furniture,110.08,117.96,407,0.814,3,0,2,0,109,121,446
2023-02-09 01:00:00,P0073,Books,2468.79,2853.32,232,0.464,3,0,2,0,73,66,288
2023-02-09 02:00:00,P0026,Books,3238.82,3464.98,188,0.376,3,0,2,1,86,91,319
2023-02-09 03:00:00,P0047,Furniture,4595.05,5197.58,366,0.732,3,0,2,0,75,71,308
2023-02-09 04:00:00,P0121,Groceries,1937.61,1971.37,347,0.694,3,0,2,0,105,97,437
2023-02-09 05:00:00,P0056,Clothing,3837.69,3175.95,121,0.242,3,0,2,0,85,74,331
2023-02-09 06:00:00,P0094,Clothing,3008.55,2527.74,494,0.988,3,0,2,0,75,75,320
2023-02-09 07:00:00,P0107,Electronics,4638.71,4739.63,64,0.128,3,0,2,0,81,78,296
2023-02-09 08:00:00,P0063,Electronics,2021.97,1882.7,436,0.872,3,0,2,0,79,69,316
2023-02-09 09:00:00,P0048,Electronics,1629.52,1447.38,371,0.742,3,0,2,0,99,91,432
2023-02-09 10:00:00,P0061,Clothing,4441.35,4381.4,148,0.296,3,0,2,0,73,73,274
2023-02-09 11:00:00,P0081,Groceries,293.76,313.32,248,0.496,3,0,2,0,120,131,449
2023-02-09 12:00:00,P0026,Clothing,725.11,691.75,382,0.764,3,0,2,0,94,106,367
2023-02-09 13:00:00,P0036,Clothing,457.9,513.31,475,0.95,3,0,2,0,114,115,435
2023-02-09 14:00:00,P0001,Clothing,4223.39,4626.34,66,0.132,3,0,2,1,87,84,329
2023-02-09 15:00:00,P0008,Clothing,102.51,112.14,349,0.698,3,0,2,0,109,124,475
2023-02-09 16:00:00,P0113,Groceries,4315.2,5152.68,384,0.768,3,0,2,0,71,81,275
2023-02-09 17:00:00,P0099,Electronics,2283.78,2096.72,58,0.116,3,0,2,0,113,103,412
2023-02-09 18:00:00,P0180,Books,69.93,73.98,114,0.228,3,0,2,0,140,141,605
2023-02-09 19:00:00,P0047,Electronics,2038.14,2327.95,115,0.23,3,0,2,0,93,102,368
2023-02-09 20:00:00,P0127,Electronics,974.66,1005.66,236,0.472,3,0,2,0,99,109,415
2023-02-09 21:00:00,P0056,Books,3140.78,3504.49,46,0.092,3,0,2,0,100,106,389
2023-02-09 22:00:00,P0014,Clothing,3412.83,3296.05,108,0.216,3,0,2,0,64,63,278
2023-02-09 23:00:00,P0028,Groceries,2463.26,2552.42,273,0.546,3,0,2,0,65,63,249
2023-02-10 00:00:00,P0078,Groceries,250.57,206.04,112,0.224,4,0,2,0,105,115,434
2023-02-10 01:00:00,P0130,Electronics,3297.84,3938.63,32,0.064,4,0,2,0,90,83,383
2023-02-10 02:00:00,P0109,Books,4218.09,4724.29,398,0.796,4,0,2,1,62,61,235
2023-02-10 03:00:00,P0154,Furniture,3615.61,4149.0,279,0.558,4,0,2,0,68,69,288
2023-02-10 04:00:00,P0014,Clothing,4158.29,4481.46,291,0.582,4,0,2,1,69,76,292
2023-02-10 05:00:00,P0187,Electronics,1042.52,911.6,315,0.63,4,0,2,0,112,108,490
2023-02-10 06:00:00,P0056,Groceries,4450.0,3615.23,161,0.322,4,0,2,0,71,72,308
2023-02-10 07:00:00,P0115,Books,1644.86,1884.78,89,0.178,4,0,2,1,113,106,442
2023-02-10 08:00:00,P0007,Books,116.35,111.53,50,0.1,4,0,2,0,119,131,485
2023-02-10 09:00:00,P0003,Electronics,4224.79,3825.74,423,0.846,4,0,2,0,79,86,343
2023-02-10 10:00:00,P0111,Furniture,4712.02,4828.26,405,0.81,4,0,2,0,63,69,227
2023-02-10 11:00:00,P0151,Groceries,3295.01,3190.75,143,0.286,4,0,2,0,88,76,361
2023-02-10 12:00:00,P0107,Electronics,1195.61,1268.14,103,0.206,4,0,2,0,108,108,407
2023-02-10 13:00:00,P0018,Furniture,1296.14,1287.74,169,0.338,4,0,2,0,101,90,423
2023-02-10 14:00:00,P0038,Books,2359.63,2545.79,15,0.03,4,0,2,0,105,110,445
2023-02-10 15:00:00,P0115,Clothing,4494.26,5129.61,132,0.264,4,0,2,0,79,75,329
2023-02-10 16:00:00,P0015,Groceries,790.51,694.24,498,0.996,4,0,2,0,96,104,422
2023-02-10 17:00:00,P0192,Groceries,4138.57,3856.21,389,0.778,4,0,2,0,57,50,227
2023-02-10 18:00:00,P0119,Furniture,1491.95,1454.24,169,0.338,4,0,2,0,89,89,360
2023-02-10 19:00:00,P0028,Electronics,4052.5,4801.5,471,0.942,4,0,2,0,62,55,243
2023-02-10 20:00:00,P0039,Books,4605.34,4357.27,29,0.058,4,0,2,0,77,78,337
2023-02-10 21:00:00,P0185,Furniture,2166.09,2063.07,484,0.968,4,0,2,0,83,86,360
2023-02-10 22:00:00,P0017,Clothing,1857.0,1971.0,159,0.318,4,0,2,0,90,89,395
2023-02-10 23:00:00,P0086,Clothing,4021.0,3891.04,436,0.872,4,0,2,0,64,60,281
2023-02-11 00:00:00,P0126,Clothing,2670.94,3153.02,146,0.292,5,1,2,0,111,95,479
2023-02-11 01:00:00,P0044,Furniture,3438.02,3980.5,306,0.612,5,1,2,0,84,88,365
2023-02-11 02:00:00,P0025,Books,3133.0,3149.8,236,0.472,5,1,2,0,72,80,266
2023-02-11 03:00:00,P0145,Groceries,806.8,853.52,411,0.822,5,1,2,0,114,122,426
2023-02-11 04:00:00,P0013,Electronics,4231.71,3483.6,174,0.348,5,1,2,0,82,92,353
2023-02-11 05:00:00,P0025,Groceries,1019.09,1098.88,71,0.142,5,1,2,0,134,151,560
2023-02-11 06:00:00,P0068,Books,4664.8,5051.42,383,0.766,5,1,2,0,70,69,301
2023-02-11 07:00:00,P0138,Groceries,1290.33,1217.66,362,0.724,5,1,2,0,107,113,451
2023-02-11 08:00:00,P0067,Furniture,3682.71,3269.78,126,0.252,5,1,2,1,96,93,356
2023-02-11 09:00:00,P0109,Clothing,1459.04,1701.29,384,0.768,5,1,2,0,84,95,364
2023-02-11 10:00:00,P0146,Books,1623.04,1575.46,195,0.39,5,1,2,0,106,108,447
2023-02-11 11:00:00,P0111,Books,1584.51,1681.93,184,0.368,5,1,2,0,105,113,426
2023-02-11 12:00:00,P0111,Groceries,3752.07,3051.68,149,0.298,5,1,2,0,88,75,354
2023-02-11 13:00:00,P0034,Furniture,2806.23,2709.77,213,0.426,5,1,2,0,95,97,386
2023-02-11 14:00:00,P0111,Groceries,4420.61,4981.6,93,0.186,5,1,2,0,87,93,340
2023-02-11 15:00:00,P0008,Groceries,1571.49,1500.82,57,0.114,5,1,2,0,121,112,513
2023-02-11 16:00:00,P0168,Books,3475.36,3618.77,218,0.436,5,1,2,0,99,85,428
2023-02-11 17:00:00,P0113,Groceries,3777.1,3338.74,218,0.436,5,1,2,0,94,101,357
2023-02-11 18:00:00,P0083,Clothing,799.84,773.13,12,0.024,5,1,2,0,145,138,526
2023-02-11 19:00:00,P0042,Groceries,2032.92,2380.66,422,0.844,5,1,2,0,109,107,410
2023-02-11 20:00:00,P0169,Clothing,2439.95,2504.81,282,0.564,5,1,2,0,115,117,484
2023-02-11 21:00:00,P0101,Books,1810.65,2101.75,422,0.844,5,1,2,0,114,101,490
2023-02-11 22:00:00,P0006,Furniture,1644.46,1908.9,485,0.97,5,1,2,0,96,85,372
2023-02-11 23:00:00,P0180,Clothing,3447.78,4060.31,376,0.752,5,1,2,0,85,97,316
2023-02-12 00:00:00,P0026,Furniture,1118.54,1295.44,455,0.91,6,1,2,0,105,100,450
2023-02-12 01:00:00,P0064,Furniture,3561.48,2853.86,139,0.278,6,1,2,0,106,98,400
2023-02-12 02:00:00,P0187,Clothing,4678.47,5490.68,407,0.814,6,1,2,0,73,63,277
2023-02-12 03:00:00,P0184,Books,2847.73,2434.76,273,0.546,6,1,2,0,105,95,386
2023-02-12 04:00:00,P0059,Electronics,3076.6,2510.41,118,0.236,6,1,2,0,82,80,355
2023-02-12 05:00:00,P0109,Furniture,391.22,321.64,270,0.54,6,1,2,0,97,92,375
2023-02-12 06:00:00,P0198,Furniture,4329.16,4067.53,443,0.886,6,1,2,1,87,85,325
2023-02-12 07:00:00,P0121,Books,1462.97,1533.66,399,0.798,6,1,2,1,112,119,489
2023-02-12 08:00:00,P0033,Books,3094.5,2973.58,96,0.192,6,1,2,0,113,118,437
2023-02-12 09:00:00,P0181,Groceries,4896.61,3967.34,329,0.658,6,1,2,0,64,64,269
2023-02-12 10:00:00,P0150,Books,2997.74,2969.54,46,0.092,6,1,2,0,106,116,401
2023-02-12 11:00:00,P0021,Furniture,3637.31,3553.11,151,0.302,6,1,2,0,80,89,335
2023-02-12 12:00:00,P0198,Clothing,2254.33,2485.94,172,0.344,6,1,2,0,117,120,443
2023-02-12 13:00:00,P0070,Electronics,348.81,318.06,274,0.548,6,1,2,0,123,109,506
2023-02-12 14:00:00,P0112,Groceries,3998.12,3546.38,346,0.692,6,1,2,0,83,81,328
2023-02-12 15:00:00,P0004,Clothing,223.24,201.45,236,0.472,6,1,2,0,137,143,581
2023-02-12 16:00:00,P0094,Electronics,3518.26,3242.06,424,0.848,6,1,2,0,85,74,356
2023-02-12 17:00:00,P0075,Electronics,163.46,169.94,30,0.06,6,1,2,1,134,115,583
2023-02-12 18:00:00,P0190,Electronics,4318.41,4269.22,212,0.424,6,1,2,0,73,83,285
2023-02-12 19:00:00,P0062,Clothing,830.3,776.13,271,0.542,6,1,2,0,134,143,563
2023-02-12 20:00:00,P0094,Groceries,2595.64,2465.15,406,0.812,6,1,2,0,96,86,420
2023-02-12 21:00:00,P0095,Groceries,3005.9,2850.7,77,0.154,6,1,2,0,108,106,418
2023-02-12 22:00:00,P0152,Electronics,2314.85,2752.27,278,0.556,6,1,2,0,89,81,341
2023-02-12 23:00:00,P0055,Clothing,1736.78,1551.29,40,0.08,6,1,2,0,135,115,569
2023-02-13 00:00:00,P0137,Electronics,2365.68,2666.65,145,0.29,0,0,2,0,95,92,376
2023-02-13 01:00:00,P0131,Books,1591.51,1724.06,419,0.838,0,0,2,0,106,111,415
2023-02-13 02:00:00,P0031,Groceries,2218.71,1779.91,11,0.022,0,0,2,0,109,124,440
2023-02-13 03:00:00,P0040,Furniture,1826.62,2186.96,247,0.494,0,0,2,0,72,78,313
2023-02-13 04:00:00,P0036,Electronics,2852.71,3145.33,228,0.456,0,0,2,0,93,85,341
2023-02-13 05:00:00,P0152,Books,1227.72,1317.32,330,0.66,0,0,2,0,106,101,421
2023-02-13 06:00:00,P0006,Groceries,4943.85,4756.63,452,0.904,0,0,2,0,66,66,243
2023-02-13 07:00:00,P0066,Clothing,2529.31,2585.16,178,0.356,0,0,2,0,93,84,401
2023-02-13 08:00:00,P0075,Groceries,1011.1,911.31,340,0.68,0,0,2,0,97,107,360
2023-02-13 09:00:00,P0004,Clothing,2411.48,1963.41,159,0.318,0,0,2,0,92,83,338
2023-02-13 10:00:00,P0079,Clothing,4338.75,4921.92,220,0.44,0,0,2,0,83,78,363
2023-02-13 11:00:00,P0134,Electronics,157.94,182.99,326,0.652,0,0,2,0,122,125,494
2023-02-13 12:00:00,P0118,Electronics,3413.79,2952.89,163,0.326,0,0,2,1,81,72,345
2023-02-13 13:00:00,P0113,Groceries,2762.44,3079.63,167,0.334,0,0,2,0,82,85,326
2023-02-13 14:00:00,P0094,Books,889.31,975.09,381,0.762,0,0,2,0,110,125,434
2023-02-13 15:00:00,P0179,Groceries,4096.51,3569.49,218,0.436,0,0,2,0,82,87,355
2023-02-13 16:00:00,P0062,Furniture,1875.98,1817.32,69,0.138,0,0,2,0,102,112,448
2023-02-13 17:00:00,P0185,Clothing,1504.32,1457.84,421,0.842,0,0,2,0,82,80,336
2023-02-13 18:00:00,P0194,Clothing,4149.22,4580.68,437,0.874,0,0,2,0,57,55,247
2023-02-13 19:00:00,P0079,Electronics,3210.7,3644.35,259,0.518,0,0,2,0,88,83,378
2023-02-13 20:00:00,P0136,Books,4496.38,3767.56,429,0.858,0,0,2,0,62,65,250
2023-02-13 21:00:00,P0026,Electronics,3167.92,3247.71,62,0.124,0,0,2,0,83,83,361
2023-02-13 22:00:00,P0179,Furniture,3717.05,4106.22,482,0.964,0,0,2,0,74,73,279
2023-02-13 23:00:00,P0173,Groceries,4190.41,4670.11,457,0.914,0,0,2,0,64,56,276
2023-02-14 00:00:00,P0044,Groceries,320.96,275.77,245,0.49,1,0,2,0,102,107,392
2023-02-14 01:00:00,P0133,Books,3891.44,3931.14,485,0.97,1,0,2,0,65,69,236
2023-02-14 02:00:00,P0070,Electronics,3087.85,3529.49,49,0.098,1,0,2,0,95,86,402
2023-02-14 03:00:00,P0154,Electronics,394.06,365.45,285,0.57,1,0,2,0,95,102,413
2023-02-14 04:00:00,P0118,Furniture,2567.46,2490.56,233,0.466,1,0,2,0,75,84,283
2023-02-14 05:00:00,P0068,Groceries,458.17,513.95,456,0.912,1,0,2,0,89,80,358
2023-02-14 06:00:00,P0019,Electronics,3692.94,3086.29,15,0.03,1,0,2,0,96,95,403
2023-02-14 07:00:00,P0020,Books,2755.18,3151.37,435,0.87,1,0,2,0,75,83,290
2023-02-14 08:00:00,P0113,Groceries,4770.19,4409.86,3,0.006,1,0,2,0,78,78,290
2023-02-14 09:00:00,P0140,Furniture,956.52,765.77,281,0.562,1,0,2,0,97,106,380
2023-02-14 10:00:00,P0047,Books,3049.87,2725.56,156,0.312,1,0,2,0,84,77,333
2023-02-14 11:00:00,P0001,Clothing,1097.33,917.15,219,0.438,1,0,2,0,115,100,482
2023-02-14 12:00:00,P0090,Furniture,3089.62,2585.87,394,0.788,1,0,2,0,79,69,297
2023-02-14 13:00:00,P0142,Books,3627.12,3906.9,347,0.694,1,0,2,0,88,100,374
2023-02-14 14:00:00,P0064,Electronics,3625.41,3210.63,363,0.726,1,0,2,0,89,80,356
2023-02-14 15:00:00,P0038,Clothing,4084.62,4794.92,479,0.958,1,0,2,0,79,88,342
2023-02-14 16:00:00,P0037,Furniture,4275.07,4303.19,407,0.814,1,0,2,0,65,61,263
2023-02-14 17:00:00,P0126,Electronics,432.5,425.6,50,0.1,1,0,2,0,116,100,459
2023-02-14 18:00:00,P0139,Clothing,1749.17,1703.19,41,0.082,1,0,2,0,117,108,448
2023-02-14 19:00:00,P0100,Groceries,3451.26,3717.13,422,0.844,1,0,2,0,81,81,298
2023-02-14 20:00:00,P0077,Electronics,2518.0,2469.92,134,0.268,1,0,2,0,102,90,398
2023-02-14 21:00:00,P0003,Books,993.85,846.2,273,0.546,1,0,2,0,113,127,444
2023-02-14 22:00:00,P0161,Furniture,2785.91,3209.56,258,0.516,1,0,2,0,96,108,389
2023-02-14 23:00:00,P0134,Clothing,2066.81,2007.61,190,0.38,1,0,2,0,85,76,364
2023-02-15 00:00:00,P0178,Electronics,1980.69,1643.18,255,0.51,2,0,2,0,92,99,365
2023-02-15 01:00:00,P0010,Groceries,4058.28,4105.95,235,0.47,2,0,2,0,70,69,270
2023-02-15 02:00:00,P0005,Furniture,2067.61,2189.47,493,0.986,2,0,2,0,83,95,357
2023-02-15 03:00:00,P0151,Furniture,180.95,164.71,275,0.55,2,0,2,0,110,95,461
2023-02-15 04:00:00,P0138,Electronics,337.41,377.95,353,0.706,2,0,2,0,104,103,400
2023-02-15 05:00:00,P0172,Groceries,4288.41,4579.64,477,0.954,2,0,2,0,62,58,231
2023-02-15 06:00:00,P0130,Clothing,4804.97,5093.92,72,0.144,2,0,2,0,63,67,241
2023-02-15 07:00:00,P0013,Electronics,3457.63,3348.13,73,0.146,2,0,2,0,72,64,266
2023-02-15 08:00:00,P0168,Clothing,1853.62,2196.11,122,0.244,2,0,2,0,116,120,501
2023-02-15 09:00:00,P0130,Furniture,4696.07,4271.9,69,0.138,2,0,2,0,82,93,335
2023-02-15 10:00:00,P0084,Clothing,3330.88,3434.41,400,0.8,2,0,2,0,79,78,339
2023-02-15 11:00:00,P0065,Groceries,4229.45,3906.41,78,0.156,2,0,2,0,55,54,234
2023-02-15 12:00:00,P0063,Books,3840.97,4217.09,480,0.96,2,0,2,0,64,64,238
2023-02-15 13:00:00,P0101,Groceries,1926.74,1578.22,247,0.494,2,0,2,0,98,96,388
2023-02-15 14:00:00,P0073,Clothing,2419.58,1980.08,186,0.372,2,0,2,1,98,96,429
2023-02-15 15:00:00,P0017,Electronics,971.35,1092.13,437,0.874,2,0,2,0,92,91,348
2023-02-15 16:00:00,P0009,Furniture,1495.47,1456.15,140,0.28,2,0,2,0,106,122,386
2023-02-15 17:00:00,P0143,Books,3901.72,3653.85,297,0.594,2,0,2,0,74,65,287
2023-02-15 18:00:00,P0152,Electronics,4475.19,4667.67,43,0.086,2,0,2,0,85,80,341
2023-02-15 19:00:00,P0038,Electronics,3636.08,3929.73,246,0.492,2,0,2,0,78,71,284
2023-02-15 20:00:00,P0163,Groceries,2352.61,2071.43,469,0.938,2,0,2,0,82,83,323
2023-02-15 21:00:00,P0094,Clothing,478.22,418.05,335,0.67,2,0,2,0,97,83,369
2023-02-15 22:00:00,P0095,Groceries,331.89,392.71,225,0.45,2,0,2,0,116,131,437
2023-02-15 23:00:00,P0049,Clothing,1902.91,1971.16,66,0.132,2,0,2,0,104,105,396
2023-02-16 00:00:00,P0069,Groceries,2345.92,2242.81,455,0.91,3,0,2,0,73,82,269
2023-02-16 01:00:00,P0062,Electronics,3065.15,3434.74,275,0.55,3,0,2,0,85,81,311
2023-02-16 02:00:00,P0188,Furniture,82.12,82.95,252,0.504,3,0,2,0,111,99,453
2023-02-16 03:00:00,P0178,Clothing,4949.13,4437.71,302,0.604,3,0,2,0,71,64,309
2023-02-16 04:00:00,P0078,Books,1851.5,1634.31,279,0.558,3,0,2,0,92,91,390
2023-02-16 05:00:00,P0117,Books,4248.07,4072.81,178,0.356,3,0,2,0,67,58,286
2023-02-16 06:00:00,P0120,Electronics,2698.09,3086.5,401,0.802,3,0,2,0,78,85,327
2023-02-16 07:00:00,P0137,Groceries,695.68,573.64,278,0.556,3,0,2,0,122,133,533
2023-02-16 08:00:00,P0162,Groceries,3997.95,3547.82,128,0.256,3,0,2,0,76,81,331
2023-02-16 09:00:00,P0076,Electronics,3563.64,4124.06,378,0.756,3,0,2,0,83,93,350
2023-02-16 10:00:00,P0035,Books,2660.81,2258.21,114,0.228,3,0,2,0,78,79,325
2023-02-16 11:00:00,P0001,Books,2597.04,2731.7,321,0.642,3,0,2,0,88,87,338
2023-02-16 12:00:00,P0040,Groceries,483.02,427.67,388,0.776,3,0,2,0,85,86,312
2023-02-16 13:00:00,P0064,Clothing,3296.45,3436.04,273,0.546,3,0,2,1,81,73,298
2023-02-16 14:00:00,P0150,Furniture,4560.66,4347.41,463,0.926,3,0,2,0,60,60,251
2023-02-16 15:00:00,P0060,Clothing,511.56,430.05,201,0.402,3,0,2,0,97,98,351
2023-02-16 16:00:00,P0064,Books,1354.38,1399.06,116,0.232,3,0,2,0,92,99,391
2023-02-16 17:00:00,P0093,Clothing,4516.42,4847.1,476,0.952,3,0,2,0,63,60,245
2023-02-16 18:00:00,P0072,Furniture,1457.5,1562.6,34,0.068,3,0,2,0,85,75,319
2023-02-16 19:00:00,P0011,Clothing,3287.02,3467.19,408,0.816,3,0,2,0,65,67,255
2023-02-16 20:00:00,P0105,Clothing,2697.35,2697.59,105,0.21,3,0,2,0,92,100,383
2023-02-16 21:00:00,P0014,Clothing,3001.82,3025.2,248,0.496,3,0,2,0,69,79,264
2023-02-16 22:00:00,P0060,Clothing,2108.16,2222.54,151,0.302,3,0,2,0,80,70,299
2023-02-16 23:00:00,P0030,Electronics,1534.96,1651.78,140,0.28,3,0,2,0,118,127,494
2023-02-17 00:00:00,P0035,Books,290.24,308.22,404,0.808,4,0,2,0,117,120,504
2023-02-17 01:00:00,P0165,Furniture,3734.19,3864.06,489,0.978,4,0,2,0,65,56,264
2023-02-17 02:00:00,P0005,Books,3743.16,3227.86,490,0.98,4,0,2,0,73,78,293
2023-02-17 03:00:00,P0083,Electronics,3370.09,2979.99,294,0.588,4,0,2,0,73,63,307
2023-02-17 04:00:00,P0123,Electronics,3235.99,2925.62,161,0.322,4,0,2,0,78,85,327
2023-02-17 05:00:00,P0078,Electronics,1256.4,1467.31,146,0.292,4,0,2,0,70,75,252
2023-02-17 06:00:00,P0154,Electronics,160.61,177.27,411,0.822,4,0,2,0,118,125,451
2023-02-17 07:00:00,P0062,Clothing,4053.14,4138.85,255,0.51,4,0,2,0,78,69,339
2023-02-17 08:00:00,P0132,Books,2481.14,2235.07,90,0.18,4,0,2,0,100,113,437
2023-02-17 09:00:00,P0089,Groceries,1568.85,1324.67,369,0.738,4,0,2,0,97,109,389
2023-02-17 10:00:00,P0042,Furniture,554.56,643.01,217,0.434,4,0,2,0,104,116,421
2023-02-17 11:00:00,P0089,Electronics,360.47,417.09,138,0.276,4,0,2,1,106,102,382
2023-02-17 12:00:00,P0146,Books,1776.89,1500.19,176,0.352,4,0,2,0,97,97,401
2023-02-17 13:00:00,P0040,Electronics,4033.45,4512.97,290,0.58,4,0,2,0,84,74,317
2023-02-17 14:00:00,P0072,Electronics,4597.68,4499.56,339,0.678,4,0,2,0,67,58,248
2023-02-17 15:00:00,P0039,Electronics,4488.92,4172.84,75,0.15,4,0,2,0,90,78,346
2023-02-17 16:00:00,P0104,Electronics,4604.0,5044.33,56,0.112,4,0,2,0,69,70,285
2023-02-17 17:00:00,P0014,Electronics,4543.24,4751.01,27,0.054,4,0,2,0,64,61,253
2023-02-17 18:00:00,P0032,Furniture,2659.76,2957.69,321,0.642,4,0,2,0,77,79,299
2023-02-17 19:00:00,P0179,Books,1136.11,942.67,320,0.64,4,0,2,1,96,99,401
2023-02-17 20:00:00,P0125,Electronics,4000.33,3710.05,456,0.912,4,0,2,0,79,89,336
2023-02-17 21:00:00,P0166,Electronics,1107.88,1027.81,149,0.298,4,0,2,0,99,110,425
2023-02-17 22:00:00,P0097,Electronics,1372.68,1279.2,306,0.612,4,0,2,0,82,87,324
2023-02-17 23:00:00,P0023,Electronics,1204.61,1205.8,487,0.974,4,0,2,0,91,100,380
2023-02-18 00:00:00,P0063,Clothing,2599.16,2373.57,346,0.692,5,1,2,0,109,93,470
2023-02-18 01:00:00,P0143,Clothing,1643.05,1606.5,392,0.784,5,1,2,0,104,89,450
2023-02-18 02:00:00,P0153,Groceries,813.07,770.07,198,0.396,5,1,2,1,123,121,491
2023-02-18 03:00:00,P0145,Electronics,2293.21,2509.04,163,0.326,5,1,2,0,106,111,412
2023-02-18 04:00:00,P0194,Groceries,4375.84,4557.0,181,0.362,5,1,2,0,83,90,359
2023-02-18 05:00:00,P0053,Furniture,2874.24,3050.87,239,0.478,5,1,2,0,121,119,461
2023-02-18 06:00:00,P0104,Groceries,4397.76,3888.65,421,0.842,5,1,2,0,87,98,369
2023-02-18 07:00:00,P0104,Books,1019.57,948.4,241,0.482,5,1,2,0,138,151,597
2023-02-18 08:00:00,P0179,Clothing,876.52,708.64,65,0.13,5,1,2,0,162,143,679
2023-02-18 09:00:00,P0039,Clothing,2899.11,2444.96,170,0.34,5,1,2,0,113,111,468
2023-02-18 10:00:00,P0179,Electronics,2343.48,2123.24,132,0.264,5,1,2,0,102,117,371
2023-02-18 11:00:00,P0198,Electronics,3317.85,2741.16,80,0.16,5,1,2,0,107,104,403
2023-02-18 12:00:00,P0134,Furniture,3983.4,4146.93,164,0.328,5,1,2,0,106,102,438
2023-02-18 13:00:00,P0067,Furniture,3768.97,4519.94,441,0.882,5,1,2,0,87,82,368
2023-02-18 14:00:00,P0135,Books,4714.19,3961.46,62,0.124,5,1,2,0,81,81,296
2023-02-18 15:00:00,P0179,Electronics,2021.37,2281.1,354,0.708,5,1,2,0,116,124,419
2023-02-18 16:00:00,P0200,Electronics,1071.61,908.22,50,0.1,5,1,2,0,108,93,416
2023-02-18 17:00:00,P0042,Furniture,2777.02,2965.76,71,0.142,5,1,2,1,106,117,436
2023-02-18 18:00:00,P0192,Furniture,598.18,632.43,42,0.084,5,1,2,0,139,156,557
2023-02-18 19:00:00,P0015,Furniture,1479.81,1718.19,322,0.644,5,1,2,0,107,116,386
2023-02-18 20:00:00,P0111,Clothing,1079.05,912.42,450,0.9,5,1,2,0,114,128,424
2023-02-18 21:00:00,P0157,Groceries,2012.99,1864.39,320,0.64,5,1,2,0,110,97,462
2023-02-18 22:00:00,P0033,Groceries,600.52,502.22,317,0.634,5,1,2,1,124,122,476
2023-02-18 23:00:00,P0155,Electronics,207.62,199.93,215,0.43,5,1,2,0,124,108,458
2023-02-19 00:00:00,P0164,Clothing,3301.13,3844.62,492,0.984,6,1,2,0,81,89,295
2023-02-19 01:00:00,P0157,Furniture,3070.73,3416.52,190,0.38,6,1,2,0,96,109,411
2023-02-19 02:00:00,P0038,Electronics,3556.38,3873.47,157,0.314,6,1,2,0,81,76,322
2023-02-19 03:00:00,P0185,Clothing,3318.91,3362.76,489,0.978,6,1,2,0,97,98,388
2023-02-19 04:00:00,P0097,Books,615.76,710.21,89,0.178,6,1,2,0,134,126,489
2023-02-19 05:00:00,P0155,Clothing,1490.84,1460.69,421,0.842,6,1,2,0,106,102,423
2023-02-19 06:00:00,P0183,Electronics,691.16,594.31,490,0.98,6,1,2,0,102,101,420
2023-02-19 07:00:00,P0033,Groceries,4222.71,4792.92,103,0.206,6,1,2,0,89,97,329
2023-02-19 08:00:00,P0196,Furniture,3747.17,3416.88,50,0.1,6,1,2,0,96,86,415
2023-02-19 09:00:00,P0086,Books,1047.56,860.52,253,0.506,6,1,2,0,111,100,469
2023-02-19 10:00:00,P0066,Clothing,1739.48,1479.28,106,0.212,6,1,2,0,127,116,539
2023-02-19 11:00:00,P0010,Electronics,4834.74,5045.65,293,0.586,6,1,2,0,68,59,274
2023-02-19 12:00:00,P0005,Electronics,2991.09,3119.21,235,0.47,6,1,2,0,88,92,340
2023-02-19 13:00:00,P0123,Furniture,4015.72,3630.51,497,0.994,6,1,2,0,87,79,358
2023-02-19 14:00:00,P0074,Electronics,1359.73,1483.29,322,0.644,6,1,2,0,126,124,476
2023-02-19 15:00:00,P0097,Electronics,1089.76,1209.04,332,0.664,6,1,2,1,115,121,427
2023-02-19 16:00:00,P0118,Furniture,3930.39,4591.49,355,0.71,6,1,2,0,75,74,302
2023-02-19 17:00:00,P0038,Books,3445.07,3562.12,104,0.208,6,1,2,0,109,122,434
2023-02-19 18:00:00,P0141,Groceries,3420.84,3803.19,254,0.508,6,1,2,0,94,102,350
2023-02-19 19:00:00,P0159,Groceries,2785.54,3067.55,303,0.606,6,1,2,0,98,91,394
2023-02-19 20:00:00,P0047,Clothing,2839.71,2564.61,395,0.79,6,1,2,0,107,95,432
2023-02-19 21:00:00,P0109,Books,3691.7,3411.46,19,0.038,6,1,2,0,105,117,451
2023-02-19 22:00:00,P0180,Clothing,1386.51,1374.58,358,0.716,6,1,2,0,104,101,438
2023-02-19 23:00:00,P0184,Groceries,1796.2,1450.64,491,0.982,6,1,2,0,83,80,313
2023-02-20 00:00:00,P0015,Furniture,4364.6,4010.89,71,0.142,0,0,2,0,74,81,315
2023-02-20 01:00:00,P0157,Electronics,1578.88,1562.39,116,0.232,0,0,2,0,106,90,464
2023-02-20 02:00:00,P0136,Groceries,2754.23,2322.44,366,0.732,0,0,2,0,87,86,363
2023-02-20 03:00:00,P0005,Books,3528.07,3000.66,129,0.258,0,0,2,0,72,77,305
2023-02-20 04:00:00,P0157,Groceries,4999.63,4926.11,458,0.916,0,0,2,0,57,63,217
2023-02-20 05:00:00,P0047,Books,2204.69,2408.37,119,0.238,0,0,2,0,67,75,294
2023-02-20 06:00:00,P0068,Books,2169.06,2458.63,212,0.424,0,0,2,0,95,94,355
2023-02-20 07:00:00,P0076,Books,4220.81,4299.0,228,0.456,0,0,2,0,61,67,256
2023-02-20 08:00:00,P0173,Clothing,4037.24,3996.46,182,0.364,0,0,2,0,73,63,286
2023-02-20 09:00:00,P0130,Furniture,3668.83,3499.01,133,0.266,0,0,2,0,74,70,288
2023-02-20 10:00:00,P0155,Groceries,2342.99,2055.22,338,0.676,0,0,2,0,92,78,352
2023-02-20 11:00:00,P0095,Furniture,1653.5,1419.74,477,0.954,0,0,2,0,91,82,360
2023-02-20 12:00:00,P0115,Electronics,3063.22,3420.88,493,0.986,0,0,2,1,70,75,296
2023-02-20 13:00:00,P0164,Groceries,4387.31,4325.9,230,0.46,0,0,2,1,73,62,318
2023-02-20 14:00:00,P0036,Furniture,4424.7,4938.53,383,0.766,0,0,2,0,72,72,283
2023-02-20 15:00:00,P0026,Furniture,587.07,634.99,363,0.726,0,0,2,0,104,101,429
2023-02-20 16:00:00,P0043,Electronics,2170.33,1904.59,445,0.89,0,0,2,0,56,50,237
2023-02-20 17:00:00,P0027,Books,2350.37,2360.06,432,0.864,0,0,2,0,103,109,379
2023-02-20 18:00:00,P0069,Groceries,4889.2,4779.71,483,0.966,0,0,2,0,65,69,284
2023-02-20 19:00:00,P0148,Groceries,3406.09,3302.37,339,0.678,0,0,2,0,86,92,324
2023-02-20 20:00:00,P0011,Electronics,2065.87,2101.05,437,0.874,0,0,2,0,79,85,342
2023-02-20 21:00:00,P0074,Books,178.99,213.51,245,0.49,0,0,2,0,98,93,430
2023-02-20 22:00:00,P0104,Groceries,2848.66,3205.2,393,0.786,0,0,2,0,76,87,280
2023-02-20 23:00:00,P0038,Groceries,525.58,610.45,407,0.814,0,0,2,1,119,104,513
2023-02-21 00:00:00,P0134,Groceries,4180.53,3393.99,251,0.502,1,0,2,0,71,74,292
2023-02-21 01:00:00,P0200,Books,3774.97,3231.88,224,0.448,1,0,2,0,77,88,328
2023-02-21 02:00:00,P0023,Electronics,2329.52,1942.6,156,0.312,1,0,2,0,110,101,406
2023-02-21 03:00:00,P0047,Groceries,2174.59,1968.64,118,0.236,1,0,2,0,92,86,393
2023-02-21 04:00:00,P0090,Furniture,4491.83,4387.43,93,0.186,1,0,2,0,75,77,308
2023-02-21 05:00:00,P0046,Books,1477.87,1561.84,227,0.454,1,0,2,1,85,92,341
2023-02-21 06:00:00,P0107,Clothing,1282.65,1283.08,364,0.728,1,0,2,0,113,107,457
2023-02-21 07:00:00,P0140,Electronics,4699.03,5456.86,389,0.778,1,0,2,0,60,66,252
2023-02-21 08:00:00,P0141,Furniture,4055.77,4769.35,185,0.37,1,0,2,0,75,69,288
2023-02-21 09:00:00,P0104,Groceries,4112.1,3558.65,494,0.988,1,0,2,0,45,50,196
2023-02-21 10:00:00,P0190,Clothing,1016.21,1159.66,333,0.666,1,0,2,0,96,89,369
2023-02-21 11:00:00,P0111,Electronics,759.32,753.77,184,0.368,1,0,2,0,105,109,452
2023-02-21 12:00:00,P0104,Books,178.85,175.51,386,0.772,1,0,2,0,99,95,357
2023-02-21 13:00:00,P0060,Clothing,1223.36,1362.79,279,0.558,1,0,2,0,81,77,351
2023-02-21 14:00:00,P0171,Clothing,3882.24,3250.43,402,0.804,1,0,2,0,76,73,325
2023-02-21 15:00:00,P0100,Furniture,1238.19,1427.63,229,0.458,1,0,2,0,81,81,300
2023-02-21 16:00:00,P0068,Electronics,3659.06,3909.14,481,0.962,1,0,2,0,59,65,247
2023-02-21 17:00:00,P0133,Furniture,1296.95,1491.63,264,0.528,1,0,2,0,96,103,374
2023-02-21 18:00:00,P0120,Furniture,2006.7,2403.61,157,0.314,1,0,2,0,107,105,426
2023-02-21 19:00:00,P0037,Groceries,4916.65,4952.06,351,0.702,1,0,2,0,64,60,234
2023-02-21 20:00:00,P0072,Books,1261.82,1056.53,76,0.152,1,0,2,0,108,119,407
2023-02-21 21:00:00,P0127,Clothing,1913.03,1657.85,81,0.162,1,0,2,0,92,102,401
2023-02-21 22:00:00,P0106,Electronics,1540.38,1431.7,427,0.854,1,0,2,0,84,83,330
2023-02-21 23:00:00,P0092,Books,592.64,498.66,180,0.36,1,0,2,0,117,124,424
2023-02-22 00:00:00,P0031,Books,2474.98,2787.17,341,0.682,2,0,2,0,96,92,385
2023-02-22 01:00:00,P0122,Electronics,1924.52,1768.15,195,0.39,2,0,2,0,105,94,462
2023-02-22 02:00:00,P0137,Books,3489.69,4153.97,59,0.118,2,0,2,0,90,85,348
2023-02-22 03:00:00,P0051,Groceries,4097.09,4429.1,150,0.3,2,0,2,0,79,83,293
2023-02-22 04:00:00,P0029,Books,2744.04,2385.59,60,0.12,2,0,2,0,79,85,325
2023-02-22 05:00:00,P0040,Groceries,209.37,207.36,134,0.268,2,0,2,0,106,117,460
2023-02-22 06:00:00,P0041,Clothing,3113.67,3072.43,427,0.854,2,0,2,0,72,62,309
2023-02-22 07:00:00,P0011,Clothing,324.18,323.21,438,0.876,2,0,2,0,101,101,417
2023-02-22 08:00:00,P0151,Furniture,3100.96,3145.23,330,0.66,2,0,2,0,87,81,326
2023-02-22 09:00:00,P0001,Groceries,3440.9,2795.63,38,0.076,2,0,2,0,83,88,351
2023-02-22 10:00:00,P0046,Clothing,1028.95,1105.63,252,0.504,2,0,2,0,76,70,324
2023-02-22 11:00:00,P0101,Books,4105.76,4084.73,377,0.754,2,0,2,0,79,81,338
2023-02-22 12:00:00,P0149,Electronics,4559.87,5090.58,442,0.884,2,0,2,0,59,63,231
2023-02-22 13:00:00,P0090,Electronics,4074.78,4588.77,105,0.21,2,0,2,0,71,77,279
2023-02-22 14:00:00,P0110,Groceries,1560.29,1392.11,232,0.464,2,0,2,0,103,96,384
2023-02-22 15:00:00,P0164,Furniture,2953.88,2420.32,353,0.706,2,0,2,0,77,67,325
2023-02-22 16:00:00,P0182,Books,4578.33,4950.52,388,0.776,2,0,2,0,66,60,277
2023-02-22 17:00:00,P0057,Groceries,1637.29,1950.18,169,0.338,2,0,2,0,102,105,375
2023-02-22 18:00:00,P0001,Electronics,4109.14,4021.46,216,0.432,2,0,2,0,76,66,275
2023-02-22 19:00:00,P0063,Groceries,96.9,87.58,347,0.694,2,0,2,0,103,92,449
2023-02-22 20:00:00,P0182,Books,68.05,58.7,13,0.026,2,0,2,0,120,138,434
2023-02-22 21:00:00,P0055,Clothing,3810.57,3486.59,410,0.82,2,0,2,0,89,86,365
2023-02-22 22:00:00,P0115,Books,3819.17,3556.29,15,0.03,2,0,2,0,94,94,373
2023-02-22 23:00:00,P0168,Clothing,3955.44,3835.0,218,0.436,2,0,2,0,83,71,350
2023-02-23 00:00:00,P0143,Clothing,4653.63,4942.91,385,0.77,3,0,2,0,69,71,253
2023-02-23 01:00:00,P0149,Clothing,633.64,576.15,402,0.804,3,0,2,0,115,109,477
2023-02-23 02:00:00,P0175,Groceries,1198.33,983.1,406,0.812,3,0,2,0,103,104,421
2023-02-23 03:00:00,P0053,Electronics,4523.44,4294.15,168,0.336,3,0,2,0,82,83,351
2023-02-23 04:00:00,P0137,Groceries,927.32,1059.23,13,0.026,3,0,2,0,126,144,506
2023-02-23 05:00:00,P0180,Electronics,3427.03,3424.77,430,0.86,3,0,2,0,80,74,335
2023-02-23 06:00:00,P0057,Books,2675.79,3173.26,242,0.484,3,0,2,0,92,94,363
2023-02-23 07:00:00,P0117,Furniture,461.81,462.48,318,0.636,3,0,2,0,101,97,443
2023-02-23 08:00:00,P0154,Books,1462.06,1331.0,473,0.946,3,0,2,0,107,104,433
2023-02-23 09:00:00,P0169,Groceries,2625.84,2303.72,7,0.014,3,0,2,0,95,82,399
2023-02-23 10:00:00,P0035,Groceries,4269.13,4601.31,282,0.564,3,0,2,0,64,68,235
2023-02-23 11:00:00,P0063,Electronics,3552.32,3604.02,110,0.22,3,0,2,0,86,78,341
2023-02-23 12:00:00,P0025,Groceries,3128.32,3258.46,39,0.078,3,0,2,0,88,87,321
2023-02-23 13:00:00,P0090,Clothing,2505.36,2761.03,411,0.822,3,0,2,0,75,74,277
2023-02-23 14:00:00,P0075,Groceries,1528.49,1666.61,67,0.134,3,0,2,0,94,93,376
2023-02-23 15:00:00,P0038,Electronics,640.26,523.31,122,0.244,3,0,2,0,110,106,427
2023-02-23 16:00:00,P0130,Electronics,2074.93,2326.06,316,0.632,3,0,2,0,91,84,361
2023-02-23 17:00:00,P0135,Clothing,191.17,193.67,165,0.33,3,0,2,0,96,95,384
2023-02-23 18:00:00,P0162,Electronics,1094.73,1047.31,202,0.404,3,0,2,0,99,86,369
2023-02-23 19:00:00,P0091,Furniture,2190.79,2223.67,127,0.254,3,0,2,0,104,96,405
2023-02-23 20:00:00,P0017,Books,2122.1,2217.55,363,0.726,3,0,2,0,65,71,279
2023-02-23 21:00:00,P0128,Groceries,269.26,231.51,151,0.302,3,0,2,0,109,120,467
2023-02-23 22:00:00,P0171,Furniture,2965.85,2867.88,411,0.822,3,0,2,0,79,84,315
2023-02-23 23:00:00,P0187,Groceries,2770.94,2588.71,424,0.848,3,0,2,0,86,89,361
2023-02-24 00:00:00,P0108,Furniture,436.62,410.49,145,0.29,4,0,2,0,108,118,454
2023-02-24 01:00:00,P0179,Groceries,4718.66,3947.32,48,0.096,4,0,2,0,71,63,258
2023-02-24 02:00:00,P0182,Clothing,541.94,468.2,468,0.936,4,0,2,0,103,104,421
2023-02-24 03:00:00,P0152,Electronics,4281.43,3702.29,409,0.818,4,0,2,1,68,60,289
2023-02-24 04:00:00,P0025,Electronics,51.53,48.92,2,0.004,4,0,2,0,141,153,575
2023-02-24 05:00:00,P0199,Clothing,4417.29,5114.32,250,0.5,4,0,2,0,76,76,307
2023-02-24 06:00:00,P0180,Furniture,147.61,130.25,76,0.152,4,0,2,0,125,137,503
2023-02-24 07:00:00,P0198,Books,3801.17,3673.74,421,0.842,4,0,2,0,72,78,288
2023-02-24 08:00:00,P0088,Furniture,1840.37,1701.69,219,0.438,4,0,2,0,113,112,477
2023-02-24 09:00:00,P0161,Electronics,3704.17,4129.98,397,0.794,4,0,2,0,69,69,284
2023-02-24 10:00:00,P0177,Books,2038.64,1671.79,384,0.768,4,0,2,0,78,67,294
2023-02-24 11:00:00,P0029,Groceries,400.99,352.32,347,0.694,4,0,2,0,102,103,403
2023-02-24 12:00:00,P0063,Books,3849.16,3403.65,378,0.756,4,0,2,0,71,75,286
2023-02-24 13:00:00,P0150,Furniture,402.7,482.11,227,0.454,4,0,2,0,106,98,417
2023-02-24 14:00:00,P0154,Clothing,4614.5,4745.14,117,0.234,4,0,2,0,87,100,330
2023-02-24 15:00:00,P0156,Groceries,302.32,258.66,497,0.994,4,0,2,0,90,103,333
2023-02-24 16:00:00,P0114,Furniture,2422.66,2201.91,266,0.532,4,0,2,0,88,82,325
2023-02-24 17:00:00,P0049,Groceries,3629.02,3146.83,234,0.468,4,0,2,0,66,70,253
2023-02-24 18:00:00,P0199,Books,1996.57,1696.77,167,0.334,4,0,2,0,113,97,443
2023-02-24 19:00:00,P0081,Electronics,1125.31,1259.08,259,0.518,4,0,2,0,77,81,319
2023-02-24 20:00:00,P0084,Furniture,3807.5,3801.03,417,0.834,4,0,2,0,73,76,320
2023-02-24 21:00:00,P0105,Clothing,3932.26,4138.64,192,0.384,4,0,2,0,67,73,289
2023-02-24 22:00:00,P0177,Books,4617.34,4305.67,183,0.366,4,0,2,0,61,57,259
2023-02-24 23:00:00,P0148,Furniture,1912.02,1953.09,9,0.018,4,0,2,0,92,102,391
2023-02-25 00:00:00,P0118,Clothing,2555.95,2308.09,336,0.672,5,1,2,0,87,96,355
2023-02-25 01:00:00,P0086,Furniture,1847.49,1705.63,326,0.652,5,1,2,0,108,113,411
2023-02-25 02:00:00,P0063,Books,1322.56,1403.1,358,0.716,5,1,2,0,95,94,378
2023-02-25 03:00:00,P0189,Furniture,3767.61,3240.67,447,0.894,5,1,2,0,91,94,338
2023-02-25 04:00:00,P0104,Groceries,1731.28,1812.46,140,0.28,5,1,2,0,128,137,519
2023-02-25 05:00:00,P0049,Books,2169.34,2474.99,21,0.042,5,1,2,0,132,151,478
2023-02-25 06:00:00,P0071,Furniture,2048.18,1737.2,311,0.622,5,1,2,0,88,78,330
2023-02-25 07:00:00,P0001,Electronics,3577.67,4146.46,377,0.754,5,1,2,0,79,75,329
2023-02-25 08:00:00,P0141,Furniture,4593.09,3820.43,192,0.384,5,1,2,0,78,85,298
2023-02-25 09:00:00,P0179,Groceries,3350.44,3147.95,91,0.182,5,1,2,0,92,89,362
2023-02-25 10:00:00,P0123,Clothing,2384.33,2489.73,96,0.192,5,1,2,0,117,123,499
2023-02-25 11:00:00,P0184,Clothing,3907.07,3999.93,140,0.28,5,1,2,0,93,83,338
2023-02-25 12:00:00,P0062,Clothing,3222.81,2702.51,256,0.512,5,1,2,1,85,90,308
2023-02-25 13:00:00,P0032,Electronics,350.02,391.87,37,0.074,5,1,2,0,129,136,488
2023-02-25 14:00:00,P0158,Groceries,523.53,622.61,246,0.492,5,1,2,0,121,124,502
2023-02-25 15:00:00,P0029,Books,237.69,207.38,255,0.51,5,1,2,0,122,132,462
2023-02-25 16:00:00,P0049,Clothing,2311.24,2676.54,441,0.882,5,1,2,0,89,99,382
2023-02-25 17:00:00,P0173,Groceries,4137.97,4232.0,408,0.816,5,1,2,0,71,78,276
2023-02-25 18:00:00,P0030,Furniture,1599.76,1878.72,297,0.594,5,1,2,0,117,104,448
2023-02-25 19:00:00,P0144,Electronics,1951.59,1698.73,84,0.168,5,1,2,0,100,107,379
2023-02-25 20:00:00,P0168,Groceries,4551.91,5083.61,416,0.832,5,1,2,0,81,80,329
2023-02-25 21:00:00,P0019,Groceries,4192.67,3454.39,440,0.88,5,1,2,0,80,76,343
2023-02-25 22:00:00,P0018,Books,3341.99,3854.25,36,0.072,5,1,2,0,91,101,357
2023-02-25 23:00:00,P0001,Groceries,1370.68,1466.17,184,0.368,5,1,2,0,121,123,460
2023-02-26 00:00:00,P0078,Books,629.36,596.7,97,0.194,6,1,2,0,118,118,465
2023-02-26 01:00:00,P0115,Electronics,129.49,113.46,317,0.634,6,1,2,0,129,140,558
2023-02-26 02:00:00,P0175,Electronics,579.7,653.1,386,0.772,6,1,2,0,106,108,410
2023-02-26 03:00:00,P0194,Furniture,1498.35,1560.23,29,0.058,6,1,2,1,122,135,503
2023-02-26 04:00:00,P0113,Books,2781.36,2626.07,450,0.9,6,1,2,0,91,80,352
2023-02-26 05:00:00,P0114,Books,366.8,358.56,190,0.38,6,1,2,0,118,128,488
2023-02-26 06:00:00,P0166,Clothing,724.33,818.94,337,0.674,6,1,2,0,112,101,482
2023-02-26 07:00:00,P0179,Clothing,946.35,885.38,278,0.556,6,1,2,0,108,99,441
2023-02-26 08:00:00,P0063,Furniture,3178.31,2656.6,455,0.91,6,1,2,0,98,89,427
2023-02-26 09:00:00,P0132,Electronics,3098.16,3607.85,200,0.4,6,1,2,0,90,83,367
2023-02-26 10:00:00,P0129,Clothing,2776.29,2651.18,321,0.642,6,1,2,0,95,102,416
2023-02-26 11:00:00,P0008,Groceries,1289.98,1211.75,188,0.376,6,1,2,0,92,96,384
2023-02-26 12:00:00,P0157,Electronics,1887.04,1663.92,257,0.514,6,1,2,0,100,92,412
2023-02-26 13:00:00,P0055,Groceries,528.61,612.64,154,0.308,6,1,2,0,133,124,567
2023-02-26 14:00:00,P0103,Books,1170.98,1038.66,431,0.862,6,1,2,1,112,99,404
2023-02-26 15:00:00,P0131,Electronics,4493.64,4739.3,486,0.972,6,1,2,0,77,75,293
2023-02-26 16:00:00,P0032,Furniture,4899.47,5645.69,318,0.636,6,1,2,0,75,72,283
2023-02-26 17:00:00,P0010,Books,3255.91,2650.2,227,0.454,6,1,2,0,97,87,358
2023-02-26 18:00:00,P0110,Books,4588.28,5191.72,4,0.008,6,1,2,0,100,110,435
2023-02-26 19:00:00,P0162,Groceries,3231.57,3116.01,128,0.256,6,1,2,1,89,98,330
2023-02-26 20:00:00,P0124,Books,214.32,227.86,405,0.81,6,1,2,1,132,117,503
2023-02-26 21:00:00,P0087,Clothing,4983.97,4729.6,73,0.146,6,1,2,0,74,69,286
2023-02-26 22:00:00,P0055,Electronics,539.81,582.03,364,0.728,6,1,2,0,120,128,492
2023-02-26 23:00:00,P0032,Clothing,3429.08,3092.06,23,0.046,6,1,2,0,91,101,383
2023-02-27 00:00:00,P0178,Groceries,1301.54,1052.65,314,0.628,0,0,2,0,104,91,425
2023-02-27 01:00:00,P0135,Groceries,1990.31,2346.8,462,0.924,0,0,2,0,74,83,311
2023-02-27 02:00:00,P0093,Electronics,3247.37,2619.16,480,0.96,0,0,2,0,67,58,263
2023-02-27 03:00:00,P0008,Books,2210.61,2497.19,433,0.866,0,0,2,0,84,87,369
2023-02-27 04:00:00,P0065,Furniture,1290.2,1119.45,278,0.556,0,0,2,0,90,77,336
2023-02-27 05:00:00,P0057,Groceries,1705.51,1631.98,205,0.41,0,0,2,0,90,102,353
2023-02-27 06:00:00,P0067,Electronics,1740.66,1965.2,145,0.29,0,0,2,0,97,93,414
2023-02-27 07:00:00,P0187,Furniture,4798.65,4234.2,88,0.176,0,0,2,0,63,66,239
2023-02-27 08:00:00,P0072,Books,4003.13,4588.72,21,0.042,0,0,2,0,82,74,344
2023-02-27 09:00:00,P0054,Groceries,2319.82,2317.74,299,0.598,0,0,2,0,91,86,354
2023-02-27 10:00:00,P0067,Electronics,1039.11,983.48,43,0.086,0,0,2,1,91,98,341
2023-02-27 11:00:00,P0051,Electronics,4064.53,4328.62,36,0.072,0,0,2,0,82,94,322
2023-02-27 12:00:00,P0097,Electronics,828.05,775.52,6,0.012,0,0,2,0,114,131,482
2023-02-27 13:00:00,P0092,Groceries,1091.79,1025.1,473,0.946,0,0,2,0,96,105,354
2023-02-27 14:00:00,P0008,Furniture,1861.77,2035.68,279,0.558,0,0,2,0,94,104,377
2023-02-27 15:00:00,P0162,Electronics,4407.72,4072.44,460,0.92,0,0,2,0,68,78,285
2023-02-27 16:00:00,P0035,Books,702.34,618.28,168,0.336,0,0,2,0,111,96,466
2023-02-27 17:00:00,P0096,Electronics,655.06,735.67,69,0.138,0,0,2,0,114,103,446
2023-02-27 18:00:00,P0088,Furniture,2495.18,2799.96,212,0.424,0,0,2,0,93,81,370
2023-02-27 19:00:00,P0078,Groceries,1418.23,1416.86,70,0.14,0,0,2,0,120,120,514
2023-02-27 20:00:00,P0032,Electronics,2865.2,2895.75,401,0.802,0,0,2,0,91,104,343
2023-02-27 21:00:00,P0120,Electronics,2285.6,2464.86,206,0.412,0,0,2,0,90,92,395
2023-02-27 22:00:00,P0046,Books,2203.05,2211.22,71,0.142,0,0,2,0,90,91,354
2023-02-27 23:00:00,P0144,Books,604.27,584.22,315,0.63,0,0,2,0,115,126,439
2023-02-28 00:00:00,P0196,Electronics,748.2,896.31,179,0.358,1,0,2,0,130,147,468
2023-02-28 01:00:00,P0165,Electronics,4114.34,3534.45,207,0.414,1,0,2,0,75,79,278
2023-02-28 02:00:00,P0182,Books,4435.12,4599.62,176,0.352,1,0,2,0,77,86,324
2023-02-28 03:00:00,P0142,Furniture,1211.68,1398.7,194,0.388,1,0,2,0,98,88,404
2023-02-28 04:00:00,P0055,Clothing,611.63,657.43,300,0.6,1,0,2,0,108,108,410
2023-02-28 05:00:00,P0176,Clothing,314.41,362.32,392,0.784,1,0,2,0,82,79,356
2023-02-28 06:00:00,P0007,Electronics,3061.07,2860.67,371,0.742,1,0,2,0,75,71,320
2023-02-28 07:00:00,P0074,Books,3591.0,3263.49,238,0.476,1,0,2,0,84,77,320
2023-02-28 08:00:00,P0007,Groceries,1895.41,2161.73,153,0.306,1,0,2,0,88,98,340
2023-02-28 09:00:00,P0161,Groceries,3414.4,3269.79,153,0.306,1,0,2,0,87,86,326
2023-02-28 10:00:00,P0151,Clothing,3579.15,3879.34,29,0.058,1,0,2,1,89,90,366
2023-02-28 11:00:00,P0085,Furniture,4679.94,4020.53,26,0.052,1,0,2,0,79,74,329
2023-02-28 12:00:00,P0147,Clothing,371.12,409.1,463,0.926,1,0,2,0,93,106,364
2023-02-28 13:00:00,P0112,Electronics,1001.84,1021.47,239,0.478,1,0,2,0,109,113,457
2023-02-28 14:00:00,P0125,Furniture,389.2,353.18,242,0.484,1,0,2,0,127,108,558
2023-02-28 15:00:00,P0147,Groceries,4346.57,4337.01,131,0.262,1,0,2,0,71,66,290
2023-02-28 16:00:00,P0036,Books,3973.31,4286.32,178,0.356,1,0,2,0,72,83,297
2023-02-28 17:00:00,P0029,Books,2894.48,2329.35,338,0.676,1,0,2,0,80,91,312
2023-02-28 18:00:00,P0188,Electronics,464.13,489.65,97,0.194,1,0,2,0,115,117,415
2023-02-28 19:00:00,P0082,Clothing,1402.9,1426.24,325,0.65,1,0,2,0,85,87,371
2023-02-28 20:00:00,P0002,Electronics,1523.71,1353.23,236,0.472,1,0,2,0,93,104,392
2023-02-28 21:00:00,P0129,Books,2825.68,3111.62,334,0.668,1,0,2,0,95,101,395
2023-02-28 22:00:00,P0047,Groceries,1327.32,1222.97,137,0.274,1,0,2,0,114,129,413
2023-02-28 23:00:00,P0197,Books,411.15,374.45,117,0.234,1,0,2,0,100,99,421
2023-03-01 00:00:00,P0148,Furniture,3667.27,3625.05,105,0.21,2,0,3,0,97,111,401
2023-03-01 01:00:00,P0011,Books,1530.45,1638.29,35,0.07,2,0,3,0,100,101,406
2023-03-01 02:00:00,P0130,Books,2289.25,2681.94,45,0.09,2,0,3,1,100,104,410
2023-03-01 03:00:00,P0195,Furniture,681.95,584.12,103,0.206,2,0,3,0,110,96,477
2023-03-01 04:00:00,P0119,Clothing,4022.61,3856.02,389,0.778,2,0,3,0,77,80,278
2023-03-01 05:00:00,P0140,Books,2849.38,2355.86,363,0.726,2,0,3,1,72,78,268
2023-03-01 06:00:00,P0020,Electronics,4512.85,4979.57,359,0.718,2,0,3,0,64,63,276
2023-03-01 07:00:00,P0005,Books,2502.58,2450.26,69,0.138,2,0,3,0,85,85,307
2023-03-01 08:00:00,P0037,Electronics,4710.06,5099.92,206,0.412,2,0,3,0,62,60,268
2023-03-01 09:00:00,P0166,Furniture,4464.75,4147.21,220,0.44,2,0,3,0,66,75,239
2023-03-01 10:00:00,P0137,Books,2903.48,3303.37,88,0.176,2,0,3,0,82,81,346
2023-03-01 11:00:00,P0053,Furniture,4672.77,4737.87,466,0.932,2,0,3,0,68,60,293
2023-03-01 12:00:00,P0172,Furniture,1649.29,1941.95,461,0.922,2,0,3,0,85,73,348
2023-03-01 13:00:00,P0099,Clothing,1859.93,1546.58,2,0.004,2,0,3,0,99,107,407
2023-03-01 14:00:00,P0086,Books,275.12,276.69,433,0.866,2,0,3,0,82,83,299
2023-03-01 15:00:00,P0108,Electronics,2966.54,3282.72,297,0.594,2,0,3,0,91,77,343
2023-03-01 16:00:00,P0024,Electronics,3623.52,3768.68,365,0.73,2,0,3,0,62,60,268
2023-03-01 17:00:00,P0081,Books,3878.92,3139.12,461,0.922,2,0,3,0,71,80,302
2023-03-01 18:00:00,P0158,Clothing,791.59,941.15,437,0.874,2,0,3,0,109,124,398
2023-03-01 19:00:00,P0120,Clothing,2248.59,2067.14,230,0.46,2,0,3,0,105,91,446
2023-03-01 20:00:00,P0059,Clothing,925.47,832.66,422,0.844,2,0,3,0,82,73,323
2023-03-01 21:00:00,P0128,Electronics,3327.53,3308.44,468,0.936,2,0,3,0,73,62,296
2023-03-01 22:00:00,P0114,Furniture,831.83,845.86,117,0.234,2,0,3,0,116,129,428
2023-03-01 23:00:00,P0115,Clothing,4525.61,5007.66,310,0.62,2,0,3,0,66,58,259
2023-03-02 00:00:00,P0014,Electronics,1191.64,1140.77,394,0.788,3,0,3,0,104,92,411
2023-03-02 01:00:00,P0009,Electronics,1492.44,1456.6,113,0.226,3,0,3,0,81,74,335
2023-03-02 02:00:00,P0040,Furniture,4261.99,4321.59,201,0.402,3,0,3,0,75,84,309
2023-03-02 03:00:00,P0194,Books,2319.41,2221.43,462,0.924,3,0,3,0,86,91,347
2023-03-02 04:00:00,P0025,Books,168.78,196.77,29,0.058,3,0,3,0,104,108,377
2023-03-02 05:00:00,P0103,Clothing,2498.2,2849.2,363,0.726,3,0,3,0,91,99,339
2023-03-02 06:00:00,P0022,Clothing,468.49,460.05,246,0.492,3,0,3,0,95,101,354
2023-03-02 07:00:00,P0004,Furniture,4927.46,3942.35,80,0.16,3,0,3,0,82,88,353
2023-03-02 08:00:00,P0154,Clothing,2961.15,3436.04,245,0.49,3,0,3,0,81,71,350
2023-03-02 09:00:00,P0186,Furniture,1319.84,1121.51,183,0.366,3,0,3,0,99,102,420
2023-03-02 10:00:00,P0029,Electronics,2840.4,2550.13,412,0.824,3,0,3,0,72,77,269
2023-03-02 11:00:00,P0109,Clothing,430.49,370.63,272,0.544,3,0,3,0,102,104,436
2023-03-02 12:00:00,P0098,Electronics,4009.46,3495.95,32,0.064,3,0,3,0,75,64,281
2023-03-02 13:00:00,P0037,Groceries,4630.37,5191.34,101,0.202,3,0,3,0,75,69,303
2023-03-02 14:00:00,P0075,Furniture,4378.5,4517.74,276,0.552,3,0,3,0,73,83,306
2023-03-02 15:00:00,P0070,Groceries,1741.7,2059.45,110,0.22,3,0,3,0,99,105,360
2023-03-02 16:00:00,P0146,Clothing,1662.55,1483.96,498,0.996,3,0,3,0,88,93,359
2023-03-02 17:00:00,P0128,Electronics,223.68,222.39,205,0.41,3,0,3,0,98,103,372
2023-03-02 18:00:00,P0085,Clothing,3274.43,3899.75,265,0.53,3,0,3,0,72,64,288
2023-03-02 19:00:00,P0042,Groceries,2697.78,3050.05,489,0.978,3,0,3,1,88,75,344
2023-03-02 20:00:00,P0100,Clothing,2323.76,2536.26,214,0.428,3,0,3,0,84,83,349
2023-03-02 21:00:00,P0041,Books,4542.77,3977.6,102,0.204,3,0,3,1,76,75,303
2023-03-02 22:00:00,P0166,Groceries,881.0,975.94,294,0.588,3,0,3,0,77,84,296
2023-03-02 23:00:00,P0034,Clothing,97.85,91.88,77,0.154,3,0,3,0,121,109,524
2023-03-03 00:00:00,P0017,Electronics,412.92,417.96,174,0.348,4,0,3,0,122,114,533
2023-03-03 01:00:00,P0165,Clothing,1155.69,1206.15,341,0.682,4,0,3,0,98,86,416
2023-03-03 02:00:00,P0153,Electronics,214.76,224.15,51,0.102,4,0,3,0,118,114,480
2023-03-03 03:00:00,P0122,Books,2539.08,2769.14,296,0.592,4,0,3,0,100,93,431
2023-03-03 04:00:00,P0076,Clothing,1604.75,1708.55,475,0.95,4,0,3,0,91,85,371
2023-03-03 05:00:00,P0087,Books,943.39,780.51,174,0.348,4,0,3,0,97,90,361
2023-03-03 06:00:00,P0117,Groceries,3762.92,3698.72,456,0.912,4,0,3,0,68,63,246
2023-03-03 07:00:00,P0106,Electronics,1062.03,1131.71,342,0.684,4,0,3,0,91,86,380
2023-03-03 08:00:00,P0086,Groceries,3453.65,3171.82,198,0.396,4,0,3,0,89,90,374
2023-03-03 09:00:00,P0027,Electronics,1778.86,1645.84,87,0.174,4,0,3,0,113,111,490
2023-03-03 10:00:00,P0057,Books,2583.55,2195.57,170,0.34,4,0,3,0,99,86,422
2023-03-03 11:00:00,P0031,Furniture,4672.64,4520.53,36,0.072,4,0,3,0,69,67,284
2023-03-03 12:00:00,P0134,Clothing,234.89,280.63,122,0.244,4,0,3,0,114,126,428
2023-03-03 13:00:00,P0168,Books,2526.31,2309.37,200,0.4,4,0,3,0,96,85,391
2023-03-03 14:00:00,P0098,Electronics,4279.39,4333.2,63,0.126,4,0,3,0,68,77,268
2023-03-03 15:00:00,P0012,Electronics,2960.47,3248.51,485,0.97,4,0,3,0,84,79,318
2023-03-03 16:00:00,P0053,Electronics,1420.51,1144.08,454,0.908,4,0,3,1,98,84,415
2023-03-03 17:00:00,P0199,Electronics,2018.52,2341.84,187,0.374,4,0,3,0,100,93,372
2023-03-03 18:00:00,P0138,Clothing,3417.31,3262.23,214,0.428,4,0,3,0,88,77,361
2023-03-03 19:00:00,P0173,Groceries,4459.52,5117.95,408,0.816,4,0,3,0,66,67,270
2023-03-03 20:00:00,P0145,Furniture,253.28,206.57,374,0.748,4,0,3,0,94,89,361
2023-03-03 21:00:00,P0154,Clothing,404.12,346.84,493,0.986,4,0,3,0,108,118,426
2023-03-03 22:00:00,P0190,Electronics,1659.01,1541.24,242,0.484,4,0,3,0,96,103,355
2023-03-03 23:00:00,P0122,Clothing,1202.26,1127.94,149,0.298,4,0,3,0,98,97,355
2023-03-04 00:00:00,P0046,Books,1361.41,1550.81,426,0.852,5,1,3,1,107,109,386
2023-03-04 01:00:00,P0064,Electronics,1145.29,921.36,123,0.246,5,1,3,0,122,126,456
2023-03-04 02:00:00,P0130,Furniture,1019.33,1076.87,454,0.908,5,1,3,0,103,96,442
2023-03-04 03:00:00,P0054,Electronics,696.59,593.86,197,0.394,5,1,3,1,128,114,514
2023-03-04 04:00:00,P0107,Furniture,4673.07,5277.23,35,0.07,5,1,3,0,102,98,377
2023-03-04 05:00:00,P0193,Furniture,763.74,848.84,301,0.602,5,1,3,0,102,90,441
2023-03-04 06:00:00,P0051,Groceries,1061.8,1061.77,277,0.554,5,1,3,0,101,95,410
2023-03-04 07:00:00,P0181,Groceries,1269.02,1123.18,34,0.068,5,1,3,1,138,140,500
2023-03-04 08:00:00,P0036,Clothing,4668.42,4919.57,112,0.224,5,1,3,0,90,91,379
2023-03-04 09:00:00,P0115,Clothing,3790.78,3269.56,174,0.348,5,1,3,0,106,94,422
2023-03-04 10:00:00,P0026,Furniture,3959.01,3468.13,32,0.064,5,1,3,0,111,95,447
2023-03-04 11:00:00,P0029,Electronics,568.55,597.36,212,0.424,5,1,3,0,132,116,540
2023-03-04 12:00:00,P0149,Books,4189.73,5012.98,202,0.404,5,1,3,1,76,65,279
2023-03-04 13:00:00,P0011,Books,2070.56,2394.45,396,0.792,5,1,3,0,103,100,449
2023-03-04 14:00:00,P0040,Electronics,1350.97,1401.28,253,0.506,5,1,3,0,109,105,415
2023-03-04 15:00:00,P0011,Electronics,2899.96,2944.66,55,0.11,5,1,3,0,109,101,447
2023-03-04 16:00:00,P0164,Groceries,4119.81,4941.11,322,0.644,5,1,3,0,77,70,330
2023-03-04 17:00:00,P0113,Books,3904.33,3978.35,12,0.024,5,1,3,0,100,97,387
2023-03-04 18:00:00,P0187,Furniture,4455.49,4313.12,49,0.098,5,1,3,0,94,82,386
2023-03-04 19:00:00,P0039,Clothing,4644.25,5405.08,247,0.494,5,1,3,0,82,75,360
2023-03-04 20:00:00,P0054,Groceries,1228.7,1098.06,232,0.464,5,1,3,1,120,117,514
2023-03-04 21:00:00,P0098,Books,2148.1,1802.28,440,0.88,5,1,3,0,105,92,443
2023-03-04 22:00:00,P0055,Electronics,122.41,128.98,481,0.962,5,1,3,0,106,117,419
2023-03-04 23:00:00,P0111,Books,4402.64,3690.91,27,0.054,5,1,3,0,91,96,360
2023-03-05 00:00:00,P0152,Furniture,815.13,773.77,103,0.206,6,1,3,0,124,120,495
2023-03-05 01:00:00,P0150,Groceries,4314.3,4182.42,353,0.706,6,1,3,0,89,80,370
2023-03-05 02:00:00,P0069,Electronics,1680.47,1712.42,95,0.19,6,1,3,0,125,114,464
2023-03-05 03:00:00,P0056,Furniture,1872.26,2240.47,342,0.684,6,1,3,1,98,87,420
2023-03-05 04:00:00,P0033,Clothing,243.7,216.5,343,0.686,6,1,3,1,129,116,466
2023-03-05 05:00:00,P0036,Groceries,1668.05,1585.15,192,0.384,6,1,3,0,128,125,478
2023-03-05 06:00:00,P0148,Furniture,4447.4,3793.17,407,0.814,6,1,3,0,80,74,319
2023-03-05 07:00:00,P0081,Furniture,176.46,184.06,450,0.9,6,1,3,1,112,125,426
2023-03-05 08:00:00,P0190,Electronics,2061.32,2249.04,124,0.248,6,1,3,0,99,113,385
2023-03-05 09:00:00,P0109,Clothing,205.43,203.96,80,0.16,6,1,3,0,106,112,410
2023-03-05 10:00:00,P0154,Furniture,1886.07,1694.32,6,0.012,6,1,3,0,130,142,496
2023-03-05 11:00:00,P0194,Groceries,904.57,948.31,329,0.658,6,1,3,0,99,92,387
2023-03-05 12:00:00,P0073,Furniture,1298.48,1318.82,82,0.164,6,1,3,0,108,113,432
2023-03-05 13:00:00,P0040,Books,4394.11,3816.17,23,0.046,6,1,3,0,90,78,358
2023-03-05 14:00:00,P0017,Groceries,2208.44,2125.12,392,0.784,6,1,3,0,102,116,433
2023-03-05 15:00:00,P0129,Groceries,1405.3,1368.87,113,0.226,6,1,3,0,135,142,519
2023-03-05 16:00:00,P0061,Furniture,2967.22,3540.03,14,0.028,6,1,3,0,109,103,417
2023-03-05 17:00:00,P0171,Electronics,753.43,858.69,112,0.224,6,1,3,1,121,131,484
2023-03-05 18:00:00,P0104,Groceries,1333.99,1459.05,439,0.878,6,1,3,0,102,87,371
2023-03-05 19:00:00,P0042,Books,2753.93,3182.2,377,0.754,6,1,3,0,80,77,295
2023-03-05 20:00:00,P0025,Electronics,1225.74,1341.2,341,0.682,6,1,3,0,126,141,535
2023-03-05 21:00:00,P0039,Electronics,3411.68,3962.19,249,0.498,6,1,3,0,100,93,399
2023-03-05 22:00:00,P0035,Electronics,2482.88,2040.48,144,0.288,6,1,3,0,108,113,395
2023-03-05 23:00:00,P0131,Groceries,3871.35,3803.32,18,0.036,6,1,3,0,108,103,427
2023-03-06 00:00:00,P0108,Electronics,4743.81,5212.31,8,0.016,0,0,3,1,82,79,321
2023-03-06 01:00:00,P0172,Furniture,623.23,643.99,319,0.638,0,0,3,1,107,115,406
2023-03-06 02:00:00,P0179,Electronics,1706.59,1484.85,184,0.368,0,0,3,0,97,109,378
2023-03-06 03:00:00,P0102,Books,1631.77,1527.66,37,0.074,0,0,3,0,103,93,386
2023-03-06 04:00:00,P0098,Clothing,798.36,740.17,210,0.42,0,0,3,0,89,83,352
2023-03-06 05:00:00,P0012,Books,4061.0,3673.33,391,0.782,0,0,3,0,78,78,306
2023-03-06 06:00:00,P0019,Groceries,3811.4,3572.25,133,0.266,0,0,3,0,78,81,319
2023-03-06 07:00:00,P0101,Electronics,2447.91,2462.45,432,0.864,0,0,3,0,91,90,396
2023-03-06 08:00:00,P0044,Electronics,2711.97,3096.93,101,0.202,0,0,3,0,97,106,364
2023-03-06 09:00:00,P0187,Furniture,344.74,378.12,428,0.856,0,0,3,0,101,109,397
2023-03-06 10:00:00,P0049,Electronics,2799.76,3175.21,148,0.296,0,0,3,0,96,93,389
2023-03-06 11:00:00,P0189,Books,3967.14,4575.86,92,0.184,0,0,3,0,73,63,295
2023-03-06 12:00:00,P0017,Groceries,2890.45,2793.5,289,0.578,0,0,3,0,71,64,293
2023-03-06 13:00:00,P0074,Clothing,1363.27,1279.31,139,0.278,0,0,3,0,100,100,381
2023-03-06 14:00:00,P0057,Electronics,3354.36,2760.8,294,0.588,0,0,3,0,83,94,341
2023-03-06 15:00:00,P0055,Clothing,1839.37,2156.1,351,0.702,0,0,3,0,98,100,369
2023-03-06 16:00:00,P0047,Electronics,2747.12,2270.03,261,0.522,0,0,3,0,86,87,318
2023-03-06 17:00:00,P0012,Groceries,2463.45,2701.06,80,0.16,0,0,3,0,85,91,363
2023-03-06 18:00:00,P0062,Books,1936.82,1842.39,31,0.062,0,0,3,0,113,101,450
2023-03-06 19:00:00,P0080,Groceries,3608.45,4256.21,187,0.374,0,0,3,0,77,69,302
2023-03-06 20:00:00,P0083,Clothing,4425.19,4282.88,135,0.27,0,0,3,0,77,73,334
2023-03-06 21:00:00,P0008,Electronics,75.8,85.4,165,0.33,0,0,3,0,118,136,492
2023-03-06 22:00:00,P0149,Clothing,4671.4,4265.28,476,0.952,0,0,3,0,64,71,265
2023-03-06 23:00:00,P0081,Books,2582.0,2374.5,478,0.956,0,0,3,0,64,67,240
2023-03-07 00:00:00,P0118,Groceries,3518.62,3653.06,146,0.292,1,0,3,0,77,74,290
2023-03-07 01:00:00,P0198,Clothing,4285.34,5138.95,244,0.488,1,0,3,0,76,77,303
2023-03-07 02:00:00,P0200,Clothing,2362.16,2378.76,182,0.364,1,0,3,0,106,100,437
2023-03-07 03:00:00,P0025,Books,4183.12,4913.17,8,0.016,1,0,3,0,85,89,333
2023-03-07 04:00:00,P0089,Electronics,929.22,1035.62,435,0.87,1,0,3,0,100,98,365
2023-03-07 05:00:00,P0012,Clothing,837.88,937.04,155,0.31,1,0,3,0,85,75,352
2023-03-07 06:00:00,P0143,Books,3304.48,3219.83,317,0.634,1,0,3,0,87,80,367
2023-03-07 07:00:00,P0059,Electronics,4357.21,4159.47,175,0.35,1,0,3,0,80,83,348
2023-03-07 08:00:00,P0154,Electronics,4467.51,3916.97,113,0.226,1,0,3,0,78,83,306
2023-03-07 09:00:00,P0109,Groceries,3236.52,3837.14,242,0.484,1,0,3,0,84,74,320
2023-03-07 10:00:00,P0026,Books,2651.17,3138.34,166,0.332,1,0,3,0,94,103,408
2023-03-07 11:00:00,P0047,Electronics,1690.4,1857.46,487,0.974,1,0,3,0,98,108,409
2023-03-07 12:00:00,P0032,Groceries,4901.0,4501.57,436,0.872,1,0,3,0,62,66,226
2023-03-07 13:00:00,P0010,Furniture,1632.49,1466.09,222,0.444,1,0,3,1,100,106,406
2023-03-07 14:00:00,P0016,Books,3733.72,4463.45,190,0.38,1,0,3,0,76,70,275
2023-03-07 15:00:00,P0199,Furniture,2683.31,2218.07,274,0.548,1,0,3,0,86,97,325
2023-03-07 16:00:00,P0145,Electronics,3062.14,3482.96,288,0.576,1,0,3,0,83,77,304
2023-03-07 17:00:00,P0151,Books,1997.73,1882.23,63,0.126,1,0,3,0,105,95,395
2023-03-07 18:00:00,P0026,Groceries,4825.87,4669.26,281,0.562,1,0,3,0,63,66,251
2023-03-07 19:00:00,P0086,Electronics,2879.83,3262.25,172,0.344,1,0,3,0,86,82,330
2023-03-07 20:00:00,P0135,Books,4692.05,3923.69,256,0.512,1,0,3,0,71,80,261
2023-03-07 21:00:00,P0014,Books,87.58,82.47,202,0.404,1,0,3,0,110,109,438
2023-03-07 22:00:00,P0079,Furniture,2884.72,3406.31,449,0.898,1,0,3,0,80,72,333
2023-03-07 23:00:00,P0117,Electronics,3600.08,3886.74,418,0.836,1,0,3,0,65,74,237
2023-03-08 00:00:00,P0007,Groceries,3738.15,4119.35,76,0.152,2,0,3,0,86,86,370
2023-03-08 01:00:00,P0137,Groceries,4529.64,4996.2,102,0.204,2,0,3,0,69,69,284
2023-03-08 02:00:00,P0115,Electronics,71.79,59.17,225,0.45,2,0,3,0,95,92,381
2023-03-08 03:00:00,P0176,Electronics,51.63,45.5,225,0.45,2,0,3,0,114,125,447
2023-03-08 04:00:00,P0072,Clothing,2387.7,2379.36,226,0.452,2,0,3,0,93,87,364
2023-03-08 05:00:00,P0059,Furniture,195.0,184.72,95,0.19,2,0,3,0,119,102,460
2023-03-08 06:00:00,P0082,Electronics,4873.94,4700.26,428,0.856,2,0,3,0,66,66,244
2023-03-08 07:00:00,P0116,Electronics,1149.22,1278.6,75,0.15,2,0,3,0,111,125,407
2023-03-08 08:00:00,P0167,Clothing,2389.69,1925.78,32,0.064,2,0,3,0,110,103,423
2023-03-08 09:00:00,P0146,Clothing,352.63,375.27,81,0.162,2,0,3,0,123,114,508
2023-03-08 10:00:00,P0187,Books,2634.14,2107.43,68,0.136,2,0,3,0,101,108,387
2023-03-08 11:00:00,P0103,Groceries,1930.78,1593.32,338,0.676,2,0,3,0,95,103,404
2023-03-08 12:00:00,P0017,Furniture,271.07,261.13,414,0.828,2,0,3,0,110,108,429
2023-03-08 13:00:00,P0014,Books,1708.87,1941.92,218,0.436,2,0,3,1,92,101,378
2023-03-08 14:00:00,P0159,Electronics,1987.61,1705.37,447,0.894,2,0,3,0,91,82,359
2023-03-08 15:00:00,P0152,Clothing,4950.11,5058.26,361,0.722,2,0,3,0,71,68,284
2023-03-08 16:00:00,P0108,Groceries,1079.04,1156.09,357,0.714,2,0,3,0,95,92,361
2023-03-08 17:00:00,P0188,Books,2746.66,2449.51,369,0.738,2,0,3,0,93,88,373
2023-03-08 18:00:00,P0045,Groceries,4937.21,4961.56,398,0.796,2,0,3,0,61,56,225
2023-03-08 19:00:00,P0098,Clothing,3970.5,4623.9,301,0.602,2,0,3,0,77,73,301
2023-03-08 20:00:00,P0131,Books,4967.17,4991.47,119,0.238,2,0,3,0,62,53,245
2023-03-08 21:00:00,P0037,Books,4843.08,4179.24,47,0.094,2,0,3,0,78,83,325
2023-03-08 22:00:00,P0171,Groceries,2473.22,2599.67,67,0.134,2,0,3,0,106,112,416
2023-03-08 23:00:00,P0168,Clothing,3497.06,3626.03,338,0.676,2,0,3,0,76,75,314
2023-03-09 00:00:00,P0183,Electronics,596.69,483.79,84,0.168,3,0,3,0,96,91,359
2023-03-09 01:00:00,P0108,Books,2233.69,1867.9,381,0.762,3,0,3,0,86,84,311
2023-03-09 02:00:00,P0039,Electronics,4054.64,3497.99,423,0.846,3,0,3,0,63,71,252
2023-03-09 03:00:00,P0015,Clothing,2551.41,2180.22,376,0.752,3,0,3,0,84,87,334
2023-03-09 04:00:00,P0120,Books,3528.36,3188.88,384,0.768,3,0,3,0,81,87,335
2023-03-09 05:00:00,P0004,Books,3741.47,3672.78,275,0.55,3,0,3,0,80,74,308
2023-03-09 06:00:00,P0093,Electronics,1304.67,1237.72,255,0.51,3,0,3,0,83,73,301
2023-03-09 07:00:00,P0153,Furniture,4384.71,5069.86,405,0.81,3,0,3,0,65,57,272
2023-03-09 08:00:00,P0141,Electronics,2326.12,2430.43,437,0.874,3,0,3,0,85,84,370
2023-03-09 09:00:00,P0161,Electronics,1090.42,1254.48,204,0.408,3,0,3,0,116,124,454
2023-03-09 10:00:00,P0016,Furniture,4333.81,4380.68,232,0.464,3,0,3,0,71,77,290
2023-03-09 11:00:00,P0170,Clothing,2118.2,1770.71,64,0.128,3,0,3,0,102,109,412
2023-03-09 12:00:00,P0108,Clothing,3764.05,3708.77,398,0.796,3,0,3,0,74,83,300
2023-03-09 13:00:00,P0126,Books,2762.76,3118.64,316,0.632,3,0,3,0,79,68,339
2023-03-09 14:00:00,P0194,Groceries,1940.27,1702.86,78,0.156,3,0,3,0,94,104,394
2023-03-09 15:00:00,P0055,Groceries,4058.89,3395.2,13,0.026,3,0,3,0,79,83,333
2023-03-09 16:00:00,P0170,Books,2943.13,2742.33,324,0.648,3,0,3,0,92,83,338
2023-03-09 17:00:00,P0034,Groceries,1983.28,1895.14,377,0.754,3,0,3,0,81,85,301
2023-03-09 18:00:00,P0158,Electronics,592.51,546.59,304,0.608,3,0,3,0,101,101,417
2023-03-09 19:00:00,P0013,Electronics,4482.45,3828.44,389,0.778,3,0,3,0,63,60,254
2023-03-09 20:00:00,P0141,Furniture,225.57,203.09,168,0.336,3,0,3,0,126,116,532
2023-03-09 21:00:00,P0018,Furniture,4322.78,4637.97,158,0.316,3,0,3,0,77,76,283
2023-03-09 22:00:00,P0160,Books,1831.81,1748.23,115,0.23,3,0,3,0,112,103,454
2023-03-09 23:00:00,P0096,Books,3214.73,3385.17,345,0.69,3,0,3,0,58,51,231
2023-03-10 00:00:00,P0123,Books,4614.89,4681.91,191,0.382,4,0,3,0,77,85,330
2023-03-10 01:00:00,P0039,Electronics,800.95,816.67,344,0.688,4,0,3,0,90,93,337
2023-03-10 02:00:00,P0046,Groceries,2856.4,2569.1,434,0.868,4,0,3,0,75,72,291
2023-03-10 03:00:00,P0029,Books,3833.94,3866.98,442,0.884,4,0,3,0,70,69,260
2023-03-10 04:00:00,P0190,Books,3800.04,3075.9,182,0.364,4,0,3,0,78,87,309
2023-03-10 05:00:00,P0062,Electronics,2651.88,2579.48,372,0.744,4,0,3,0,83,79,357
2023-03-10 06:00:00,P0185,Electronics,3142.46,3233.75,377,0.754,4,0,3,0,73,70,302
2023-03-10 07:00:00,P0016,Electronics,3799.76,3316.42,432,0.864,4,0,3,0,71,77,298
2023-03-10 08:00:00,P0184,Groceries,4213.09,3802.83,230,0.46,4,0,3,0,73,66,268
2023-03-10 09:00:00,P0121,Books,3820.97,3392.3,167,0.334,4,0,3,0,66,69,261
2023-03-10 10:00:00,P0010,Clothing,1802.32,1492.72,14,0.028,4,0,3,1,106,104,453
2023-03-10 11:00:00,P0158,Clothing,4983.8,4680.5,453,0.906,4,0,3,0,61,61,260
2023-03-10 12:00:00,P0153,Books,2200.79,2622.43,192,0.384,4,0,3,0,94,102,413
2023-03-10 13:00:00,P0103,Books,171.1,161.1,232,0.464,4,0,3,0,104,119,418
2023-03-10 14:00:00,P0084,Books,1844.95,1815.83,262,0.524,4,0,3,0,94,103,339
2023-03-10 15:00:00,P0133,Books,682.53,724.32,445,0.89,4,0,3,0,76,68,328
2023-03-10 16:00:00,P0065,Groceries,651.14,689.82,53,0.106,4,0,3,0,106,97,463
2023-03-10 17:00:00,P0177,Clothing,1443.6,1703.39,179,0.358,4,0,3,0,95,92,413
2023-03-10 18:00:00,P0003,Furniture,314.21,359.15,434,0.868,4,0,3,0,100,107,422
2023-03-10 19:00:00,P0173,Clothing,3458.14,3864.75,3,0.006,4,0,3,0,86,86,324
2023-03-10 20:00:00,P0142,Clothing,416.24,491.43,256,0.512,4,0,3,0,116,130,431
2023-03-10 21:00:00,P0120,Electronics,1056.28,942.53,360,0.72,4,0,3,0,86,74,358
2023-03-10 22:00:00,P0158,Books,509.85,533.72,321,0.642,4,0,3,0,110,102,408
2023-03-10 23:00:00,P0068,Books,362.68,418.85,239,0.478,4,0,3,0,129,118,563
2023-03-11 00:00:00,P0146,Books,1375.37,1443.66,481,0.962,5,1,3,0,98,105,388
2023-03-11 01:00:00,P0190,Electronics,2880.9,3431.06,162,0.324,5,1,3,0,108,107,391
2023-03-11 02:00:00,P0037,Groceries,4825.19,4053.84,493,0.986,5,1,3,0,81,69,301
2023-03-11 03:00:00,P0153,Groceries,4384.01,4277.62,460,0.92,5,1,3,0,87,94,333
2023-03-11 04:00:00,P0176,Furniture,4385.87,5223.33,336,0.672,5,1,3,1,77,74,321
2023-03-11 05:00:00,P0193,Groceries,921.53,877.14,137,0.274,5,1,3,0,135,125,566
2023-03-11 06:00:00,P0181,Groceries,1361.29,1491.73,450,0.9,5,1,3,0,114,103,430
2023-03-11 07:00:00,P0073,Books,428.15,347.73,323,0.646,5,1,3,0,133,151,548
2023-03-11 08:00:00,P0143,Clothing,3903.42,4207.63,472,0.944,5,1,3,0,85,96,308
2023-03-11 09:00:00,P0049,Groceries,395.59,464.36,228,0.456,5,1,3,0,138,120,508
2023-03-11 10:00:00,P0121,Groceries,2805.64,2674.01,490,0.98,5,1,3,0,88,81,354
2023-03-11 11:00:00,P0088,Electronics,1276.98,1032.46,101,0.202,5,1,3,0,114,119,475
2023-03-11 12:00:00,P0196,Furniture,1255.06,1018.06,476,0.952,5,1,3,0,82,86,355
2023-03-11 13:00:00,P0140,Electronics,4954.09,5730.94,192,0.384,5,1,3,0,75,73,296
2023-03-11 14:00:00,P0187,Books,3796.06,4133.93,306,0.612,5,1,3,0,84,86,310
2023-03-11 15:00:00,P0037,Clothing,4192.85,3533.21,29,0.058,5,1,3,0,74,78,321
2023-03-11 16:00:00,P0061,Furniture,2881.31,2367.96,294,0.588,5,1,3,0,96,109,379
2023-03-11 17:00:00,P0171,Electronics,4361.52,4893.32,246,0.492,5,1,3,0,91,97,364
2023-03-11 18:00:00,P0124,Groceries,3245.18,3647.4,393,0.786,5,1,3,0,81,72,347
2023-03-11 19:00:00,P0198,Groceries,4733.56,4015.05,220,0.44,5,1,3,0,94,100,382
2023-03-11 20:00:00,P0039,Furniture,1442.63,1328.1,171,0.342,5,1,3,0,119,104,457
2023-03-11 21:00:00,P0184,Groceries,2996.83,3332.51,159,0.318,5,1,3,1,108,108,436
2023-03-11 22:00:00,P0063,Electronics,3466.15,3501.38,171,0.342,5,1,3,0,94,95,385
2023-03-11 23:00:00,P0046,Electronics,1995.04,2359.4,62,0.124,5,1,3,1,103,112,444
2023-03-12 00:00:00,P0088,Groceries,4404.55,4371.19,60,0.12,6,1,3,0,92,79,348
2023-03-12 01:00:00,P0011,Groceries,4900.03,5246.87,64,0.128,6,1,3,0,88,98,356
2023-03-12 02:00:00,P0062,Books,2494.16,2503.92,168,0.336,6,1,3,0,102,107,442
2023-03-12 03:00:00,P0077,Clothing,1983.67,2335.15,80,0.16,6,1,3,0,116,100,422
2023-03-12 04:00:00,P0153,Furniture,2386.09,2289.37,246,0.492,6,1,3,0,102,92,383
2023-03-12 05:00:00,P0199,Electronics,4271.05,3809.43,267,0.534,6,1,3,0,77,66,299
2023-03-12 06:00:00,P0052,Furniture,3245.07,3020.04,379,0.758,6,1,3,1,92,99,381
2023-03-12 07:00:00,P0004,Books,271.62,309.95,257,0.514,6,1,3,0,115,104,491
2023-03-12 08:00:00,P0059,Electronics,2733.74,2731.49,72,0.144,6,1,3,0,113,98,425
2023-03-12 09:00:00,P0072,Books,135.64,127.73,331,0.662,6,1,3,0,150,134,570
2023-03-12 10:00:00,P0148,Books,3903.75,3972.86,187,0.374,6,1,3,0,99,101,422
2023-03-12 11:00:00,P0093,Groceries,1675.15,1429.39,24,0.048,6,1,3,0,116,116,431
2023-03-12 12:00:00,P0063,Furniture,2386.44,1914.27,227,0.454,6,1,3,0,107,99,408
2023-03-12 13:00:00,P0054,Furniture,4003.46,3652.09,117,0.234,6,1,3,0,100,113,419
2023-03-12 14:00:00,P0117,Groceries,279.92,291.68,444,0.888,6,1,3,0,114,126,426
2023-03-12 15:00:00,P0110,Furniture,834.78,905.46,107,0.214,6,1,3,0,131,124,558
2023-03-12 16:00:00,P0074,Groceries,2019.9,2283.79,241,0.482,6,1,3,0,114,113,455
2023-03-12 17:00:00,P0107,Electronics,1188.13,1390.9,98,0.196,6,1,3,0,124,125,491
2023-03-12 18:00:00,P0057,Books,1722.61,1662.05,21,0.042,6,1,3,0,120,129,445
2023-03-12 19:00:00,P0169,Books,4990.96,5471.12,480,0.96,6,1,3,0,77,75,319
2023-03-12 20:00:00,P0003,Furniture,4135.8,3432.17,497,0.994,6,1,3,0,90,91,388
2023-03-12 21:00:00,P0120,Clothing,4425.31,3642.08,55,0.11,6,1,3,0,87,85,361
2023-03-12 22:00:00,P0006,Books,4688.42,3984.78,148,0.296,6,1,3,0,92,99,355
2023-03-12 23:00:00,P0005,Groceries,1737.63,1701.88,310,0.62,6,1,3,0,91,93,378
2023-03-13 00:00:00,P0005,Clothing,1520.53,1344.93,39,0.078,0,0,3,0,109,120,437
2023-03-13 01:00:00,P0054,Clothing,1208.61,1105.6,434,0.868,0,0,3,0,72,62,308
2023-03-13 02:00:00,P0047,Books,4159.08,4405.1,149,0.298,0,0,3,0,70,78,278
2023-03-13 03:00:00,P0177,Books,3413.78,3220.59,411,0.822,0,0,3,0,67,73,254
2023-03-13 04:00:00,P0009,Books,1219.05,1247.03,120,0.24,0,0,3,0,121,133,445
2023-03-13 05:00:00,P0099,Groceries,1916.12,1848.98,259,0.518,0,0,3,1,90,80,344
2023-03-13 06:00:00,P0020,Clothing,2558.22,2219.48,25,0.05,0,0,3,1,94,87,381
2023-03-13 07:00:00,P0122,Furniture,2664.29,2210.32,470,0.94,0,0,3,0,78,89,291
2023-03-13 08:00:00,P0061,Groceries,4449.2,3979.78,111,0.222,0,0,3,0,64,73,232
2023-03-13 09:00:00,P0123,Electronics,1933.8,1591.67,368,0.736,0,0,3,0,92,84,364
2023-03-13 10:00:00,P0163,Books,4547.19,4762.93,443,0.886,0,0,3,0,66,65,256
2023-03-13 11:00:00,P0178,Clothing,2234.77,2499.11,22,0.044,0,0,3,1,90,81,354
2023-03-13 12:00:00,P0082,Groceries,3744.54,3504.5,168,0.336,0,0,3,0,90,84,357
2023-03-13 13:00:00,P0062,Electronics,4654.76,4444.57,313,0.626,0,0,3,0,77,70,324
2023-03-13 14:00:00,P0145,Groceries,4542.5,5117.02,263,0.526,0,0,3,1,61,53,266
2023-03-13 15:00:00,P0003,Groceries,331.92,295.09,115,0.23,0,0,3,0,105,108,400
2023-03-13 16:00:00,P0160,Furniture,1068.24,905.51,479,0.958,0,0,3,0,97,89,422
2023-03-13 17:00:00,P0013,Furniture,2410.68,2411.76,306,0.612,0,0,3,0,83,95,314
2023-03-13 18:00:00,P0120,Groceries,2186.19,2314.03,230,0.46,0,0,3,0,89,89,374
2023-03-13 19:00:00,P0125,Electronics,3222.41,3350.86,188,0.376,0,0,3,0,75,72,311
2023-03-13 20:00:00,P0089,Clothing,4726.31,5130.64,491,0.982,0,0,3,0,56,63,204
2023-03-13 21:00:00,P0073,Clothing,606.4,498.89,256,0.512,0,0,3,0,99,103,414
2023-03-13 22:00:00,P0068,Books,2286.7,2221.03,119,0.238,0,0,3,0,95,84,410
2023-03-13 23:00:00,P0142,Books,1002.43,897.6,285,0.57,0,0,3,0,102,102,443
2023-03-14 00:00:00,P0101,Clothing,4475.83,4939.74,475,0.95,1,0,3,0,60,59,249
2023-03-14 01:00:00,P0098,Groceries,4824.67,5543.99,272,0.544,1,0,3,0,59,64,250
2023-03-14 02:00:00,P0011,Groceries,2419.57,2207.94,406,0.812,1,0,3,0,73,77,267
2023-03-14 03:00:00,P0105,Furniture,564.85,473.39,357,0.714,1,0,3,0,111,107,414
2023-03-14 04:00:00,P0184,Furniture,3937.21,3548.89,377,0.754,1,0,3,0,87,86,331
2023-03-14 05:00:00,P0067,Books,3500.85,2946.33,151,0.302,1,0,3,0,86,86,346
2023-03-14 06:00:00,P0123,Clothing,1805.62,1677.36,85,0.17,1,0,3,0,74,72,289
2023-03-14 07:00:00,P0029,Groceries,4442.67,4510.55,324,0.648,1,0,3,0,73,64,301
2023-03-14 08:00:00,P0137,Clothing,4880.37,5805.07,344,0.688,1,0,3,0,72,81,285
2023-03-14 09:00:00,P0195,Electronics,2811.38,2698.22,435,0.87,1,0,3,0,74,78,312
2023-03-14 10:00:00,P0153,Clothing,2850.35,2531.16,326,0.652,1,0,3,0,90,89,375
2023-03-14 11:00:00,P0076,Electronics,1522.69,1319.75,245,0.49,1,0,3,0,107,109,449
2023-03-14 12:00:00,P0170,Furniture,2943.3,2558.36,313,0.626,1,0,3,0,93,85,396
2023-03-14 13:00:00,P0009,Furniture,2226.23,1952.49,405,0.81,1,0,3,1,80,81,341
2023-03-14 14:00:00,P0040,Books,1545.85,1708.02,314,0.628,1,0,3,0,95,102,401
2023-03-14 15:00:00,P0025,Clothing,382.57,315.39,427,0.854,1,0,3,0,102,103,373
2023-03-14 16:00:00,P0005,Clothing,1300.9,1559.73,292,0.584,1,0,3,0,110,109,451
2023-03-14 17:00:00,P0139,Electronics,1029.38,1038.72,161,0.322,1,0,3,0,100,99,362
2023-03-14 18:00:00,P0187,Furniture,2733.11,2781.51,99,0.198,1,0,3,0,99,107,415
2023-03-14 19:00:00,P0124,Electronics,3028.27,2855.74,368,0.736,1,0,3,1,82,88,299
2023-03-14 20:00:00,P0038,Furniture,3062.43,3295.49,184,0.368,1,0,3,0,93,100,408
2023-03-14 21:00:00,P0072,Electronics,1971.5,1948.99,440,0.88,1,0,3,0,93,86,380
2023-03-14 22:00:00,P0133,Furniture,2135.09,1989.1,423,0.846,1,0,3,0,80,83,300
2023-03-14 23:00:00,P0176,Electronics,4179.48,3786.84,275,0.55,1,0,3,0,75,81,298
2023-03-15 00:00:00,P0090,Furniture,2407.35,2817.23,484,0.968,2,0,3,0,76,77,324
2023-03-15 01:00:00,P0146,Electronics,4939.48,4526.52,16,0.032,2,0,3,0,72,78,270
2023-03-15 02:00:00,P0198,Clothing,2226.11,2169.47,435,0.87,2,0,3,0,99,110,399
2023-03-15 03:00:00,P0037,Books,3265.43,3069.95,259,0.518,2,0,3,0,78,70,281
2023-03-15 04:00:00,P0060,Electronics,299.3,249.76,446,0.892,2,0,3,0,94,89,398
2023-03-15 05:00:00,P0176,Books,3284.03,2871.47,244,0.488,2,0,3,0,80,82,300
2023-03-15 06:00:00,P0028,Clothing,4264.56,3734.91,305,0.61,2,0,3,0,76,71,297
2023-03-15 07:00:00,P0197,Clothing,4715.17,5080.41,337,0.674,2,0,3,0,71,80,286
2023-03-15 08:00:00,P0081,Furniture,4986.74,4800.41,475,0.95,2,0,3,0,63,57,234
2023-03-15 09:00:00,P0114,Books,1446.78,1609.96,49,0.098,2,0,3,0,96,92,417
2023-03-15 10:00:00,P0040,Groceries,2898.08,3140.3,271,0.542,2,0,3,0,82,94,326
2023-03-15 11:00:00,P0045,Furniture,2281.05,2000.07,234,0.468,2,0,3,0,103,93,390
2023-03-15 12:00:00,P0062,Books,2840.9,2912.4,71,0.142,2,0,3,0,77,76,322
2023-03-15 13:00:00,P0093,Electronics,829.39,909.98,316,0.632,2,0,3,0,103,97,444
2023-03-15 14:00:00,P0115,Electronics,4287.94,4516.13,43,0.086,2,0,3,0,76,83,329
2023-03-15 15:00:00,P0186,Clothing,4552.37,4734.49,401,0.802,2,0,3,0,69,65,272
2023-03-15 16:00:00,P0067,Groceries,2275.83,2493.96,305,0.61,2,0,3,0,89,80,346
2023-03-15 17:00:00,P0056,Electronics,1438.13,1183.17,476,0.952,2,0,3,1,76,86,330
2023-03-15 18:00:00,P0040,Books,747.13,816.29,487,0.974,2,0,3,0,100,95,364
2023-03-15 19:00:00,P0098,Books,3434.64,3122.3,79,0.158,2,0,3,0,76,82,319
2023-03-15 20:00:00,P0040,Electronics,1595.55,1641.42,285,0.57,2,0,3,0,84,79,314
2023-03-15 21:00:00,P0091,Books,4552.22,4082.99,48,0.096,2,0,3,0,75,68,298
2023-03-15 22:00:00,P0033,Books,3371.51,3828.44,97,0.194,2,0,3,0,81,88,353
2023-03-15 23:00:00,P0006,Clothing,3246.14,3220.9,477,0.954,2,0,3,0,69,60,280
2023-03-16 00:00:00,P0147,Groceries,2819.04,2980.22,404,0.808,3,0,3,0,77,73,309
2023-03-16 01:00:00,P0080,Clothing,276.59,309.13,405,0.81,3,0,3,0,94,102,343
2023-03-16 02:00:00,P0168,Groceries,4663.02,5400.37,430,0.86,3,0,3,0,74,74,283
2023-03-16 03:00:00,P0092,Books,3158.29,3451.46,24,0.048,3,0,3,0,92,97,331
2023-03-16 04:00:00,P0097,Groceries,4970.61,4272.28,213,0.426,3,0,3,0,66,57,284
2023-03-16 05:00:00,P0059,Books,2709.91,3094.21,55,0.11,3,0,3,0,99,106,407
2023-03-16 06:00:00,P0059,Books,3565.05,3734.14,254,0.508,3,0,3,0,77,69,284
2023-03-16 07:00:00,P0048,Clothing,328.24,342.61,447,0.894,3,0,3,1,97,106,377
2023-03-16 08:00:00,P0169,Clothing,3177.09,3712.54,155,0.31,3,0,3,0,93,95,395
2023-03-16 09:00:00,P0013,Furniture,3835.02,3449.73,486,0.972,3,0,3,0,65,70,241
2023-03-16 10:00:00,P0107,Electronics,3903.65,3497.03,160,0.32,3,0,3,0,70,64,265
2023-03-16 11:00:00,P0045,Furniture,3862.05,3882.43,193,0.386,3,0,3,0,83,80,335
2023-03-16 12:00:00,P0089,Furniture,1170.1,1287.51,3,0.006,3,0,3,0,110,120,409
2023-03-16 13:00:00,P0181,Groceries,4878.22,4775.27,463,0.926,3,0,3,1,63,71,246
2023-03-16 14:00:00,P0170,Books,4976.15,5242.66,267,0.534,3,0,3,0,63,58,276
2023-03-16 15:00:00,P0100,Books,424.2,416.14,400,0.8,3,0,3,0,106,115,428
2023-03-16 16:00:00,P0191,Books,4685.41,4892.29,35,0.07,3,0,3,1,64,56,266
2023-03-16 17:00:00,P0155,Electronics,1482.77,1673.91,15,0.03,3,0,3,0,85,83,351
2023-03-16 18:00:00,P0166,Groceries,3461.96,3019.49,486,0.972,3,0,3,0,70,79,264
2023-03-16 19:00:00,P0188,Groceries,1723.65,1858.36,406,0.812,3,0,3,0,95,108,406
2023-03-16 20:00:00,P0007,Books,4840.38,5396.88,455,0.91,3,0,3,0,70,66,259
2023-03-16 21:00:00,P0133,Furniture,552.44,540.75,376,0.752,3,0,3,0,106,96,460
2023-03-16 22:00:00,P0045,Electronics,2513.85,2336.1,136,0.272,3,0,3,0,83,74,313
2023-03-16 23:00:00,P0058,Furniture,2168.84,1746.82,77,0.154,3,0,3,0,88,87,384
2023-03-17 00:00:00,P0031,Clothing,1663.82,1861.55,310,0.62,4,0,3,0,105,92,445
2023-03-17 01:00:00,P0023,Groceries,3245.39,3022.03,72,0.144,4,0,3,1,95,91,355
2023-03-17 02:00:00,P0170,Groceries,698.73,658.85,319,0.638,4,0,3,0,107,91,399
2023-03-17 03:00:00,P0138,Furniture,3597.48,3361.49,430,0.86,4,0,3,0,80,74,293
2023-03-17 04:00:00,P0160,Electronics,4903.93,4901.46,244,0.488,4,0,3,0,68,76,258
2023-03-17 05:00:00,P0107,Groceries,4032.57,4359.21,345,0.69,4,0,3,0,70,69,289
2023-03-17 06:00:00,P0181,Furniture,4307.08,4775.45,227,0.454,4,0,3,0,72,63,289
2023-03-17 07:00:00,P0158,Electronics,1830.2,1751.55,194,0.388,4,0,3,1,102,106,417
2023-03-17 08:00:00,P0039,Furniture,1658.19,1766.37,245,0.49,4,0,3,0,98,111,355
2023-03-17 09:00:00,P0159,Electronics,2609.39,2839.73,393,0.786,4,0,3,0,66,65,242
2023-03-17 10:00:00,P0082,Books,276.35,253.9,88,0.176,4,0,3,0,124,129,515
2023-03-17 11:00:00,P0100,Electronics,4729.52,3966.41,259,0.518,4,0,3,0,72,81,308
2023-03-17 12:00:00,P0002,Clothing,761.74,881.99,285,0.57,4,0,3,0,105,102,408
2023-03-17 13:00:00,P0077,Books,4519.91,4840.13,497,0.994,4,0,3,0,73,77,273
2023-03-17 14:00:00,P0012,Furniture,463.73,491.2,138,0.276,4,0,3,0,101,99,389
2023-03-17 15:00:00,P0039,Books,4121.99,3394.71,50,0.1,4,0,3,0,71,81,279
2023-03-17 16:00:00,P0194,Books,802.21,904.21,146,0.292,4,0,3,0,112,112,460
2023-03-17 17:00:00,P0013,Furniture,238.75,245.06,241,0.482,4,0,3,1,100,112,393
2023-03-17 18:00:00,P0046,Furniture,3611.47,4114.02,396,0.792,4,0,3,0,86,86,371
2023-03-17 19:00:00,P0155,Clothing,1437.31,1710.15,440,0.88,4,0,3,0,84,88,329
2023-03-17 20:00:00,P0113,Furniture,3586.76,4242.56,483,0.966,4,0,3,0,67,65,251
2023-03-17 21:00:00,P0017,Groceries,2797.67,3196.16,386,0.772,4,0,3,0,78,88,296
2023-03-17 22:00:00,P0104,Groceries,588.6,473.46,367,0.734,4,0,3,1,97,101,385
2023-03-17 23:00:00,P0098,Clothing,4664.04,5383.66,333,0.666,4,0,3,0,64,55,270
2023-03-18 00:00:00,P0188,Electronics,2288.96,1899.89,457,0.914,5,1,3,0,93,79,399
2023-03-18 01:00:00,P0192,Electronics,3685.51,4203.24,421,0.842,5,1,3,0,81,85,304
2023-03-18 02:00:00,P0088,Groceries,2530.05,2307.58,231,0.462,5,1,3,0,86,76,310
2023-03-18 03:00:00,P0109,Furniture,3041.59,3175.5,26,0.052,5,1,3,0,109,116,468
2023-03-18 04:00:00,P0163,Clothing,1548.73,1262.57,343,0.686,5,1,3,1,102,97,386
2023-03-18 05:00:00,P0070,Electronics,1041.78,1154.78,207,0.414,5,1,3,0,116,117,494
2023-03-18 06:00:00,P0158,Electronics,2735.72,2310.81,137,0.274,5,1,3,0,90,81,364
2023-03-18 07:00:00,P0199,Books,2229.08,2149.45,373,0.746,5,1,3,0,84,78,330
2023-03-18 08:00:00,P0074,Groceries,1981.06,2232.61,436,0.872,5,1,3,0,98,96,364
2023-03-18 09:00:00,P0063,Furniture,3379.21,3643.26,154,0.308,5,1,3,0,110,115,455
2023-03-18 10:00:00,P0156,Clothing,3468.01,2782.79,6,0.012,5,1,3,0,115,103,489
2023-03-18 11:00:00,P0060,Electronics,277.3,266.54,114,0.228,5,1,3,0,118,110,468
2023-03-18 12:00:00,P0079,Books,1726.79,1410.39,91,0.182,5,1,3,0,107,98,423
2023-03-18 13:00:00,P0037,Groceries,2088.23,2233.15,345,0.69,5,1,3,0,103,114,433
2023-03-18 14:00:00,P0022,Groceries,529.62,628.97,81,0.162,5,1,3,0,94,98,376
2023-03-18 15:00:00,P0196,Clothing,1217.71,1293.34,12,0.024,5,1,3,0,117,116,495
2023-03-18 16:00:00,P0148,Electronics,305.63,271.93,71,0.142,5,1,3,0,134,152,488
2023-03-18 17:00:00,P0096,Clothing,4981.4,4692.94,90,0.18,5,1,3,0,79,85,339
2023-03-18 18:00:00,P0068,Clothing,3695.96,4400.63,187,0.374,5,1,3,0,74,84,282
2023-03-18 19:00:00,P0192,Books,482.88,429.58,397,0.794,5,1,3,0,94,97,351
2023-03-18 20:00:00,P0017,Groceries,150.23,153.93,104,0.208,5,1,3,0,113,101,410
2023-03-18 21:00:00,P0012,Furniture,3610.47,3466.71,299,0.598,5,1,3,1,88,93,376
2023-03-18 22:00:00,P0150,Groceries,2224.0,2462.69,453,0.906,5,1,3,0,88,80,321
2023-03-18 23:00:00,P0145,Groceries,3944.64,4524.33,83,0.166,5,1,3,0,106,101,463
2023-03-19 00:00:00,P0138,Books,4621.21,4327.0,27,0.054,6,1,3,0,75,75,304
2023-03-19 01:00:00,P0118,Furniture,3016.54,3210.08,278,0.556,6,1,3,0,107,96,445
2023-03-19 02:00:00,P0193,Electronics,976.19,995.34,11,0.022,6,1,3,0,112,96,468
2023-03-19 03:00:00,P0022,Furniture,3921.86,3574.3,407,0.814,6,1,3,0,102,97,391
2023-03-19 04:00:00,P0120,Electronics,4781.27,4345.1,306,0.612,6,1,3,0,82,90,348
2023-03-19 05:00:00,P0050,Furniture,2922.14,2967.29,363,0.726,6,1,3,0,72,62,314
2023-03-19 06:00:00,P0014,Clothing,3425.89,2951.75,149,0.298,6,1,3,0,107,94,417
2023-03-19 07:00:00,P0192,Furniture,1720.5,1934.4,317,0.634,6,1,3,0,102,111,435
2023-03-19 08:00:00,P0175,Books,1938.56,1604.36,25,0.05,6,1,3,0,126,119,531
2023-03-19 09:00:00,P0029,Electronics,3686.54,3088.69,213,0.426,6,1,3,0,90,102,366
2023-03-19 10:00:00,P0164,Groceries,4642.47,4349.49,313,0.626,6,1,3,0,75,72,292
2023-03-19 11:00:00,P0180,Books,3163.49,2680.22,454,0.908,6,1,3,0,85,93,334
2023-03-19 12:00:00,P0125,Electronics,3959.75,3921.26,398,0.796,6,1,3,0,72,67,277
2023-03-19 13:00:00,P0007,Electronics,899.59,863.49,239,0.478,6,1,3,0,113,98,445
2023-03-19 14:00:00,P0029,Groceries,1099.2,1196.73,221,0.442,6,1,3,0,102,114,448
2023-03-19 15:00:00,P0139,Clothing,2683.57,3169.84,67,0.134,6,1,3,0,101,114,393
2023-03-19 16:00:00,P0033,Books,923.94,1017.65,261,0.522,6,1,3,0,119,126,492
2023-03-19 17:00:00,P0134,Groceries,3193.23,2783.79,495,0.99,6,1,3,0,95,103,366
2023-03-19 18:00:00,P0111,Groceries,1493.68,1753.89,110,0.22,6,1,3,0,134,114,532
2023-03-19 19:00:00,P0079,Clothing,3968.09,3796.88,129,0.258,6,1,3,0,90,97,330
2023-03-19 20:00:00,P0160,Books,4050.15,4008.34,158,0.316,6,1,3,0,78,77,328
2023-03-19 21:00:00,P0179,Groceries,2345.75,2272.16,279,0.558,6,1,3,0,101,100,417
2023-03-19 22:00:00,P0058,Clothing,945.01,862.06,290,0.58,6,1,3,0,113,114,438
2023-03-19 23:00:00,P0026,Books,3251.54,3765.34,302,0.604,6,1,3,0,104,97,418
2023-03-20 00:00:00,P0174,Furniture,4964.3,4631.17,30,0.06,0,0,3,1,78,83,335
2023-03-20 01:00:00,P0029,Electronics,3131.82,3230.28,88,0.176,0,0,3,0,89,84,324
2023-03-20 02:00:00,P0004,Clothing,227.08,203.47,455,0.91,0,0,3,0,115,117,500
2023-03-20 03:00:00,P0099,Electronics,135.61,151.74,331,0.662,0,0,3,0,100,89,398
2023-03-20 04:00:00,P0141,Furniture,1635.79,1815.2,117,0.234,0,0,3,0,107,113,459
2023-03-20 05:00:00,P0039,Groceries,1019.13,936.1,129,0.258,0,0,3,0,100,91,429
2023-03-20 06:00:00,P0015,Groceries,4074.6,4370.5,206,0.412,0,0,3,0,72,65,263
2023-03-20 07:00:00,P0119,Books,4231.79,4576.89,359,0.718,0,0,3,0,55,47,232
2023-03-20 08:00:00,P0029,Clothing,1330.16,1363.42,58,0.116,0,0,3,0,106,94,444
2023-03-20 09:00:00,P0157,Clothing,1661.94,1728.82,95,0.19,0,0,3,0,102,94,371
2023-03-20 10:00:00,P0075,Books,1219.42,1255.74,318,0.636,0,0,3,0,95,87,413
2023-03-20 11:00:00,P0116,Electronics,4546.49,3786.07,245,0.49,0,0,3,0,73,69,300
2023-03-20 12:00:00,P0032,Groceries,2538.11,2710.97,458,0.916,0,0,3,0,89,77,332
2023-03-20 13:00:00,P0130,Groceries,3297.88,3258.01,144,0.288,0,0,3,0,84,95,311
2023-03-20 14:00:00,P0175,Clothing,2106.64,2054.78,309,0.618,0,0,3,0,95,84,385
2023-03-20 15:00:00,P0084,Clothing,3173.52,3630.51,124,0.248,0,0,3,0,89,94,325
2023-03-20 16:00:00,P0022,Books,1959.98,1586.19,404,0.808,0,0,3,0,97,98,362
2023-03-20 17:00:00,P0027,Furniture,1731.41,1559.18,21,0.042,0,0,3,0,108,110,471
2023-03-20 18:00:00,P0195,Electronics,3190.68,2707.49,380,0.76,0,0,3,1,92,81,386
2023-03-20 19:00:00,P0081,Furniture,2975.76,2422.67,352,0.704,0,0,3,0,83,77,340
2023-03-20 20:00:00,P0126,Furniture,1502.96,1368.1,371,0.742,0,0,3,0,84,91,316
2023-03-20 21:00:00,P0184,Clothing,789.27,943.49,438,0.876,0,0,3,0,108,107,408
2023-03-20 22:00:00,P0092,Clothing,1874.45,1702.17,284,0.568,0,0,3,0,98,97,388
2023-03-20 23:00:00,P0021,Clothing,2105.23,2243.09,206,0.412,0,0,3,0,97,98,408
2023-03-21 00:00:00,P0047,Furniture,3161.99,2679.22,404,0.808,1,0,3,0,66,65,238
2023-03-21 01:00:00,P0101,Electronics,4576.92,4763.38,257,0.514,1,0,3,0,80,87,291
2023-03-21 02:00:00,P0187,Clothing,229.11,273.51,297,0.594,1,0,3,0,117,126,503
2023-03-21 03:00:00,P0084,Groceries,1256.12,1151.53,51,0.102,1,0,3,0,109,103,463
2023-03-21 04:00:00,P0006,Electronics,1008.89,1149.36,37,0.074,1,0,3,1,78,85,324
2023-03-21 05:00:00,P0147,Groceries,2536.36,3041.17,386,0.772,1,0,3,0,81,81,324
2023-03-21 06:00:00,P0185,Electronics,2177.02,2254.13,152,0.304,1,0,3,0,112,116,416
2023-03-21 07:00:00,P0197,Clothing,3658.74,3379.8,332,0.664,1,0,3,0,79,88,291
2023-03-21 08:00:00,P0131,Books,1249.96,1336.72,215,0.43,1,0,3,0,88,87,381
2023-03-21 09:00:00,P0001,Clothing,2992.77,3405.59,445,0.89,1,0,3,0,73,79,285
2023-03-21 10:00:00,P0058,Furniture,4425.09,3843.37,222,0.444,1,0,3,0,69,72,287
2023-03-21 11:00:00,P0124,Furniture,4557.85,4471.28,142,0.284,1,0,3,0,81,79,321
2023-03-21 12:00:00,P0166,Electronics,4795.98,4449.11,453,0.906,1,0,3,0,53,58,222
2023-03-21 13:00:00,P0015,Furniture,3877.64,3541.62,104,0.208,1,0,3,0,88,78,330
2023-03-21 14:00:00,P0162,Clothing,4534.64,5189.12,9,0.018,1,0,3,0,82,84,327
2023-03-21 15:00:00,P0189,Groceries,1210.93,1172.98,456,0.912,1,0,3,0,113,98,441
2023-03-21 16:00:00,P0163,Clothing,1028.03,961.86,241,0.482,1,0,3,0,107,96,406
2023-03-21 17:00:00,P0064,Electronics,82.12,85.52,488,0.976,1,0,3,0,87,90,355
2023-03-21 18:00:00,P0025,Furniture,3548.88,3150.56,375,0.75,1,0,3,0,75,71,302
2023-03-21 19:00:00,P0024,Groceries,4690.46,4183.69,382,0.764,1,0,3,0,59,55,236
2023-03-21 20:00:00,P0012,Books,975.33,983.25,113,0.226,1,0,3,0,111,126,452
2023-03-21 21:00:00,P0018,Groceries,3202.87,3086.63,232,0.464,1,0,3,0,97,93,360
2023-03-21 22:00:00,P0015,Groceries,3744.98,3437.87,68,0.136,1,0,3,0,75,76,292
2023-03-21 23:00:00,P0027,Clothing,4641.69,3813.52,364,0.728,1,0,3,0,72,73,278
2023-03-22 00:00:00,P0072,Books,3251.96,3278.98,43,0.086,2,0,3,1,82,71,346
2023-03-22 01:00:00,P0060,Electronics,4852.95,5467.55,168,0.336,2,0,3,1,59,62,214
2023-03-22 02:00:00,P0174,Electronics,1756.13,2002.96,210,0.42,2,0,3,0,111,111,425
2023-03-22 03:00:00,P0145,Groceries,1782.15,1593.56,275,0.55,2,0,3,0,96,93,416
2023-03-22 04:00:00,P0093,Groceries,2737.91,2847.03,480,0.96,2,0,3,0,83,72,319
2023-03-22 05:00:00,P0053,Furniture,1948.33,2225.68,106,0.212,2,0,3,0,106,99,394
2023-03-22 06:00:00,P0008,Books,57.06,54.98,420,0.84,2,0,3,0,85,95,357
2023-03-22 07:00:00,P0079,Groceries,3672.27,4307.04,478,0.956,2,0,3,0,69,62,251
2023-03-22 08:00:00,P0027,Furniture,3771.0,4378.85,166,0.332,2,0,3,0,66,60,260
2023-03-22 09:00:00,P0174,Books,3747.52,3310.01,204,0.408,2,0,3,0,74,67,317
2023-03-22 10:00:00,P0050,Electronics,1757.85,1588.37,118,0.236,2,0,3,0,110,123,480
2023-03-22 11:00:00,P0199,Furniture,2635.33,2298.47,485,0.97,2,0,3,0,83,88,315
2023-03-22 12:00:00,P0131,Books,1831.87,1609.15,108,0.216,2,0,3,0,93,104,357
2023-03-22 13:00:00,P0093,Furniture,129.38,150.49,453,0.906,2,0,3,0,101,114,409
2023-03-22 14:00:00,P0192,Groceries,2834.12,3322.88,238,0.476,2,0,3,0,84,95,318
2023-03-22 15:00:00,P0172,Clothing,662.62,543.85,7,0.014,2,0,3,0,117,116,435
2023-03-22 16:00:00,P0181,Electronics,446.2,462.91,42,0.084,2,0,3,0,107,106,422
2023-03-22 17:00:00,P0024,Groceries,3789.72,3887.09,393,0.786,2,0,3,0,72,79,263
2023-03-22 18:00:00,P0060,Groceries,97.06,92.81,296,0.592,2,0,3,0,109,104,470
2023-03-22 19:00:00,P0122,Books,4797.09,5049.8,131,0.262,2,0,3,0,74,63,286
2023-03-22 20:00:00,P0131,Furniture,2600.51,3065.86,205,0.41,2,0,3,0,90,85,348
2023-03-22 21:00:00,P0148,Electronics,4915.93,4267.53,387,0.774,2,0,3,0,53,56,224
2023-03-22 22:00:00,P0046,Groceries,337.09,285.91,279,0.558,2,0,3,0,93,82,360
2023-03-22 23:00:00,P0015,Books,2938.47,2390.02,238,0.476,2,0,3,0,90,98,379
2023-03-23 00:00:00,P0153,Electronics,1779.17,1682.26,276,0.552,3,0,3,0,91,100,341
2023-03-23 01:00:00,P0199,Furniture,4225.24,3950.82,393,0.786,3,0,3,0,66,58,266
2023-03-23 02:00:00,P0017,Groceries,1838.05,1787.19,45,0.09,3,0,3,0,98,86,413
2023-03-23 03:00:00,P0126,Groceries,1339.41,1341.18,472,0.944,3,0,3,0,88,80,348
2023-03-23 04:00:00,P0084,Groceries,4294.89,4737.82,197,0.394,3,0,3,0,61,58,223
2023-03-23 05:00:00,P0009,Electronics,1904.53,1822.34,463,0.926,3,0,3,0,101,102,423
2023-03-23 06:00:00,P0166,Electronics,133.32,124.29,120,0.24,3,0,3,1,113,113,451
2023-03-23 07:00:00,P0176,Electronics,1981.93,2241.07,299,0.598,3,0,3,0,91,101,351
2023-03-23 08:00:00,P0188,Electronics,3289.89,3750.21,219,0.438,3,0,3,0,83,74,365
2023-03-23 09:00:00,P0063,Books,1309.08,1169.15,355,0.71,3,0,3,0,104,110,447
2023-03-23 10:00:00,P0117,Clothing,2188.34,2026.12,288,0.576,3,0,3,0,96,97,349
2023-03-23 11:00:00,P0130,Books,330.74,373.75,93,0.186,3,0,3,0,112,120,456
2023-03-23 12:00:00,P0088,Groceries,2961.06,2462.9,291,0.582,3,0,3,0,75,71,291
2023-03-23 13:00:00,P0072,Books,3793.66,3529.39,152,0.304,3,0,3,0,89,88,323
2023-03-23 14:00:00,P0139,Furniture,2095.9,2052.6,12,0.024,3,0,3,0,100,86,361
2023-03-23 15:00:00,P0064,Electronics,2130.15,1863.52,422,0.844,3,0,3,0,91,81,370
2023-03-23 16:00:00,P0072,Furniture,487.0,424.65,206,0.412,3,0,3,0,96,92,370
2023-03-23 17:00:00,P0021,Furniture,1049.61,1018.06,254,0.508,3,0,3,0,107,106,445
2023-03-23 18:00:00,P0018,Groceries,815.64,898.68,421,0.842,3,0,3,0,83,73,329
2023-03-23 19:00:00,P0064,Electronics,2434.35,2765.65,157,0.314,3,0,3,0,88,97,371
2023-03-23 20:00:00,P0082,Furniture,2669.81,3181.6,269,0.538,3,0,3,0,87,99,370
2023-03-23 21:00:00,P0110,Groceries,4747.25,3938.29,305,0.61,3,0,3,0,78,80,322
2023-03-23 22:00:00,P0095,Electronics,412.5,365.75,67,0.134,3,0,3,0,121,105,476
2023-03-23 23:00:00,P0166,Clothing,3019.35,3329.29,256,0.512,3,0,3,0,95,102,417
2023-03-24 00:00:00,P0032,Groceries,2656.17,2699.3,188,0.376,4,0,3,0,93,85,358
2023-03-24 01:00:00,P0011,Books,2605.35,2425.77,2,0.004,4,0,3,0,84,90,337
2023-03-24 02:00:00,P0045,Electronics,4372.14,3857.26,236,0.472,4,0,3,0,64,63,257
2023-03-24 03:00:00,P0033,Furniture,1067.42,973.69,433,0.866,4,0,3,0,101,87,398
2023-03-24 04:00:00,P0102,Furniture,251.83,244.71,444,0.888,4,0,3,0,90,84,333
2023-03-24 05:00:00,P0169,Books,3377.74,2941.54,419,0.838,4,0,3,0,64,63,249
2023-03-24 06:00:00,P0136,Books,1758.53,2085.07,131,0.262,4,0,3,0,89,95,336
2023-03-24 07:00:00,P0011,Furniture,137.07,115.55,170,0.34,4,0,3,0,115,102,497
2023-03-24 08:00:00,P0179,Electronics,1294.3,1545.69,269,0.538,4,0,3,0,90,84,371
2023-03-24 09:00:00,P0088,Groceries,1581.17,1797.41,88,0.176,4,0,3,0,115,101,440
2023-03-24 10:00:00,P0041,Books,3103.35,3007.96,102,0.204,4,0,3,0,91,94,369
2023-03-24 11:00:00,P0145,Books,904.3,991.05,124,0.248,4,0,3,0,109,108,467
2023-03-24 12:00:00,P0076,Books,2094.62,2238.32,66,0.132,4,0,3,0,101,114,439
2023-03-24 13:00:00,P0121,Clothing,2438.25,2158.62,262,0.524,4,0,3,0,93,100,340
2023-03-24 14:00:00,P0046,Electronics,2323.23,2173.68,7,0.014,4,0,3,0,103,112,436
2023-03-24 15:00:00,P0160,Electronics,4871.01,4896.58,43,0.086,4,0,3,0,66,59,289
2023-03-24 16:00:00,P0080,Electronics,275.25,290.43,447,0.894,4,0,3,0,112,104,445
2023-03-24 17:00:00,P0054,Electronics,4757.29,4838.92,134,0.268,4,0,3,0,75,75,330
2023-03-24 18:00:00,P0086,Electronics,2930.59,2898.92,247,0.494,4,0,3,0,81,69,354
2023-03-24 19:00:00,P0092,Furniture,3988.85,3898.15,303,0.606,4,0,3,0,79,88,326
2023-03-24 20:00:00,P0148,Books,2180.44,2178.93,317,0.634,4,0,3,0,77,83,329
2023-03-24 21:00:00,P0161,Furniture,2296.5,2236.2,24,0.048,4,0,3,0,105,91,403
2023-03-24 22:00:00,P0168,Clothing,4402.67,4475.46,464,0.928,4,0,3,0,68,75,295
2023-03-24 23:00:00,P0160,Groceries,4484.88,5180.91,473,0.946,4,0,3,0,51,43,208
2023-03-25 00:00:00,P0097,Books,1231.51,1296.94,373,0.746,5,1,3,0,131,116,525
2023-03-25 01:00:00,P0002,Clothing,1036.25,1128.53,195,0.39,5,1,3,0,103,89,440
2023-03-25 02:00:00,P0033,Furniture,2506.36,2604.09,191,0.382,5,1,3,0,109,108,470
2023-03-25 03:00:00,P0158,Groceries,4506.37,4764.17,368,0.736,5,1,3,0,88,95,366
2023-03-25 04:00:00,P0161,Clothing,1645.66,1697.23,401,0.802,5,1,3,0,77,70,279
2023-03-25 05:00:00,P0077,Groceries,3277.47,2657.2,121,0.242,5,1,3,0,100,108,408
2023-03-25 06:00:00,P0116,Clothing,3555.35,4265.85,259,0.518,5,1,3,0,98,89,417
2023-03-25 07:00:00,P0154,Furniture,3904.44,3176.04,400,0.8,5,1,3,0,91,104,367
2023-03-25 08:00:00,P0150,Groceries,2841.43,2722.26,46,0.092,5,1,3,0,118,131,513
2023-03-25 09:00:00,P0103,Clothing,2042.15,1719.58,373,0.746,5,1,3,0,110,118,475
2023-03-25 10:00:00,P0194,Furniture,4836.73,4056.91,208,0.416,5,1,3,0,76,78,306
2023-03-25 11:00:00,P0166,Books,3076.09,3437.26,300,0.6,5,1,3,0,98,90,384
2023-03-25 12:00:00,P0103,Furniture,3656.4,3548.06,88,0.176,5,1,3,0,114,101,415
2023-03-25 13:00:00,P0090,Furniture,1757.67,1969.39,441,0.882,5,1,3,0,114,113,468
2023-03-25 14:00:00,P0174,Books,3366.25,3060.31,2,0.004,5,1,3,0,94,91,358
2023-03-25 15:00:00,P0122,Furniture,1326.1,1196.92,395,0.79,5,1,3,0,119,125,492
2023-03-25 16:00:00,P0143,Books,1263.23,1137.53,474,0.948,5,1,3,0,119,107,504
2023-03-25 17:00:00,P0106,Books,3587.87,3754.56,144,0.288,5,1,3,0,85,87,334
2023-03-25 18:00:00,P0119,Books,2630.9,2962.39,373,0.746,5,1,3,0,95,101,343
2023-03-25 19:00:00,P0172,Clothing,3432.22,3366.68,21,0.042,5,1,3,0,97,91,416
2023-03-25 20:00:00,P0049,Groceries,1383.72,1316.89,38,0.076,5,1,3,0,132,143,533
2023-03-25 21:00:00,P0104,Clothing,3013.68,3584.57,294,0.588,5,1,3,0,91,89,351
2023-03-25 22:00:00,P0061,Books,2247.47,1902.94,106,0.212,5,1,3,0,102,92,419
2023-03-25 23:00:00,P0195,Groceries,3004.95,2988.88,495,0.99,5,1,3,0,97,88,402
2023-03-26 00:00:00,P0123,Groceries,1489.85,1435.31,99,0.198,6,1,3,0,103,96,383
2023-03-26 01:00:00,P0134,Books,3591.48,3014.15,271,0.542,6,1,3,0,91,82,375
2023-03-26 02:00:00,P0009,Groceries,4039.35,3664.82,228,0.456,6,1,3,0,80,82,306
2023-03-26 03:00:00,P0006,Groceries,1336.59,1084.48,434,0.868,6,1,3,0,117,133,496
2023-03-26 04:00:00,P0073,Clothing,1538.07,1769.98,373,0.746,6,1,3,0,99,111,431
2023-03-26 05:00:00,P0103,Groceries,3322.71,3466.05,284,0.568,6,1,3,0,92,87,339
2023-03-26 06:00:00,P0160,Books,3493.15,3933.31,205,0.41,6,1,3,0,70,78,303
2023-03-26 07:00:00,P0041,Electronics,3535.29,3565.77,70,0.14,6,1,3,0,97,110,419
2023-03-26 08:00:00,P0114,Electronics,3429.36,3565.86,168,0.336,6,1,3,0,93,87,360
2023-03-26 09:00:00,P0008,Electronics,1994.4,2154.63,184,0.368,6,1,3,0,110,123,399
2023-03-26 10:00:00,P0072,Books,2004.53,2331.68,411,0.822,6,1,3,0,113,130,467
2023-03-26 11:00:00,P0178,Electronics,1311.35,1097.21,332,0.664,6,1,3,0,116,126,450
2023-03-26 12:00:00,P0092,Clothing,826.33,770.45,207,0.414,6,1,3,0,125,121,469
2023-03-26 13:00:00,P0062,Books,3478.26,3769.08,404,0.808,6,1,3,0,80,83,295
2023-03-26 14:00:00,P0084,Books,511.28,605.02,387,0.774,6,1,3,0,140,134,526
2023-03-26 15:00:00,P0062,Books,4692.07,5594.46,486,0.972,6,1,3,0,59,68,224
2023-03-26 16:00:00,P0111,Groceries,4142.1,4370.91,381,0.762,6,1,3,0,71,62,301
2023-03-26 17:00:00,P0127,Groceries,4294.65,3768.3,354,0.708,6,1,3,0,74,83,313
2023-03-26 18:00:00,P0007,Groceries,4538.01,3846.8,371,0.742,6,1,3,0,78,68,312
2023-03-26 19:00:00,P0084,Furniture,2072.59,2442.38,270,0.54,6,1,3,0,105,91,424
2023-03-26 20:00:00,P0132,Clothing,4241.17,4129.08,436,0.872,6,1,3,0,72,82,312
2023-03-26 21:00:00,P0134,Books,832.4,730.79,345,0.69,6,1,3,0,116,129,502
2023-03-26 22:00:00,P0058,Books,157.13,184.4,429,0.858,6,1,3,0,130,125,554
2023-03-26 23:00:00,P0022,Groceries,3935.21,3312.7,134,0.268,6,1,3,0,91,103,355
2023-03-27 00:00:00,P0154,Books,420.24,458.83,145,0.29,0,0,3,0,96,106,374
2023-03-27 01:00:00,P0127,Books,4943.2,5190.88,344,0.688,0,0,3,0,64,72,276
2023-03-27 02:00:00,P0003,Electronics,3390.24,2831.17,484,0.968,0,0,3,0,67,69,291
2023-03-27 03:00:00,P0127,Books,3779.58,3535.8,148,0.296,0,0,3,0,68,77,288
2023-03-27 04:00:00,P0041,Furniture,1266.73,1089.35,115,0.23,0,0,3,0,104,114,437
2023-03-27 05:00:00,P0188,Groceries,3385.63,3527.15,391,0.782,0,0,3,0,69,78,279
2023-03-27 06:00:00,P0106,Clothing,263.94,261.52,186,0.372,0,0,3,0,107,100,414
2023-03-27 07:00:00,P0014,Clothing,4197.24,3364.97,19,0.038,0,0,3,0,83,84,315
2023-03-27 08:00:00,P0012,Electronics,889.64,1058.92,337,0.674,0,0,3,0,102,113,379
2023-03-27 09:00:00,P0087,Clothing,3501.92,3291.22,372,0.744,0,0,3,1,85,87,356
2023-03-27 10:00:00,P0012,Clothing,1161.18,1048.87,466,0.932,0,0,3,0,76,83,321
2023-03-27 11:00:00,P0141,Groceries,388.84,345.67,243,0.486,0,0,3,0,105,120,408
2023-03-27 12:00:00,P0025,Groceries,2433.39,2101.3,66,0.132,0,0,3,0,104,114,375
2023-03-27 13:00:00,P0045,Furniture,887.97,1065.26,438,0.876,0,0,3,0,79,75,344
2023-03-27 14:00:00,P0122,Electronics,3660.75,3360.73,61,0.122,0,0,3,0,82,73,324
2023-03-27 15:00:00,P0147,Clothing,1225.95,1179.62,485,0.97,0,0,3,0,93,87,407
2023-03-27 16:00:00,P0055,Furniture,1745.24,2004.48,273,0.546,0,0,3,0,84,88,348
2023-03-27 17:00:00,P0100,Electronics,2858.82,3021.07,346,0.692,0,0,3,0,76,65,281
2023-03-27 18:00:00,P0173,Clothing,1460.59,1383.88,462,0.924,0,0,3,0,79,72,305
2023-03-27 19:00:00,P0136,Clothing,1921.04,2227.12,109,0.218,0,0,3,0,101,96,417
2023-03-27 20:00:00,P0119,Groceries,4087.33,4495.61,55,0.11,0,0,3,0,59,66,243
2023-03-27 21:00:00,P0053,Books,937.09,835.1,84,0.168,0,0,3,0,100,87,379
2023-03-27 22:00:00,P0183,Electronics,456.9,483.17,405,0.81,0,0,3,0,93,80,348
2023-03-27 23:00:00,P0032,Clothing,1675.37,1958.44,263,0.526,0,0,3,0,103,105,394
2023-03-28 00:00:00,P0051,Electronics,2150.66,2147.62,394,0.788,1,0,3,1,73,66,309
2023-03-28 01:00:00,P0044,Furniture,2736.16,2991.84,106,0.212,1,0,3,0,102,94,387
2023-03-28 02:00:00,P0082,Furniture,1893.5,2250.31,11,0.022,1,0,3,0,109,99,454
2023-03-28 03:00:00,P0198,Books,3960.06,4261.68,175,0.35,1,0,3,0,85,87,365
2023-03-28 04:00:00,P0146,Clothing,244.63,205.73,358,0.716,1,0,3,0,99,86,387
2023-03-28 05:00:00,P0150,Groceries,2187.25,1963.77,318,0.636,1,0,3,0,85,96,306
2023-03-28 06:00:00,P0037,Clothing,1942.17,2016.05,26,0.052,1,0,3,1,93,82,345
2023-03-28 07:00:00,P0096,Electronics,3255.51,2963.24,290,0.58,1,0,3,0,85,97,327
2023-03-28 08:00:00,P0056,Furniture,4833.07,5717.6,129,0.258,1,0,3,0,68,74,255
2023-03-28 09:00:00,P0105,Electronics,2576.36,2478.82,226,0.452,1,0,3,0,81,89,310
2023-03-28 10:00:00,P0059,Books,4935.04,4850.61,478,0.956,1,0,3,0,59,53,238
2023-03-28 11:00:00,P0131,Furniture,1546.13,1670.81,135,0.27,1,0,3,0,104,109,376
2023-03-28 12:00:00,P0156,Groceries,202.8,204.77,19,0.038,1,0,3,0,102,112,372
2023-03-28 13:00:00,P0035,Furniture,870.03,829.02,263,0.526,1,0,3,0,92,94,394
2023-03-28 14:00:00,P0189,Clothing,2005.87,1666.19,446,0.892,1,0,3,0,97,98,390
2023-03-28 15:00:00,P0093,Clothing,1615.85,1678.19,323,0.646,1,0,3,0,85,76,370
2023-03-28 16:00:00,P0182,Furniture,530.42,608.41,158,0.316,1,0,3,0,125,122,450
2023-03-28 17:00:00,P0191,Books,2191.67,2354.52,159,0.318,1,0,3,0,89,80,320
2023-03-28 18:00:00,P0097,Clothing,1723.67,1641.96,396,0.792,1,0,3,0,78,89,327
2023-03-28 19:00:00,P0135,Clothing,656.97,559.14,341,0.682,1,0,3,0,115,121,458
2023-03-28 20:00:00,P0076,Groceries,1515.78,1707.58,25,0.05,1,0,3,0,123,106,533
2023-03-28 21:00:00,P0049,Furniture,4437.86,5222.03,80,0.16,1,0,3,0,71,71,300
2023-03-28 22:00:00,P0094,Clothing,1545.14,1476.09,412,0.824,1,0,3,0,101,105,404
2023-03-28 23:00:00,P0159,Books,3584.08,3911.87,474,0.948,1,0,3,1,73,64,291
2023-03-29 00:00:00,P0186,Electronics,3079.63,2969.7,375,0.75,2,0,3,0,80,84,340
2023-03-29 01:00:00,P0189,Furniture,2164.55,2166.51,469,0.938,2,0,3,0,86,78,365
2023-03-29 02:00:00,P0024,Groceries,1233.18,1399.15,17,0.034,2,0,3,0,108,105,413
2023-03-29 03:00:00,P0148,Clothing,1876.62,1563.92,68,0.136,2,0,3,0,101,105,418
2023-03-29 04:00:00,P0037,Books,2980.93,3017.1,395,0.79,2,0,3,0,79,76,325
2023-03-29 05:00:00,P0004,Furniture,1786.23,1582.33,129,0.258,2,0,3,0,93,90,398
2023-03-29 06:00:00,P0108,Books,1113.74,1042.37,425,0.85,2,0,3,0,87,96,374
2023-03-29 07:00:00,P0126,Books,626.49,662.68,134,0.268,2,0,3,0,96,91,366
2023-03-29 08:00:00,P0020,Groceries,4404.85,3571.85,302,0.604,2,0,3,0,57,60,245
2023-03-29 09:00:00,P0188,Furniture,2229.55,2313.23,378,0.756,2,0,3,0,85,94,369
2023-03-29 10:00:00,P0152,Clothing,3144.78,2872.37,217,0.434,2,0,3,0,76,68,280
2023-03-29 11:00:00,P0050,Groceries,2477.53,2645.49,309,0.618,2,0,3,0,72,62,292
2023-03-29 12:00:00,P0177,Clothing,4369.2,3742.8,486,0.972,2,0,3,0,60,66,237
2023-03-29 13:00:00,P0179,Electronics,2757.33,3017.41,14,0.028,2,0,3,0,88,89,345
2023-03-29 14:00:00,P0096,Books,2429.87,2571.42,495,0.99,2,0,3,0,76,83,316
2023-03-29 15:00:00,P0105,Electronics,4626.77,5498.9,185,0.37,2,0,3,0,81,74,300
2023-03-29 16:00:00,P0164,Books,3612.46,4206.69,416,0.832,2,0,3,0,69,76,294
2023-03-29 17:00:00,P0117,Groceries,602.17,549.97,494,0.988,2,0,3,0,109,96,395
2023-03-29 18:00:00,P0098,Clothing,929.64,753.87,194,0.388,2,0,3,0,96,107,390
2023-03-29 19:00:00,P0066,Clothing,3946.26,4191.51,190,0.38,2,0,3,0,81,89,306
2023-03-29 20:00:00,P0079,Groceries,4187.46,4359.79,233,0.466,2,0,3,0,66,67,273
2023-03-29 21:00:00,P0162,Furniture,2748.69,2229.11,431,0.862,2,0,3,0,94,97,378
2023-03-29 22:00:00,P0164,Electronics,2794.55,2372.77,65,0.13,2,0,3,0,102,97,449
2023-03-29 23:00:00,P0006,Electronics,3178.07,3285.75,80,0.16,2,0,3,0,94,86,403
2023-03-30 00:00:00,P0039,Clothing,2223.62,2589.92,448,0.896,3,0,3,0,101,100,391
2023-03-30 01:00:00,P0170,Clothing,3416.99,3972.59,35,0.07,3,0,3,0,94,98,378
2023-03-30 02:00:00,P0115,Clothing,586.98,505.15,234,0.468,3,0,3,0,110,126,424
2023-03-30 03:00:00,P0186,Groceries,4808.33,4586.33,16,0.032,3,0,3,0,63,69,264
2023-03-30 04:00:00,P0125,Furniture,3763.27,3075.65,1,0.002,3,0,3,0,64,63,252
2023-03-30 05:00:00,P0012,Electronics,3174.31,3135.29,32,0.064,3,0,3,0,77,83,284
2023-03-30 06:00:00,P0131,Books,1615.79,1779.36,348,0.696,3,0,3,0,77,68,318
2023-03-30 07:00:00,P0018,Groceries,846.73,944.94,379,0.758,3,0,3,0,90,88,325
2023-03-30 08:00:00,P0040,Electronics,2076.25,2075.41,133,0.266,3,0,3,0,106,104,407
2023-03-30 09:00:00,P0021,Furniture,3324.8,2787.34,426,0.852,3,0,3,0,68,78,294
2023-03-30 10:00:00,P0143,Groceries,3186.86,3035.63,355,0.71,3,0,3,0,75,73,276
2023-03-30 11:00:00,P0099,Electronics,1944.07,2280.08,343,0.686,3,0,3,0,90,79,360
2023-03-30 12:00:00,P0026,Groceries,3085.77,2752.03,266,0.532,3,0,3,0,83,72,352
2023-03-30 13:00:00,P0008,Electronics,4078.05,3784.03,4,0.008,3,0,3,0,76,81,329
2023-03-30 14:00:00,P0100,Electronics,180.11,197.89,285,0.57,3,0,3,0,120,112,486
2023-03-30 15:00:00,P0087,Furniture,2280.57,2493.65,393,0.786,3,0,3,0,85,94,316
2023-03-30 16:00:00,P0042,Books,3804.85,4432.2,484,0.968,3,0,3,0,71,71,309
2023-03-30 17:00:00,P0172,Furniture,2753.42,2630.2,346,0.692,3,0,3,0,103,98,433
2023-03-30 18:00:00,P0014,Electronics,3274.81,3293.93,90,0.18,3,0,3,0,101,109,396
2023-03-30 19:00:00,P0078,Groceries,2607.55,2573.54,151,0.302,3,0,3,0,90,88,344
2023-03-30 20:00:00,P0002,Furniture,4959.78,5808.4,442,0.884,3,0,3,0,65,70,236
2023-03-30 21:00:00,P0119,Books,320.38,354.9,377,0.754,3,0,3,0,93,99,349
2023-03-30 22:00:00,P0037,Electronics,2480.67,2809.55,117,0.234,3,0,3,0,73,78,308
2023-03-30 23:00:00,P0069,Furniture,502.51,428.76,450,0.9,3,0,3,0,105,116,387
2023-03-31 00:00:00,P0166,Furniture,840.94,939.11,60,0.12,4,0,3,0,98,108,363
2023-03-31 01:00:00,P0041,Furniture,1946.04,1893.87,357,0.714,4,0,3,0,94,99,353
2023-03-31 02:00:00,P0062,Furniture,819.92,663.59,25,0.05,4,0,3,0,135,154,529
2023-03-31 03:00:00,P0060,Groceries,4820.25,3972.06,108,0.216,4,0,3,0,58,50,218
2023-03-31 04:00:00,P0125,Books,4736.61,5073.68,367,0.734,4,0,3,0,51,58,220
2023-03-31 05:00:00,P0111,Books,1713.74,1626.01,294,0.588,4,0,3,0,85,76,324
2023-03-31 06:00:00,P0014,Electronics,3216.75,3690.4,209,0.418,4,0,3,0,90,82,390
2023-03-31 07:00:00,P0084,Clothing,2692.08,2944.35,258,0.516,4,0,3,0,97,106,426
2023-03-31 08:00:00,P0130,Groceries,4087.16,3305.17,293,0.586,4,0,3,0,79,77,332
2023-03-31 09:00:00,P0070,Electronics,3155.86,3391.78,41,0.082,4,0,3,0,91,89,328
2023-03-31 10:00:00,P0145,Electronics,51.25,44.94,303,0.606,4,0,3,0,108,100,410
2023-03-31 11:00:00,P0123,Furniture,3827.71,3709.18,472,0.944,4,0,3,0,71,65,271
2023-03-31 12:00:00,P0089,Clothing,3746.9,3933.85,12,0.024,4,0,3,1,94,83,379
2023-03-31 13:00:00,P0028,Clothing,2573.13,2956.75,88,0.176,4,0,3,0,87,79,324
2023-03-31 14:00:00,P0066,Groceries,4519.45,4440.08,87,0.174,4,0,3,0,75,77,275
2023-03-31 15:00:00,P0163,Clothing,4546.81,5107.87,311,0.622,4,0,3,0,61,65,228
2023-03-31 16:00:00,P0005,Electronics,2643.36,2942.55,488,0.976,4,0,3,0,82,88,317
2023-03-31 17:00:00,P0193,Clothing,3059.54,2954.95,186,0.372,4,0,3,0,85,82,309
2023-03-31 18:00:00,P0168,Clothing,4982.78,4984.73,62,0.124,4,0,3,0,89,100,334
2023-03-31 19:00:00,P0184,Books,1529.16,1651.79,335,0.67,4,0,3,0,80,76,299
2023-03-31 20:00:00,P0164,Electronics,1656.86,1346.13,42,0.084,4,0,3,0,112,99,472
2023-03-31 21:00:00,P0045,Clothing,954.73,1103.98,232,0.464,4,0,3,0,97,110,362
2023-03-31 22:00:00,P0151,Clothing,4484.54,4968.54,233,0.466,4,0,3,0,77,78,326
2023-03-31 23:00:00,P0047,Furniture,3735.22,3360.83,74,0.148,4,0,3,0,88,100,353
2023-04-01 00:00:00,P0031,Clothing,572.93,683.2,252,0.504,5,1,4,0,117,113,492
2023-04-01 01:00:00,P0139,Clothing,4909.75,4280.1,312,0.624,5,1,4,1,67,72,265
2023-04-01 02:00:00,P0010,Books,3668.26,4275.85,148,0.296,5,1,4,0,83,73,359
2023-04-01 03:00:00,P0195,Electronics,4260.08,3960.98,478,0.956,5,1,4,0,77,85,294
2023-04-01 04:00:00,P0118,Groceries,288.35,318.7,181,0.362,5,1,4,0,118,106,497
2023-04-01 05:00:00,P0014,Electronics,2549.56,2505.07,206,0.412,5,1,4,0,100,87,373
2023-04-01 06:00:00,P0080,Furniture,3508.06,3839.88,180,0.36,5,1,4,0,82,72,353
2023-04-01 07:00:00,P0093,Electronics,2737.59,2360.66,172,0.344,5,1,4,0,107,109,388
2023-04-01 08:00:00,P0010,Clothing,3349.9,3041.05,240,0.48,5,1,4,1,85,80,337
2023-04-01 09:00:00,P0076,Furniture,4098.48,3442.49,163,0.326,5,1,4,0,84,96,331
2023-04-01 10:00:00,P0094,Electronics,1902.97,2180.91,62,0.124,5,1,4,0,130,144,533
2023-04-01 11:00:00,P0105,Furniture,4250.91,3904.53,381,0.762,5,1,4,0,81,88,320
2023-04-01 12:00:00,P0001,Groceries,856.43,923.05,234,0.468,5,1,4,0,127,139,517
2023-04-01 13:00:00,P0133,Electronics,1390.89,1569.05,124,0.248,5,1,4,0,106,118,455
2023-04-01 14:00:00,P0020,Clothing,264.56,307.04,256,0.512,5,1,4,0,127,141,472
2023-04-01 15:00:00,P0008,Furniture,1853.91,1561.95,91,0.182,5,1,4,0,119,134,452
2023-04-01 16:00:00,P0171,Books,1930.55,2234.04,224,0.448,5,1,4,0,98,111,416
2023-04-01 17:00:00,P0001,Furniture,4036.09,3547.32,194,0.388,5,1,4,0,88,83,333
2023-04-01 18:00:00,P0057,Books,3283.0,3594.1,374,0.748,5,1,4,1,85,78,368
2023-04-01 19:00:00,P0064,Clothing,2211.78,2414.25,206,0.412,5,1,4,0,109,114,440
2023-04-01 20:00:00,P0118,Groceries,3277.96,2633.52,416,0.832,5,1,4,0,76,67,279
2023-04-01 21:00:00,P0028,Books,311.28,276.49,287,0.574,5,1,4,0,109,100,394
2023-04-01 22:00:00,P0121,Groceries,942.34,939.29,214,0.428,5,1,4,0,102,110,429
2023-04-01 23:00:00,P0107,Furniture,3153.39,3052.53,185,0.37,5,1,4,0,86,90,369
2023-04-02 00:00:00,P0165,Clothing,3224.77,3764.69,125,0.25,6,1,4,0,92,96,349
2023-04-02 01:00:00,P0175,Books,3881.97,3664.18,281,0.562,6,1,4,0,91,103,345
2023-04-02 02:00:00,P0165,Furniture,2044.85,2402.28,254,0.508,6,1,4,0,107,112,467
2023-04-02 03:00:00,P0049,Electronics,3626.64,3567.79,60,0.12,6,1,4,0,97,95,400
2023-04-02 04:00:00,P0120,Furniture,3435.7,4073.85,367,0.734,6,1,4,0,79,74,295
2023-04-02 05:00:00,P0044,Groceries,4818.8,5276.31,400,0.8,6,1,4,0,73,69,289
2023-04-02 06:00:00,P0056,Clothing,1114.89,1261.76,200,0.4,6,1,4,0,132,123,571
2023-04-02 07:00:00,P0156,Clothing,2780.81,2341.31,68,0.136,6,1,4,0,108,93,442
2023-04-02 08:00:00,P0111,Furniture,3028.73,3133.09,284,0.568,6,1,4,0,102,95,400
2023-04-02 09:00:00,P0134,Electronics,4993.31,4279.67,62,0.124,6,1,4,0,77,85,287
2023-04-02 10:00:00,P0108,Groceries,1045.86,961.2,133,0.266,6,1,4,0,115,123,481
2023-04-02 11:00:00,P0189,Furniture,2639.93,2770.41,238,0.476,6,1,4,0,105,109,401
2023-04-02 12:00:00,P0148,Furniture,1763.62,1923.21,251,0.502,6,1,4,0,98,110,397
2023-04-02 13:00:00,P0114,Clothing,2653.17,2164.12,360,0.72,6,1,4,1,95,88,388
2023-04-02 14:00:00,P0078,Groceries,1199.04,1213.88,186,0.372,6,1,4,0,119,122,481
2023-04-02 15:00:00,P0130,Electronics,285.68,293.14,482,0.964,6,1,4,0,109,94,414
2023-04-02 16:00:00,P0037,Clothing,2884.2,2398.3,370,0.74,6,1,4,0,85,95,354
2023-04-02 17:00:00,P0020,Furniture,1712.48,1712.95,20,0.04,6,1,4,0,111,109,450
2023-04-02 18:00:00,P0026,Clothing,950.61,1031.92,428,0.856,6,1,4,0,94,85,369
2023-04-02 19:00:00,P0029,Clothing,1653.48,1357.99,428,0.856,6,1,4,0,106,98,386
2023-04-02 20:00:00,P0001,Books,293.94,324.54,342,0.684,6,1,4,0,129,142,499
2023-04-02 21:00:00,P0119,Clothing,4754.69,4900.04,290,0.58,6,1,4,0,73,64,283
2023-04-02 22:00:00,P0035,Clothing,2926.68,3316.78,307,0.614,6,1,4,0,121,136,512
2023-04-02 23:00:00,P0198,Groceries,4083.1,3622.63,45,0.09,6,1,4,1,85,82,341
2023-04-03 00:00:00,P0059,Clothing,2144.44,2430.31,193,0.386,0,0,4,0,86,80,374
2023-04-03 01:00:00,P0069,Electronics,4521.41,3788.15,56,0.112,0,0,4,0,81,77,340
2023-04-03 02:00:00,P0161,Furniture,2442.43,2348.47,41,0.082,0,0,4,0,101,98,407
2023-04-03 03:00:00,P0179,Groceries,2891.03,2543.51,456,0.912,0,0,4,0,83,84,310
2023-04-03 04:00:00,P0012,Clothing,2484.38,2858.05,332,0.664,0,0,4,0,95,97,359
2023-04-03 05:00:00,P0020,Electronics,3679.73,3981.35,234,0.468,0,0,4,1,71,70,265
2023-04-03 06:00:00,P0181,Furniture,2854.95,2312.92,353,0.706,0,0,4,0,85,84,336
2023-04-03 07:00:00,P0043,Groceries,1394.41,1120.84,15,0.03,0,0,4,0,91,85,380
2023-04-03 08:00:00,P0126,Electronics,770.42,706.09,132,0.264,0,0,4,0,119,115,501
2023-04-03 09:00:00,P0050,Clothing,3050.32,2615.08,0,0.0,0,0,4,0,100,99,368
2023-04-03 10:00:00,P0029,Books,2471.44,2600.26,231,0.462,0,0,4,0,98,101,392
2023-04-03 11:00:00,P0185,Books,525.08,559.48,149,0.298,0,0,4,0,109,97,434
2023-04-03 12:00:00,P0039,Groceries,2008.31,2363.34,303,0.606,0,0,4,0,100,108,395
2023-04-03 13:00:00,P0184,Electronics,2598.14,3067.93,493,0.986,0,0,4,0,81,85,311
2023-04-03 14:00:00,P0171,Furniture,4143.12,4406.45,121,0.242,0,0,4,0,88,83,350
2023-04-03 15:00:00,P0178,Electronics,426.7,342.33,281,0.562,0,0,4,0,102,101,409
2023-04-03 16:00:00,P0151,Books,1775.05,1674.94,289,0.578,0,0,4,0,90,102,367
2023-04-03 17:00:00,P0172,Groceries,4122.15,4143.82,369,0.738,0,0,4,0,74,63,289
2023-04-03 18:00:00,P0038,Clothing,3259.7,3258.63,313,0.626,0,0,4,0,69,75,301
2023-04-03 19:00:00,P0084,Electronics,1485.29,1546.69,212,0.424,0,0,4,0,96,96,372
2023-04-03 20:00:00,P0151,Books,4234.41,5014.48,390,0.78,0,0,4,0,69,71,298
2023-04-03 21:00:00,P0128,Furniture,2491.8,2875.73,280,0.56,0,0,4,0,75,79,318
2023-04-03 22:00:00,P0126,Groceries,2516.84,2123.11,440,0.88,0,0,4,0,83,82,330
2023-04-03 23:00:00,P0045,Clothing,4884.11,4426.92,139,0.278,0,0,4,0,73,66,292
2023-04-04 00:00:00,P0052,Electronics,4738.23,5369.57,158,0.316,1,0,4,1,76,85,326
2023-04-04 01:00:00,P0080,Furniture,1824.74,2061.45,494,0.988,1,0,4,0,73,78,292
2023-04-04 02:00:00,P0178,Clothing,745.87,678.85,26,0.052,1,0,4,0,123,125,510
2023-04-04 03:00:00,P0124,Books,1662.05,1815.35,341,0.682,1,0,4,1,73,72,310
2023-04-04 04:00:00,P0119,Books,200.89,214.71,161,0.322,1,0,4,0,102,102,441
2023-04-04 05:00:00,P0008,Furniture,152.8,151.18,117,0.234,1,0,4,0,137,150,517
2023-04-04 06:00:00,P0085,Books,2007.83,1768.06,336,0.672,1,0,4,0,91,78,399
2023-04-04 07:00:00,P0129,Groceries,4708.05,5439.95,74,0.148,1,0,4,0,65,72,284
2023-04-04 08:00:00,P0008,Furniture,4363.22,4673.62,92,0.184,1,0,4,0,65,56,249
2023-04-04 09:00:00,P0157,Books,2581.64,2239.82,33,0.066,1,0,4,0,82,85,335
2023-04-04 10:00:00,P0096,Electronics,2847.87,3081.17,114,0.228,1,0,4,0,81,77,295
2023-04-04 11:00:00,P0102,Books,79.37,87.04,420,0.84,1,0,4,1,113,119,422
2023-04-04 12:00:00,P0005,Groceries,1116.73,1289.55,441,0.882,1,0,4,0,98,86,399
2023-04-04 13:00:00,P0086,Clothing,172.63,153.49,112,0.224,1,0,4,0,126,128,519
2023-04-04 14:00:00,P0175,Clothing,3784.97,4524.94,367,0.734,1,0,4,0,66,73,266
2023-04-04 15:00:00,P0034,Books,770.95,664.06,59,0.118,1,0,4,0,88,88,366
2023-04-04 16:00:00,P0193,Clothing,4351.78,4527.05,281,0.562,1,0,4,1,75,66,318
2023-04-04 17:00:00,P0055,Books,3234.46,3437.81,236,0.472,1,0,4,0,81,70,303
2023-04-04 18:00:00,P0119,Groceries,1185.62,1147.18,125,0.25,1,0,4,0,96,99,396
2023-04-04 19:00:00,P0171,Clothing,830.72,822.43,428,0.856,1,0,4,0,106,92,429
2023-04-04 20:00:00,P0158,Electronics,3156.74,3650.34,44,0.088,1,0,4,0,100,87,369
2023-04-04 21:00:00,P0114,Books,4509.14,4771.16,287,0.574,1,0,4,0,81,79,306
2023-04-04 22:00:00,P0145,Clothing,3605.88,3601.55,228,0.456,1,0,4,0,71,65,279
2023-04-04 23:00:00,P0026,Groceries,1775.31,1511.39,196,0.392,1,0,4,0,108,98,463
2023-04-05 00:00:00,P0136,Groceries,2957.55,2374.72,211,0.422,2,0,4,0,88,87,332
2023-04-05 01:00:00,P0047,Electronics,1588.27,1350.01,498,0.996,2,0,4,0,82,77,307
2023-04-05 02:00:00,P0113,Groceries,4995.79,5907.39,70,0.14,2,0,4,0,79,72,330
2023-04-05 03:00:00,P0076,Groceries,3756.75,4153.59,234,0.468,2,0,4,0,71,71,311
2023-04-05 04:00:00,P0072,Clothing,3091.19,3668.77,278,0.556,2,0,4,1,77,72,305
2023-04-05 05:00:00,P0089,Books,2145.13,1746.74,448,0.896,2,0,4,1,92,80,357
2023-04-05 06:00:00,P0046,Furniture,3109.85,3334.03,166,0.332,2,0,4,0,80,84,304
2023-04-05 07:00:00,P0196,Groceries,1741.0,1423.65,194,0.388,2,0,4,0,101,104,368
2023-04-05 08:00:00,P0033,Groceries,192.88,214.64,172,0.344,2,0,4,0,106,97,397
2023-04-05 09:00:00,P0001,Furniture,2005.69,1910.18,194,0.388,2,0,4,0,96,98,353
2023-04-05 10:00:00,P0147,Groceries,4655.88,3903.05,62,0.124,2,0,4,0,76,86,304
2023-04-05 11:00:00,P0031,Clothing,3150.19,3235.93,69,0.138,2,0,4,0,79,90,346
2023-04-05 12:00:00,P0142,Clothing,465.58,424.63,222,0.444,2,0,4,0,109,110,461
2023-04-05 13:00:00,P0053,Furniture,4430.72,4713.53,309,0.618,2,0,4,0,66,58,269
2023-04-05 14:00:00,P0048,Groceries,1380.93,1468.3,282,0.564,2,0,4,0,87,86,347
2023-04-05 15:00:00,P0069,Groceries,1256.66,1359.71,348,0.696,2,0,4,0,85,73,348
2023-04-05 16:00:00,P0105,Books,1520.6,1820.14,78,0.156,2,0,4,0,91,89,355
2023-04-05 17:00:00,P0090,Groceries,2907.15,2775.4,35,0.07,2,0,4,0,85,95,318
2023-04-05 18:00:00,P0190,Clothing,2746.21,2708.11,388,0.776,2,0,4,0,86,85,350
2023-04-05 19:00:00,P0194,Electronics,2482.5,2784.98,194,0.388,2,0,4,0,78,79,314
2023-04-05 20:00:00,P0192,Electronics,3601.81,3714.72,434,0.868,2,0,4,0,74,66,322
2023-04-05 21:00:00,P0198,Electronics,1616.86,1317.58,216,0.432,2,0,4,0,101,86,416
2023-04-05 22:00:00,P0063,Electronics,3921.22,4459.33,287,0.574,2,0,4,0,82,94,346
2023-04-05 23:00:00,P0073,Groceries,917.84,753.18,148,0.296,2,0,4,0,100,95,367
2023-04-06 00:00:00,P0161,Groceries,3923.97,3407.29,495,0.99,3,0,4,0,70,65,295
2023-04-06 01:00:00,P0169,Books,3335.86,2804.9,272,0.544,3,0,4,0,71,73,311
2023-04-06 02:00:00,P0089,Groceries,3431.88,2852.48,200,0.4,3,0,4,0,71,76,293
2023-04-06 03:00:00,P0176,Electronics,2433.69,1971.96,153,0.306,3,0,4,1,95,88,398
2023-04-06 04:00:00,P0013,Furniture,3351.66,2755.1,21,0.042,3,0,4,0,105,106,460
2023-04-06 05:00:00,P0073,Furniture,445.0,434.75,296,0.592,3,0,4,0,111,105,434
2023-04-06 06:00:00,P0077,Clothing,4265.18,3843.53,493,0.986,3,0,4,0,58,58,247
2023-04-06 07:00:00,P0159,Clothing,324.96,276.42,314,0.628,3,0,4,0,93,84,365
2023-04-06 08:00:00,P0068,Groceries,786.27,836.18,214,0.428,3,0,4,0,111,111,437
2023-04-06 09:00:00,P0098,Furniture,2905.11,2586.84,330,0.66,3,0,4,0,88,76,363
2023-04-06 10:00:00,P0125,Electronics,3710.09,2996.19,121,0.242,3,0,4,0,81,89,308
2023-04-06 11:00:00,P0102,Electronics,427.45,413.5,265,0.53,3,0,4,0,103,107,453
2023-04-06 12:00:00,P0132,Electronics,4607.79,4258.4,342,0.684,3,0,4,0,71,80,274
2023-04-06 13:00:00,P0102,Groceries,4869.36,4516.05,260,0.52,3,0,4,0,60,62,222
2023-04-06 14:00:00,P0019,Groceries,3049.45,2982.69,54,0.108,3,0,4,0,98,89,378
2023-04-06 15:00:00,P0198,Books,2432.16,2596.49,281,0.562,3,0,4,0,91,91,390
2023-04-06 16:00:00,P0082,Electronics,3719.91,3893.23,259,0.518,3,0,4,0,71,75,273
2023-04-06 17:00:00,P0141,Electronics,1675.37,1968.4,362,0.724,3,0,4,0,91,88,372
2023-04-06 18:00:00,P0023,Groceries,2491.66,2509.32,282,0.564,3,0,4,1,117,119,509
2023-04-06 19:00:00,P0083,Groceries,4584.95,4534.64,229,0.458,3,0,4,0,68,61,259
2023-04-06 20:00:00,P0109,Books,4780.49,4232.48,481,0.962,3,0,4,0,66,71,245
2023-04-06 21:00:00,P0075,Books,4638.99,5112.87,125,0.25,3,0,4,0,78,88,287
2023-04-06 22:00:00,P0129,Clothing,1349.12,1155.27,441,0.882,3,0,4,0,93,88,368
2023-04-06 23:00:00,P0088,Furniture,1200.72,1196.46,258,0.516,3,0,4,0,95,103,350
2023-04-07 00:00:00,P0054,Electronics,1523.44,1475.5,49,0.098,4,0,4,0,96,84,380
2023-04-07 01:00:00,P0199,Electronics,2234.49,2375.98,223,0.446,4,0,4,0,90,83,386
2023-04-07 02:00:00,P0089,Books,1605.13,1873.26,380,0.76,4,0,4,0,90,89,380
2023-04-07 03:00:00,P0143,Books,1902.35,2242.18,281,0.562,4,0,4,0,104,100,423
2023-04-07 04:00:00,P0065,Clothing,3122.15,2707.28,145,0.29,4,0,4,0,99,103,424
2023-04-07 05:00:00,P0076,Furniture,3824.5,3460.13,390,0.78,4,0,4,0,86,88,316
2023-04-07 06:00:00,P0199,Clothing,3691.01,4151.11,372,0.744,4,0,4,0,71,62,290
2023-04-07 07:00:00,P0143,Furniture,4081.4,4111.24,44,0.088,4,0,4,1,88,78,325
2023-04-07 08:00:00,P0149,Electronics,209.31,205.38,396,0.792,4,0,4,0,105,91,418
2023-04-07 09:00:00,P0147,Clothing,286.28,310.4,261,0.522,4,0,4,0,96,109,381
2023-04-07 10:00:00,P0060,Books,3957.45,4118.8,418,0.836,4,0,4,0,60,63,229
2023-04-07 11:00:00,P0093,Clothing,2688.74,3194.99,478,0.956,4,0,4,0,77,85,328
2023-04-07 12:00:00,P0161,Clothing,2911.8,3009.61,233,0.466,4,0,4,0,84,85,318
2023-04-07 13:00:00,P0049,Electronics,310.3,306.08,52,0.104,4,0,4,0,105,95,424
2023-04-07 14:00:00,P0035,Books,1313.8,1336.3,484,0.968,4,0,4,0,101,105,403
2023-04-07 15:00:00,P0172,Books,3209.85,3606.0,234,0.468,4,0,4,0,94,94,371
2023-04-07 16:00:00,P0102,Groceries,4302.95,4496.88,195,0.39,4,0,4,0,72,70,261
2023-04-07 17:00:00,P0011,Groceries,4589.07,4859.0,425,0.85,4,0,4,1,75,72,312
2023-04-07 18:00:00,P0099,Groceries,2527.08,3003.63,3,0.006,4,0,4,0,100,105,361
2023-04-07 19:00:00,P0200,Electronics,2750.1,2880.34,59,0.118,4,0,4,0,74,77,315
2023-04-07 20:00:00,P0110,Clothing,4173.6,3973.74,172,0.344,4,0,4,0,60,54,229
2023-04-07 21:00:00,P0074,Books,2711.24,2918.73,71,0.142,4,0,4,0,95,104,351
2023-04-07 22:00:00,P0194,Books,2608.45,2774.83,485,0.97,4,0,4,0,78,81,307
2023-04-07 23:00:00,P0174,Clothing,4530.17,3649.23,74,0.148,4,0,4,0,68,69,275
2023-04-08 00:00:00,P0009,Books,3960.17,3908.42,321,0.642,5,1,4,0,88,95,339
2023-04-08 01:00:00,P0003,Clothing,4549.91,4991.99,465,0.93,5,1,4,0,90,81,333
2023-04-08 02:00:00,P0085,Electronics,1130.32,1129.89,465,0.93,5,1,4,0,107,120,387
2023-04-08 03:00:00,P0026,Electronics,2645.66,2941.57,21,0.042,5,1,4,0,103,96,429
2023-04-08 04:00:00,P0072,Electronics,4220.24,4137.33,395,0.79,5,1,4,0,74,69,319
2023-04-08 05:00:00,P0048,Clothing,600.18,716.21,208,0.416,5,1,4,0,108,118,397
2023-04-08 06:00:00,P0194,Clothing,3983.58,3653.57,50,0.1,5,1,4,0,100,95,378
2023-04-08 07:00:00,P0198,Furniture,955.72,799.79,144,0.288,5,1,4,0,116,128,419
2023-04-08 08:00:00,P0156,Books,4050.19,3936.8,419,0.838,5,1,4,0,79,75,340
2023-04-08 09:00:00,P0117,Books,3079.4,3130.78,348,0.696,5,1,4,0,88,89,348
2023-04-08 10:00:00,P0154,Furniture,1006.52,945.76,304,0.608,5,1,4,0,132,121,573
2023-04-08 11:00:00,P0153,Furniture,2393.1,2146.4,271,0.542,5,1,4,0,87,93,346
2023-04-08 12:00:00,P0012,Electronics,3425.43,3661.18,488,0.976,5,1,4,0,90,81,386
2023-04-08 13:00:00,P0133,Furniture,3187.57,3030.9,458,0.916,5,1,4,0,95,106,414
2023-04-08 14:00:00,P0048,Clothing,2164.87,2278.63,43,0.086,5,1,4,1,104,100,402
2023-04-08 15:00:00,P0037,Groceries,4501.86,5004.4,106,0.212,5,1,4,0,90,89,370
2023-04-08 16:00:00,P0044,Clothing,2620.35,2893.92,492,0.984,5,1,4,0,90,77,372
2023-04-08 17:00:00,P0015,Furniture,2554.04,2426.65,149,0.298,5,1,4,0,113,129,409
2023-04-08 18:00:00,P0043,Books,358.14,367.87,93,0.186,5,1,4,0,117,128,462
2023-04-08 19:00:00,P0176,Clothing,4614.5,4521.58,263,0.526,5,1,4,0,82,81,351
2023-04-08 20:00:00,P0087,Books,926.73,1064.18,109,0.218,5,1,4,0,124,140,540
2023-04-08 21:00:00,P0070,Clothing,2665.31,3069.11,17,0.034,5,1,4,0,114,129,492
2023-04-08 22:00:00,P0046,Books,4027.66,3775.92,237,0.474,5,1,4,0,66,67,289
2023-04-08 23:00:00,P0108,Clothing,1116.49,934.16,335,0.67,5,1,4,0,104,96,429
2023-04-09 00:00:00,P0123,Books,2660.5,2306.74,238,0.476,6,1,4,0,106,106,401
2023-04-09 01:00:00,P0171,Groceries,1241.39,1175.35,373,0.746,6,1,4,0,128,121,520
2023-04-09 02:00:00,P0021,Electronics,3810.49,3908.42,211,0.422,6,1,4,0,99,97,390
2023-04-09 03:00:00,P0151,Clothing,2843.49,3021.82,230,0.46,6,1,4,0,102,115,388
2023-04-09 04:00:00,P0107,Groceries,4287.08,3997.91,327,0.654,6,1,4,1,74,69,312
2023-04-09 05:00:00,P0080,Electronics,4478.06,4778.09,349,0.698,6,1,4,0,81,89,332
2023-04-09 06:00:00,P0047,Clothing,3261.23,3832.26,293,0.586,6,1,4,0,97,110,411
2023-04-09 07:00:00,P0117,Groceries,3640.69,3862.06,412,0.824,6,1,4,0,99,108,378
2023-04-09 08:00:00,P0124,Groceries,2768.64,2390.52,460,0.92,6,1,4,0,83,84,359
2023-04-09 09:00:00,P0143,Groceries,1952.92,2015.15,80,0.16,6,1,4,0,109,111,413
2023-04-09 10:00:00,P0025,Furniture,3258.18,3312.78,254,0.508,6,1,4,0,112,123,457
2023-04-09 11:00:00,P0036,Books,4546.03,5220.12,231,0.462,6,1,4,0,79,68,288
2023-04-09 12:00:00,P0051,Electronics,2112.57,1986.07,362,0.724,6,1,4,0,106,114,427
2023-04-09 13:00:00,P0015,Books,1606.33,1556.82,208,0.416,6,1,4,0,100,101,368
2023-04-09 14:00:00,P0068,Books,1972.76,2050.61,456,0.912,6,1,4,0,95,92,367
2023-04-09 15:00:00,P0021,Books,2205.22,2226.77,385,0.77,6,1,4,0,102,110,437
2023-04-09 16:00:00,P0141,Groceries,414.13,450.41,442,0.884,6,1,4,0,109,101,470
2023-04-09 17:00:00,P0019,Books,2517.29,2054.5,297,0.594,6,1,4,0,101,113,426
2023-04-09 18:00:00,P0034,Furniture,2496.86,2560.3,373,0.746,6,1,4,0,99,105,386
2023-04-09 19:00:00,P0078,Clothing,2962.8,2514.44,471,0.942,6,1,4,0,89,92,362
2023-04-09 20:00:00,P0125,Groceries,1845.96,1709.51,20,0.04,6,1,4,0,108,109,408
2023-04-09 21:00:00,P0196,Electronics,3084.88,3284.32,237,0.474,6,1,4,0,104,95,431
2023-04-09 22:00:00,P0117,Clothing,4397.17,3794.61,385,0.77,6,1,4,0,79,82,306
2023-04-09 23:00:00,P0052,Clothing,4779.58,4414.12,260,0.52,6,1,4,0,73,78,276
2023-04-10 00:00:00,P0027,Clothing,2938.88,3177.52,272,0.544,0,0,4,0,77,66,313
2023-04-10 01:00:00,P0157,Books,260.83,276.56,279,0.558,0,0,4,0,96,92,354
2023-04-10 02:00:00,P0156,Books,4847.72,4054.71,391,0.782,0,0,4,0,72,79,299
2023-04-10 03:00:00,P0035,Groceries,3544.02,3653.56,413,0.826,0,0,4,0,69,72,259
2023-04-10 04:00:00,P0136,Books,1713.02,1471.32,433,0.866,0,0,4,0,81,84,327
2023-04-10 05:00:00,P0144,Books,778.43,701.29,149,0.298,0,0,4,0,96,88,376
2023-04-10 06:00:00,P0106,Books,759.92,747.52,314,0.628,0,0,4,0,81,84,328
2023-04-10 07:00:00,P0164,Groceries,880.33,742.77,151,0.302,0,0,4,0,129,140,490
2023-04-10 08:00:00,P0158,Groceries,275.58,330.0,281,0.562,0,0,4,0,107,104,412
2023-04-10 09:00:00,P0146,Furniture,4515.66,3911.23,60,0.12,0,0,4,0,68,62,252
2023-04-10 10:00:00,P0002,Furniture,2726.8,3033.63,135,0.27,0,0,4,0,87,76,367
2023-04-10 11:00:00,P0177,Furniture,3514.8,3978.53,11,0.022,0,0,4,0,75,75,274
2023-04-10 12:00:00,P0077,Furniture,4149.14,4969.78,13,0.026,0,0,4,0,81,85,316
2023-04-10 13:00:00,P0132,Clothing,3968.13,3854.88,29,0.058,0,0,4,0,80,72,317
2023-04-10 14:00:00,P0090,Clothing,4418.9,5080.13,438,0.876,0,0,4,0,74,72,278
2023-04-10 15:00:00,P0089,Furniture,4837.91,5723.32,354,0.708,0,0,4,0,60,61,234
2023-04-10 16:00:00,P0094,Furniture,2223.4,1932.49,444,0.888,0,0,4,0,87,78,342
2023-04-10 17:00:00,P0007,Electronics,4754.16,4715.05,317,0.634,0,0,4,0,67,62,253
2023-04-10 18:00:00,P0095,Clothing,3630.29,2991.37,286,0.572,0,0,4,0,70,72,288
2023-04-10 19:00:00,P0108,Electronics,399.81,419.12,219,0.438,0,0,4,0,112,120,406
2023-04-10 20:00:00,P0074,Electronics,3424.83,3536.35,237,0.474,0,0,4,0,80,83,301
2023-04-10 21:00:00,P0039,Books,3449.25,3041.03,26,0.052,0,0,4,0,95,101,389
2023-04-10 22:00:00,P0141,Groceries,4534.01,5074.29,483,0.966,0,0,4,0,67,69,275
2023-04-10 23:00:00,P0159,Clothing,1896.01,1545.07,256,0.512,0,0,4,0,89,98,339
2023-04-11 00:00:00,P0071,Furniture,2945.31,3306.08,296,0.592,1,0,4,0,90,99,373
2023-04-11 01:00:00,P0191,Furniture,110.33,89.44,141,0.282,1,0,4,0,117,127,465
2023-04-11 02:00:00,P0056,Groceries,1693.77,1800.02,249,0.498,1,0,4,0,90,92,362
2023-04-11 03:00:00,P0170,Clothing,358.11,297.77,73,0.146,1,0,4,0,124,142,479
2023-04-11 04:00:00,P0189,Furniture,2633.27,2371.23,433,0.866,1,0,4,0,88,76,386
2023-04-11 05:00:00,P0042,Furniture,4096.37,4459.99,297,0.594,1,0,4,0,66,60,277
2023-04-11 06:00:00,P0184,Books,1071.89,977.74,198,0.396,1,0,4,0,95,104,361
2023-04-11 07:00:00,P0036,Electronics,2660.83,2672.72,295,0.59,1,0,4,0,86,94,326
2023-04-11 08:00:00,P0084,Furniture,1059.84,1235.88,13,0.026,1,0,4,0,105,115,443
2023-04-11 09:00:00,P0196,Clothing,647.41,530.78,99,0.198,1,0,4,0,106,118,415
2023-04-11 10:00:00,P0118,Groceries,2579.43,2900.39,90,0.18,1,0,4,1,85,83,312
2023-04-11 11:00:00,P0007,Books,441.79,364.97,394,0.788,1,0,4,0,102,115,370
2023-04-11 12:00:00,P0054,Clothing,2957.41,2515.92,190,0.38,1,0,4,0,88,80,346
2023-04-11 13:00:00,P0129,Books,205.12,173.89,361,0.722,1,0,4,0,89,101,350
2023-04-11 14:00:00,P0172,Electronics,578.24,692.52,304,0.608,1,0,4,0,99,101,412
2023-04-11 15:00:00,P0120,Furniture,2772.49,2417.82,420,0.84,1,0,4,0,76,68,309
2023-04-11 16:00:00,P0173,Clothing,2977.47,3450.01,105,0.21,1,0,4,0,91,97,384
2023-04-11 17:00:00,P0106,Groceries,193.49,231.49,393,0.786,1,0,4,0,109,102,420
2023-04-11 18:00:00,P0047,Electronics,2888.22,2753.96,437,0.874,1,0,4,0,85,78,348
2023-04-11 19:00:00,P0123,Electronics,4200.59,4420.78,6,0.012,1,0,4,0,77,69,332
2023-04-11 20:00:00,P0141,Books,3625.47,4030.2,80,0.16,1,0,4,0,87,75,318
2023-04-11 21:00:00,P0119,Electronics,699.37,669.34,252,0.504,1,0,4,0,88,95,367
2023-04-11 22:00:00,P0150,Clothing,2982.75,2579.26,499,0.998,1,0,4,0,86,86,359
2023-04-11 23:00:00,P0118,Books,3377.65,3288.16,139,0.278,1,0,4,0,78,89,330
2023-04-12 00:00:00,P0021,Electronics,234.29,259.77,484,0.968,2,0,4,0,85,83,324
2023-04-12 01:00:00,P0137,Groceries,4283.97,4765.08,356,0.712,2,0,4,0,65,72,256
2023-04-12 02:00:00,P0026,Clothing,4536.02,4047.11,310,0.62,2,0,4,0,78,89,296
2023-04-12 03:00:00,P0009,Groceries,4259.74,3705.92,419,0.838,2,0,4,0,72,62,277
2023-04-12 04:00:00,P0015,Groceries,4131.93,4827.02,6,0.012,2,0,4,0,95,84,416
2023-04-12 05:00:00,P0010,Books,3737.58,3055.84,151,0.302,2,0,4,0,82,78,324
2023-04-12 06:00:00,P0122,Furniture,3185.49,3484.59,289,0.578,2,0,4,0,92,102,394
2023-04-12 07:00:00,P0121,Books,3409.2,2790.66,125,0.25,2,0,4,0,81,89,343
2023-04-12 08:00:00,P0125,Clothing,4041.66,4587.93,448,0.896,2,0,4,0,60,58,237
2023-04-12 09:00:00,P0170,Clothing,3329.37,3869.28,284,0.568,2,0,4,0,83,76,365
2023-04-12 10:00:00,P0072,Books,1672.25,1536.74,281,0.562,2,0,4,0,95,104,406
2023-04-12 11:00:00,P0152,Furniture,1911.01,1585.32,73,0.146,2,0,4,0,104,107,415
2023-04-12 12:00:00,P0049,Books,4490.43,4455.74,448,0.896,2,0,4,0,71,61,273
2023-04-12 13:00:00,P0154,Clothing,134.75,123.89,44,0.088,2,0,4,0,122,133,447
2023-04-12 14:00:00,P0091,Furniture,3509.16,3392.85,16,0.032,2,0,4,0,85,97,338
2023-04-12 15:00:00,P0037,Clothing,4776.15,5091.35,232,0.464,2,0,4,0,68,59,264
2023-04-12 16:00:00,P0068,Furniture,3545.83,3134.27,163,0.326,2,0,4,1,85,80,354
2023-04-12 17:00:00,P0050,Furniture,4969.86,4685.49,456,0.912,2,0,4,0,52,57,188
2023-04-12 18:00:00,P0152,Books,3453.35,3843.66,486,0.972,2,0,4,0,68,70,290
2023-04-12 19:00:00,P0019,Books,220.1,232.76,62,0.124,2,0,4,0,140,161,551
2023-04-12 20:00:00,P0100,Books,4143.7,3855.76,406,0.812,2,0,4,1,66,74,262
2023-04-12 21:00:00,P0060,Furniture,1458.92,1554.8,92,0.184,2,0,4,0,110,99,412
2023-04-12 22:00:00,P0167,Furniture,2257.98,2497.61,321,0.642,2,0,4,0,84,88,365
2023-04-12 23:00:00,P0089,Clothing,1594.85,1653.85,465,0.93,2,0,4,0,87,91,341
2023-04-13 00:00:00,P0146,Groceries,1379.34,1235.61,91,0.182,3,0,4,0,81,72,346
2023-04-13 01:00:00,P0147,Books,2185.46,1748.58,372,0.744,3,0,4,0,92,81,349
2023-04-13 02:00:00,P0164,Clothing,1924.82,2157.99,494,0.988,3,0,4,0,80,82,294
2023-04-13 03:00:00,P0183,Clothing,3185.03,3596.07,41,0.082,3,0,4,0,70,68,288
2023-04-13 04:00:00,P0069,Electronics,4075.1,4397.2,240,0.48,3,0,4,0,64,65,281
2023-04-13 05:00:00,P0175,Books,1520.59,1263.05,326,0.652,3,0,4,0,95,88,391
2023-04-13 06:00:00,P0049,Clothing,1107.92,1145.69,254,0.508,3,0,4,0,93,95,380
2023-04-13 07:00:00,P0108,Electronics,3351.13,3781.44,330,0.66,3,0,4,0,72,69,285
2023-04-13 08:00:00,P0161,Books,3368.08,3219.44,70,0.14,3,0,4,0,82,92,314
2023-04-13 09:00:00,P0119,Furniture,4510.6,3965.72,298,0.596,3,0,4,0,47,44,185
2023-04-13 10:00:00,P0149,Electronics,128.93,133.45,215,0.43,3,0,4,0,92,102,342
2023-04-13 11:00:00,P0150,Furniture,4272.55,4830.21,310,0.62,3,0,4,0,75,73,286
2023-04-13 12:00:00,P0176,Groceries,2628.96,2154.56,55,0.11,3,0,4,0,98,100,391
2023-04-13 13:00:00,P0037,Groceries,3125.45,3246.66,78,0.156,3,0,4,0,93,87,346
2023-04-13 14:00:00,P0143,Groceries,502.29,531.06,414,0.828,3,0,4,0,105,115,444
2023-04-13 15:00:00,P0163,Groceries,2191.44,2281.17,498,0.996,3,0,4,0,86,95,310
2023-04-13 16:00:00,P0199,Clothing,1175.15,1245.67,338,0.676,3,0,4,0,110,120,424
2023-04-13 17:00:00,P0160,Groceries,1308.41,1377.17,439,0.878,3,0,4,0,97,101,389
2023-04-13 18:00:00,P0011,Clothing,2545.27,2168.98,120,0.24,3,0,4,0,92,87,400
2023-04-13 19:00:00,P0138,Clothing,4071.66,3639.96,201,0.402,3,0,4,1,87,91,353
2023-04-13 20:00:00,P0078,Books,3731.72,3909.34,431,0.862,3,0,4,0,76,86,292
2023-04-13 21:00:00,P0077,Clothing,2975.45,2401.42,435,0.87,3,0,4,0,83,87,322
2023-04-13 22:00:00,P0185,Clothing,2720.12,2866.73,327,0.654,3,0,4,0,79,90,306
2023-04-13 23:00:00,P0153,Groceries,2165.16,2308.4,256,0.512,3,0,4,1,91,86,341
2023-04-14 00:00:00,P0002,Clothing,4864.91,4357.35,129,0.258,4,0,4,0,62,68,230
2023-04-14 01:00:00,P0064,Furniture,2822.95,2933.76,348,0.696,4,0,4,1,70,75,279
2023-04-14 02:00:00,P0035,Groceries,1307.13,1324.95,41,0.082,4,0,4,0,88,96,336
2023-04-14 03:00:00,P0007,Electronics,1188.95,1075.14,73,0.146,4,0,4,0,104,111,382
2023-04-14 04:00:00,P0085,Groceries,3076.2,3030.64,233,0.466,4,0,4,0,95,94,358
2023-04-14 05:00:00,P0146,Clothing,2638.0,3070.24,8,0.016,4,0,4,0,99,105,398
2023-04-14 06:00:00,P0067,Furniture,88.1,85.51,369,0.738,4,0,4,0,114,129,434
2023-04-14 07:00:00,P0042,Groceries,4158.82,4374.82,30,0.06,4,0,4,0,72,70,273
2023-04-14 08:00:00,P0118,Furniture,3535.41,2878.32,95,0.19,4,0,4,0,86,98,352
2023-04-14 09:00:00,P0125,Electronics,3326.05,2764.35,257,0.514,4,0,4,0,97,84,403
2023-04-14 10:00:00,P0167,Electronics,390.46,325.07,279,0.558,4,0,4,0,114,97,432
2023-04-14 11:00:00,P0169,Books,1842.18,2047.21,228,0.456,4,0,4,0,91,91,362
2023-04-14 12:00:00,P0024,Books,4680.14,4399.81,244,0.488,4,0,4,0,57,63,240
2023-04-14 13:00:00,P0188,Groceries,4319.82,3849.15,426,0.852,4,0,4,0,59,55,245
2023-04-14 14:00:00,P0046,Books,1463.44,1608.22,197,0.394,4,0,4,0,105,111,384
2023-04-14 15:00:00,P0019,Furniture,827.44,718.2,455,0.91,4,0,4,0,97,98,377
2023-04-14 16:00:00,P0068,Books,2272.99,2042.5,231,0.462,4,0,4,0,107,100,447
2023-04-14 17:00:00,P0102,Furniture,1811.36,1761.32,472,0.944,4,0,4,0,87,81,326
2023-04-14 18:00:00,P0042,Books,3427.02,3195.95,489,0.978,4,0,4,0,62,54,233
2023-04-14 19:00:00,P0032,Books,4833.85,4998.96,298,0.596,4,0,4,0,65,66,267
2023-04-14 20:00:00,P0167,Books,1846.86,1727.07,50,0.1,4,0,4,0,101,99,387
2023-04-14 21:00:00,P0109,Clothing,358.01,342.68,216,0.432,4,0,4,0,104,97,401
2023-04-14 22:00:00,P0036,Clothing,4493.19,5145.4,173,0.346,4,0,4,0,72,82,289
2023-04-14 23:00:00,P0097,Books,237.85,274.43,74,0.148,4,0,4,0,119,130,500
2023-04-15 00:00:00,P0164,Furniture,4766.19,5390.96,98,0.196,5,1,4,0,66,66,264
2023-04-15 01:00:00,P0131,Groceries,3339.67,3827.04,0,0.0,5,1,4,0,94,95,406
2023-04-15 02:00:00,P0073,Electronics,4711.36,4842.77,123,0.246,5,1,4,0,93,84,343
2023-04-15 03:00:00,P0136,Clothing,1038.32,1099.05,116,0.232,5,1,4,0,141,147,593
2023-04-15 04:00:00,P0097,Books,251.46,257.21,342,0.684,5,1,4,0,105,119,424
2023-04-15 05:00:00,P0123,Electronics,2466.64,2748.42,194,0.388,5,1,4,0,90,101,383
2023-04-15 06:00:00,P0070,Clothing,2280.59,2327.11,232,0.464,5,1,4,1,112,98,432
2023-04-15 07:00:00,P0169,Groceries,1690.89,1427.84,128,0.256,5,1,4,0,137,119,546
2023-04-15 08:00:00,P0196,Furniture,4790.4,5383.61,373,0.746,5,1,4,0,76,87,324
2023-04-15 09:00:00,P0013,Books,4121.79,4551.42,62,0.124,5,1,4,0,92,84,392
2023-04-15 10:00:00,P0049,Groceries,3324.83,3750.81,235,0.47,5,1,4,0,87,88,339
2023-04-15 11:00:00,P0060,Clothing,856.15,750.13,331,0.662,5,1,4,0,126,110,536
2023-04-15 12:00:00,P0130,Books,3684.9,3348.27,229,0.458,5,1,4,0,87,96,361
2023-04-15 13:00:00,P0188,Electronics,3648.71,3350.61,189,0.378,5,1,4,0,106,94,416
2023-04-15 14:00:00,P0005,Furniture,2154.09,2161.05,188,0.376,5,1,4,0,111,116,486
2023-04-15 15:00:00,P0172,Clothing,4627.69,3949.97,167,0.334,5,1,4,0,84,73,304
2023-04-15 16:00:00,P0027,Furniture,876.54,836.35,94,0.188,5,1,4,0,114,102,445
2023-04-15 17:00:00,P0160,Books,1373.32,1198.72,156,0.312,5,1,4,0,107,107,411
2023-04-15 18:00:00,P0149,Groceries,362.96,328.81,290,0.58,5,1,4,0,114,98,496
2023-04-15 19:00:00,P0008,Furniture,3987.48,4316.67,347,0.694,5,1,4,0,82,75,302
2023-04-15 20:00:00,P0200,Electronics,3127.71,3571.61,340,0.68,5,1,4,1,102,91,418
2023-04-15 21:00:00,P0050,Clothing,1608.95,1301.9,394,0.788,5,1,4,0,113,97,472
2023-04-15 22:00:00,P0067,Electronics,860.88,883.57,473,0.946,5,1,4,0,103,118,386
2023-04-15 23:00:00,P0044,Furniture,248.73,202.57,138,0.276,5,1,4,0,102,100,379
2023-04-16 00:00:00,P0125,Groceries,875.39,730.16,190,0.38,6,1,4,0,111,123,404
2023-04-16 01:00:00,P0058,Groceries,2293.76,2481.93,452,0.904,6,1,4,0,97,93,362
2023-04-16 02:00:00,P0003,Electronics,1273.53,1393.55,55,0.11,6,1,4,0,124,107,527
2023-04-16 03:00:00,P0086,Books,1331.96,1499.24,6,0.012,6,1,4,0,146,155,636
2023-04-16 04:00:00,P0070,Books,4384.1,4338.93,50,0.1,6,1,4,0,101,87,436
2023-04-16 05:00:00,P0130,Groceries,2599.93,2974.12,478,0.956,6,1,4,0,99,101,385
2023-04-16 06:00:00,P0172,Electronics,3659.8,3172.08,38,0.076,6,1,4,0,90,80,376
2023-04-16 07:00:00,P0002,Electronics,226.77,204.07,297,0.594,6,1,4,1,126,132,537
2023-04-16 08:00:00,P0102,Electronics,1857.56,1585.99,71,0.142,6,1,4,0,121,135,514
2023-04-16 09:00:00,P0035,Furniture,2421.89,2710.13,255,0.51,6,1,4,0,115,131,420
2023-04-16 10:00:00,P0098,Books,972.76,867.19,308,0.616,6,1,4,0,103,104,389
2023-04-16 11:00:00,P0030,Books,644.95,556.08,90,0.18,6,1,4,0,138,139,600
2023-04-16 12:00:00,P0116,Furniture,4358.0,4572.61,148,0.296,6,1,4,0,91,78,381
2023-04-16 13:00:00,P0008,Clothing,4700.19,3905.07,29,0.058,6,1,4,0,81,88,346
2023-04-16 14:00:00,P0150,Furniture,440.09,359.98,461,0.922,6,1,4,0,127,144,509
2023-04-16 15:00:00,P0044,Electronics,1777.64,1497.99,122,0.244,6,1,4,0,92,90,360
2023-04-16 16:00:00,P0186,Furniture,4793.51,3835.27,384,0.768,6,1,4,0,90,98,371
2023-04-16 17:00:00,P0036,Electronics,461.65,498.03,236,0.472,6,1,4,0,139,151,553
2023-04-16 18:00:00,P0197,Groceries,3236.02,3316.58,279,0.558,6,1,4,0,91,99,355
2023-04-16 19:00:00,P0077,Electronics,4862.5,4298.21,124,0.248,6,1,4,0,77,83,299
2023-04-16 20:00:00,P0031,Books,4892.21,4369.73,133,0.266,6,1,4,0,80,73,298
2023-04-16 21:00:00,P0047,Furniture,2382.56,2678.92,5,0.01,6,1,4,0,103,111,414
2023-04-16 22:00:00,P0055,Electronics,855.61,856.23,382,0.764,6,1,4,0,110,98,442
2023-04-16 23:00:00,P0106,Clothing,1050.32,1133.73,372,0.744,6,1,4,0,120,128,489
2023-04-17 00:00:00,P0190,Groceries,4453.53,4369.37,196,0.392,0,0,4,0,67,57,247
2023-04-17 01:00:00,P0158,Clothing,4562.83,4084.13,189,0.378,0,0,4,0,78,88,338
2023-04-17 02:00:00,P0121,Clothing,3059.0,3634.58,290,0.58,0,0,4,0,80,88,335
2023-04-17 03:00:00,P0055,Clothing,3842.57,3943.47,383,0.766,0,0,4,0,80,84,296
2023-04-17 04:00:00,P0144,Groceries,3712.66,3164.64,235,0.47,0,0,4,0,88,77,322
2023-04-17 05:00:00,P0012,Groceries,3326.02,3201.08,78,0.156,0,0,4,0,77,85,317
2023-04-17 06:00:00,P0145,Groceries,4145.02,3862.06,34,0.068,0,0,4,0,63,70,244
2023-04-17 07:00:00,P0144,Groceries,3442.76,3049.03,303,0.606,0,0,4,0,79,83,305
2023-04-17 08:00:00,P0140,Clothing,2693.31,3160.27,369,0.738,0,0,4,0,85,97,363
2023-04-17 09:00:00,P0136,Books,1222.93,1409.27,360,0.72,0,0,4,0,84,74,326
2023-04-17 10:00:00,P0003,Books,3732.25,3283.11,71,0.142,0,0,4,0,96,102,394
2023-04-17 11:00:00,P0144,Groceries,2393.52,2251.97,42,0.084,0,0,4,0,92,93,371
2023-04-17 12:00:00,P0030,Furniture,1509.22,1667.58,290,0.58,0,0,4,1,101,90,385
2023-04-17 13:00:00,P0023,Electronics,4019.63,3550.95,132,0.264,0,0,4,0,72,75,278
2023-04-17 14:00:00,P0092,Furniture,3498.73,3626.87,286,0.572,0,0,4,1,67,73,292
2023-04-17 15:00:00,P0115,Furniture,4689.83,5064.63,105,0.21,0,0,4,0,81,73,313
2023-04-17 16:00:00,P0104,Furniture,868.94,922.46,158,0.316,0,0,4,0,96,104,406
2023-04-17 17:00:00,P0118,Books,3263.49,3532.94,356,0.712,0,0,4,1,84,74,360
2023-04-17 18:00:00,P0005,Electronics,1258.99,1363.08,7,0.014,0,0,4,0,99,102,362
2023-04-17 19:00:00,P0104,Furniture,4522.74,5363.62,261,0.522,0,0,4,0,68,74,281
2023-04-17 20:00:00,P0108,Groceries,542.52,509.21,342,0.684,0,0,4,0,100,89,420
2023-04-17 21:00:00,P0065,Books,3298.0,3797.44,436,0.872,0,0,4,0,75,77,296
2023-04-17 22:00:00,P0121,Groceries,3965.87,3207.29,79,0.158,0,0,4,0,75,73,304
2023-04-17 23:00:00,P0030,Groceries,1806.84,1653.77,43,0.086,0,0,4,0,108,111,403
2023-04-18 00:00:00,P0149,Furniture,4772.98,3911.28,176,0.352,1,0,4,0,76,74,293
2023-04-18 01:00:00,P0084,Groceries,4261.12,4518.84,391,0.782,1,0,4,0,77,71,321
2023-04-18 02:00:00,P0198,Electronics,1508.36,1267.5,63,0.126,1,0,4,0,99,92,404
2023-04-18 03:00:00,P0150,Groceries,87.33,99.41,387,0.774,1,0,4,0,92,102,341
2023-04-18 04:00:00,P0200,Furniture,1518.45,1607.49,287,0.574,1,0,4,0,97,87,426
2023-04-18 05:00:00,P0032,Groceries,1442.49,1170.62,308,0.616,1,0,4,0,99,88,431
2023-04-18 06:00:00,P0161,Books,4455.32,4838.08,112,0.224,1,0,4,0,77,68,291
2023-04-18 07:00:00,P0016,Books,4837.25,5537.75,450,0.9,1,0,4,0,72,63,310
2023-04-18 08:00:00,P0038,Books,398.68,424.37,318,0.636,1,0,4,0,105,90,400
2023-04-18 09:00:00,P0142,Clothing,2382.91,1935.42,369,0.738,1,0,4,0,103,93,417
2023-04-18 10:00:00,P0036,Books,2764.24,3159.99,207,0.414,1,0,4,0,95,86,401
2023-04-18 11:00:00,P0151,Books,509.91,557.32,443,0.886,1,0,4,0,107,100,415
2023-04-18 12:00:00,P0114,Clothing,1918.61,1825.33,225,0.45,1,0,4,0,95,84,384
2023-04-18 13:00:00,P0066,Books,1619.56,1508.54,332,0.664,1,0,4,0,90,79,356
2023-04-18 14:00:00,P0105,Furniture,2703.48,2681.66,416,0.832,1,0,4,0,76,77,320
2023-04-18 15:00:00,P0085,Books,3322.89,3810.83,277,0.554,1,0,4,0,81,86,323
2023-04-18 16:00:00,P0002,Books,3532.25,3181.93,382,0.764,1,0,4,0,82,85,332
2023-04-18 17:00:00,P0193,Clothing,726.94,610.91,286,0.572,1,0,4,1,100,102,428
2023-04-18 18:00:00,P0075,Furniture,4074.09,4668.31,279,0.558,1,0,4,0,71,70,295
2023-04-18 19:00:00,P0067,Groceries,3408.78,2762.87,2,0.004,1,0,4,0,78,81,314
2023-04-18 20:00:00,P0180,Electronics,4450.92,5182.65,32,0.064,1,0,4,0,80,90,318
2023-04-18 21:00:00,P0190,Furniture,2274.21,2097.5,477,0.954,1,0,4,0,74,77,274
2023-04-18 22:00:00,P0151,Groceries,4474.75,4489.47,409,0.818,1,0,4,0,69,60,252
2023-04-18 23:00:00,P0154,Furniture,4335.58,3697.9,481,0.962,1,0,4,0,68,69,297
2023-04-19 00:00:00,P0196,Groceries,2220.13,2577.35,306,0.612,2,0,4,0,87,88,326
2023-04-19 01:00:00,P0055,Groceries,1936.66,2130.2,213,0.426,2,0,4,0,106,104,405
2023-04-19 02:00:00,P0006,Furniture,4667.42,5459.3,29,0.058,2,0,4,0,86,88,352
2023-04-19 03:00:00,P0163,Clothing,3590.07,3853.19,418,0.836,2,0,4,0,58,61,247
2023-04-19 04:00:00,P0150,Furniture,4644.81,4059.0,24,0.048,2,0,4,0,64,55,273
2023-04-19 05:00:00,P0171,Furniture,3995.03,3688.64,27,0.054,2,0,4,0,86,85,367
2023-04-19 06:00:00,P0143,Groceries,3066.02,3049.89,96,0.192,2,0,4,0,103,113,451
2023-04-19 07:00:00,P0086,Electronics,623.47,650.22,86,0.172,2,0,4,0,96,97,350
2023-04-19 08:00:00,P0060,Groceries,1492.83,1747.48,25,0.05,2,0,4,0,109,95,427
2023-04-19 09:00:00,P0101,Books,4845.77,4620.83,119,0.238,2,0,4,0,58,63,251
2023-04-19 10:00:00,P0012,Furniture,1631.14,1763.64,200,0.4,2,0,4,0,79,89,314
2023-04-19 11:00:00,P0049,Furniture,511.61,605.95,391,0.782,2,0,4,0,121,134,520
2023-04-19 12:00:00,P0042,Clothing,3552.39,3058.43,356,0.712,2,0,4,0,79,76,286
2023-04-19 13:00:00,P0166,Groceries,3683.32,4217.71,352,0.704,2,0,4,1,63,64,252
2023-04-19 14:00:00,P0082,Clothing,1463.02,1416.62,14,0.028,2,0,4,0,103,106,447
2023-04-19 15:00:00,P0173,Furniture,1523.48,1665.12,304,0.608,2,0,4,1,87,93,331
2023-04-19 16:00:00,P0035,Groceries,2371.02,2175.21,253,0.506,2,0,4,0,85,89,369
2023-04-19 17:00:00,P0158,Groceries,157.86,147.38,110,0.22,2,0,4,0,111,101,400
2023-04-19 18:00:00,P0158,Books,3957.15,3208.67,7,0.014,2,0,4,0,84,93,308
2023-04-19 19:00:00,P0134,Books,1619.59,1924.98,438,0.876,2,0,4,0,93,103,370
2023-04-19 20:00:00,P0067,Electronics,4276.13,4812.28,340,0.68,2,0,4,0,65,63,240
2023-04-19 21:00:00,P0080,Books,4023.02,3369.55,127,0.254,2,0,4,0,72,64,272
2023-04-19 22:00:00,P0007,Groceries,3323.94,3988.07,185,0.37,2,0,4,1,86,89,330
2023-04-19 23:00:00,P0180,Books,1658.13,1727.79,386,0.772,2,0,4,0,85,81,339
2023-04-20 00:00:00,P0014,Electronics,2605.77,2974.46,392,0.784,3,0,4,0,77,83,301
2023-04-20 01:00:00,P0073,Furniture,2251.9,1861.57,499,0.998,3,0,4,0,83,78,360
2023-04-20 02:00:00,P0143,Books,1727.47,1651.08,13,0.026,3,0,4,0,103,96,444
2023-04-20 03:00:00,P0149,Groceries,4248.27,4536.56,229,0.458,3,0,4,0,70,78,294
2023-04-20 04:00:00,P0163,Furniture,2443.36,2058.71,90,0.18,3,0,4,1,104,108,429
2023-04-20 05:00:00,P0066,Groceries,4171.98,4153.46,403,0.806,3,0,4,0,73,64,275
2023-04-20 06:00:00,P0091,Furniture,570.83,557.74,3,0.006,3,0,4,0,137,145,559
2023-04-20 07:00:00,P0130,Groceries,748.07,663.1,151,0.302,3,0,4,0,104,112,387
2023-04-20 08:00:00,P0163,Books,4887.74,4497.25,218,0.436,3,0,4,0,73,67,289
2023-04-20 09:00:00,P0020,Books,2959.45,3512.42,75,0.15,3,0,4,0,102,116,405
2023-04-20 10:00:00,P0010,Electronics,2573.36,2355.81,283,0.566,3,0,4,0,79,76,328
2023-04-20 11:00:00,P0025,Furniture,2639.62,2337.04,354,0.708,3,0,4,0,80,91,341
2023-04-20 12:00:00,P0194,Electronics,1115.58,1131.74,215,0.43,3,0,4,0,114,107,440
2023-04-20 13:00:00,P0025,Clothing,3607.58,3854.28,158,0.316,3,0,4,1,86,89,312
2023-04-20 14:00:00,P0054,Books,469.66,511.95,250,0.5,3,0,4,0,106,107,386
2023-04-20 15:00:00,P0033,Furniture,2887.95,3181.65,66,0.132,3,0,4,0,78,90,335
2023-04-20 16:00:00,P0164,Electronics,2875.31,2342.61,221,0.442,3,0,4,0,74,72,295
2023-04-20 17:00:00,P0095,Electronics,4575.23,4380.8,191,0.382,3,0,4,0,68,61,258
2023-04-20 18:00:00,P0014,Clothing,2654.6,2945.5,218,0.436,3,0,4,0,81,89,294
2023-04-20 19:00:00,P0065,Electronics,728.46,846.43,372,0.744,3,0,4,0,91,78,366
2023-04-20 20:00:00,P0110,Groceries,2885.13,3003.07,16,0.032,3,0,4,0,75,84,278
2023-04-20 21:00:00,P0080,Books,502.07,412.16,389,0.778,3,0,4,0,87,77,342
2023-04-20 22:00:00,P0054,Electronics,1058.78,1015.01,494,0.988,3,0,4,0,84,86,337
2023-04-20 23:00:00,P0125,Electronics,203.99,169.25,106,0.212,3,0,4,0,115,122,435
2023-04-21 00:00:00,P0180,Clothing,2590.8,2848.36,465,0.93,4,0,4,0,78,74,293
2023-04-21 01:00:00,P0131,Groceries,468.44,386.65,443,0.886,4,0,4,0,99,109,358
2023-04-21 02:00:00,P0169,Electronics,2373.5,2075.13,226,0.452,4,0,4,0,90,93,366
2023-04-21 03:00:00,P0134,Books,4668.08,4513.02,474,0.948,4,0,4,0,53,51,199
2023-04-21 04:00:00,P0025,Books,3612.82,3558.84,80,0.16,4,0,4,0,92,87,396
2023-04-21 05:00:00,P0141,Electronics,433.19,416.99,266,0.532,4,0,4,0,113,100,461
2023-04-21 06:00:00,P0117,Groceries,1159.84,1142.86,165,0.33,4,0,4,0,103,107,417
2023-04-21 07:00:00,P0136,Books,3384.63,3673.32,356,0.712,4,0,4,0,73,70,292
2023-04-21 08:00:00,P0149,Books,4478.77,4244.56,233,0.466,4,0,4,0,81,77,306
2023-04-21 09:00:00,P0196,Groceries,212.95,217.02,161,0.322,4,0,4,0,100,113,438
2023-04-21 10:00:00,P0025,Groceries,4071.63,3751.39,174,0.348,4,0,4,0,84,78,367
2023-04-21 11:00:00,P0079,Electronics,2830.98,2665.23,159,0.318,4,0,4,0,80,89,309
2023-04-21 12:00:00,P0068,Furniture,2753.15,2878.47,362,0.724,4,0,4,0,93,106,393
2023-04-21 13:00:00,P0173,Clothing,4791.18,4772.96,375,0.75,4,0,4,0,68,75,251
2023-04-21 14:00:00,P0188,Furniture,3750.84,4085.47,184,0.368,4,0,4,0,86,74,363
2023-04-21 15:00:00,P0012,Furniture,4258.09,4361.2,173,0.346,4,0,4,0,76,84,291
2023-04-21 16:00:00,P0032,Books,1802.28,2021.13,237,0.474,4,0,4,0,99,90,379
2023-04-21 17:00:00,P0128,Groceries,2794.1,2730.85,162,0.324,4,0,4,1,88,84,353
2023-04-21 18:00:00,P0096,Books,3096.26,3085.16,475,0.95,4,0,4,0,68,78,266
2023-04-21 19:00:00,P0092,Clothing,1641.84,1753.47,405,0.81,4,0,4,0,100,97,369
2023-04-21 20:00:00,P0141,Electronics,2872.73,2552.41,399,0.798,4,0,4,0,78,82,318
2023-04-21 21:00:00,P0031,Clothing,1221.44,1165.71,237,0.474,4,0,4,0,101,95,381
2023-04-21 22:00:00,P0078,Books,759.71,797.65,105,0.21,4,0,4,0,92,88,364
2023-04-21 23:00:00,P0020,Books,1901.15,1542.88,117,0.234,4,0,4,0,96,99,363
2023-04-22 00:00:00,P0146,Books,3709.48,3615.96,231,0.462,5,1,4,0,93,106,399
2023-04-22 01:00:00,P0060,Books,4585.13,4766.43,75,0.15,5,1,4,1,100,93,387
2023-04-22 02:00:00,P0191,Furniture,2315.68,2748.6,4,0.008,5,1,4,0,112,104,483
2023-04-22 03:00:00,P0134,Electronics,3231.98,3719.38,217,0.434,5,1,4,1,92,79,355
2023-04-22 04:00:00,P0160,Furniture,560.03,510.91,281,0.562,5,1,4,0,112,102,419
2023-04-22 05:00:00,P0093,Books,4527.1,4540.16,332,0.664,5,1,4,0,73,68,296
2023-04-22 06:00:00,P0043,Groceries,2864.59,2356.31,407,0.814,5,1,4,0,108,94,437
2023-04-22 07:00:00,P0130,Furniture,3912.67,3506.93,235,0.47,5,1,4,0,78,79,319
2023-04-22 08:00:00,P0060,Books,3982.48,4420.32,322,0.644,5,1,4,0,80,71,307
2023-04-22 09:00:00,P0151,Books,1319.58,1120.75,31,0.062,5,1,4,0,140,140,540
2023-04-22 10:00:00,P0031,Electronics,2669.41,2410.68,406,0.812,5,1,4,0,105,95,398
2023-04-22 11:00:00,P0005,Clothing,4804.37,5657.71,176,0.352,5,1,4,0,98,111,426
2023-04-22 12:00:00,P0162,Furniture,493.69,557.64,499,0.998,5,1,4,0,122,115,506
2023-04-22 13:00:00,P0010,Furniture,3431.1,3817.89,484,0.968,5,1,4,0,86,75,362
2023-04-22 14:00:00,P0089,Furniture,4813.21,5515.09,118,0.236,5,1,4,0,87,96,327
2023-04-22 15:00:00,P0130,Books,1537.86,1691.4,189,0.378,5,1,4,0,102,99,421
2023-04-22 16:00:00,P0126,Electronics,4314.17,3659.43,101,0.202,5,1,4,1,86,94,362
2023-04-22 17:00:00,P0011,Books,4671.6,4702.55,364,0.728,5,1,4,0,69,65,267
2023-04-22 18:00:00,P0178,Books,3748.08,3664.49,485,0.97,5,1,4,0,93,93,347
2023-04-22 19:00:00,P0159,Groceries,1195.08,1104.8,460,0.92,5,1,4,0,90,89,374
2023-04-22 20:00:00,P0056,Electronics,1703.3,1930.89,78,0.156,5,1,4,0,113,115,462
2023-04-22 21:00:00,P0083,Furniture,227.26,224.0,321,0.642,5,1,4,0,108,105,439
2023-04-22 22:00:00,P0137,Clothing,4165.69,3433.02,138,0.276,5,1,4,1,97,97,363
2023-04-22 23:00:00,P0099,Furniture,4255.58,3872.52,335,0.67,5,1,4,0,82,86,312
2023-04-23 00:00:00,P0149,Books,3181.92,2836.52,401,0.802,6,1,4,0,89,87,365
2023-04-23 01:00:00,P0073,Electronics,1795.01,2073.22,225,0.45,6,1,4,0,96,101,393
2023-04-23 02:00:00,P0156,Electronics,430.21,455.58,265,0.53,6,1,4,0,139,148,562
2023-04-23 03:00:00,P0190,Electronics,3777.64,3868.87,332,0.664,6,1,4,0,78,84,329
2023-04-23 04:00:00,P0115,Groceries,3646.3,3656.0,223,0.446,6,1,4,0,87,86,370
2023-04-23 05:00:00,P0007,Furniture,4567.38,4841.63,59,0.118,6,1,4,0,86,73,329
2023-04-23 06:00:00,P0080,Groceries,3666.13,4039.89,263,0.526,6,1,4,0,94,101,350
2023-04-23 07:00:00,P0144,Clothing,4152.04,4242.36,454,0.908,6,1,4,1,76,85,286
2023-04-23 08:00:00,P0097,Books,3742.48,4398.59,47,0.094,6,1,4,0,109,114,417
2023-04-23 09:00:00,P0004,Groceries,3171.9,3776.89,80,0.16,6,1,4,0,101,102,440
2023-04-23 10:00:00,P0004,Groceries,2163.48,2592.15,296,0.592,6,1,4,0,120,122,445
2023-04-23 11:00:00,P0103,Books,4515.48,4821.43,474,0.948,6,1,4,0,67,70,288
2023-04-23 12:00:00,P0040,Electronics,3272.29,3838.55,378,0.756,6,1,4,0,94,108,354
2023-04-23 13:00:00,P0017,Books,2021.86,1944.61,7,0.014,6,1,4,0,107,93,415
2023-04-23 14:00:00,P0101,Furniture,463.17,529.79,348,0.696,6,1,4,0,116,99,429
2023-04-23 15:00:00,P0103,Books,1488.99,1732.69,248,0.496,6,1,4,0,97,111,357
2023-04-23 16:00:00,P0124,Electronics,2741.45,3184.62,243,0.486,6,1,4,0,113,111,415
2023-04-23 17:00:00,P0052,Books,1414.4,1601.58,164,0.328,6,1,4,0,132,136,511
2023-04-23 18:00:00,P0052,Groceries,1145.11,1102.33,346,0.692,6,1,4,1,124,133,498
2023-04-23 19:00:00,P0164,Clothing,2660.6,2297.6,420,0.84,6,1,4,0,102,109,384
2023-04-23 20:00:00,P0124,Groceries,890.61,831.46,319,0.638,6,1,4,0,146,152,635
2023-04-23 21:00:00,P0166,Clothing,4012.03,4440.98,186,0.372,6,1,4,0,90,89,366
2023-04-23 22:00:00,P0178,Books,2447.62,2186.1,248,0.496,6,1,4,0,119,122,513
2023-04-23 23:00:00,P0063,Furniture,2890.62,2865.5,126,0.252,6,1,4,0,102,109,379
2023-04-24 00:00:00,P0116,Books,779.55,799.94,87,0.174,0,0,4,0,116,128,431
2023-04-24 01:00:00,P0191,Electronics,1656.65,1725.47,44,0.088,0,0,4,0,111,99,475
2023-04-24 02:00:00,P0062,Books,2079.94,2442.45,399,0.798,0,0,4,0,71,66,288
2023-04-24 03:00:00,P0007,Clothing,4050.65,4312.31,281,0.562,0,0,4,0,73,71,318
2023-04-24 04:00:00,P0155,Groceries,3862.29,4304.6,245,0.49,0,0,4,0,74,78,275
2023-04-24 05:00:00,P0092,Furniture,1153.74,1191.53,414,0.828,0,0,4,0,94,91,340
2023-04-24 06:00:00,P0014,Books,3100.09,3513.74,410,0.82,0,0,4,0,72,66,312
2023-04-24 07:00:00,P0199,Books,1255.11,1136.46,217,0.434,0,0,4,0,102,88,424
2023-04-24 08:00:00,P0086,Groceries,4941.82,4368.33,426,0.852,0,0,4,0,64,71,272
2023-04-24 09:00:00,P0133,Furniture,4763.01,5575.24,14,0.028,0,0,4,0,67,65,257
2023-04-24 10:00:00,P0183,Books,2838.16,3057.81,255,0.51,0,0,4,0,85,81,306
2023-04-24 11:00:00,P0130,Books,3509.57,3750.36,313,0.626,0,0,4,0,75,76,299
2023-04-24 12:00:00,P0062,Clothing,4017.08,3964.53,176,0.352,0,0,4,0,86,76,378
2023-04-24 13:00:00,P0149,Clothing,3618.94,3440.45,334,0.668,0,0,4,0,80,78,346
2023-04-24 14:00:00,P0079,Electronics,3514.15,3592.43,214,0.428,0,0,4,0,74,80,271
2023-04-24 15:00:00,P0149,Groceries,4794.84,4067.11,24,0.048,0,0,4,0,81,87,304
2023-04-24 16:00:00,P0138,Furniture,3002.46,2948.07,491,0.982,0,0,4,0,76,82,293
2023-04-24 17:00:00,P0058,Books,3199.7,3142.58,323,0.646,0,0,4,0,80,79,341
2023-04-24 18:00:00,P0120,Books,4253.88,4319.11,291,0.582,0,0,4,1,65,62,277
2023-04-24 19:00:00,P0167,Electronics,3365.96,3547.3,116,0.232,0,0,4,0,86,95,322
2023-04-24 20:00:00,P0133,Books,3678.02,4350.83,79,0.158,0,0,4,0,90,81,362
2023-04-24 21:00:00,P0065,Groceries,1209.13,1282.73,174,0.348,0,0,4,0,100,107,400
2023-04-24 22:00:00,P0013,Electronics,1887.77,2177.52,231,0.462,0,0,4,0,109,122,429
2023-04-24 23:00:00,P0181,Groceries,779.14,796.69,314,0.628,0,0,4,0,110,103,443
2023-04-25 00:00:00,P0082,Electronics,2553.54,2683.19,468,0.936,1,0,4,0,74,67,284
2023-04-25 01:00:00,P0173,Books,2305.85,1909.09,435,0.87,1,0,4,0,86,86,346
2023-04-25 02:00:00,P0160,Electronics,4985.96,4254.55,39,0.078,1,0,4,0,61,56,253
2023-04-25 03:00:00,P0164,Clothing,3075.48,3173.49,170,0.34,1,0,4,0,77,86,281
2023-04-25 04:00:00,P0188,Furniture,3942.9,3778.42,116,0.232,1,0,4,0,65,60,284
2023-04-25 05:00:00,P0139,Books,1703.37,1906.96,183,0.366,1,0,4,0,82,77,306
2023-04-25 06:00:00,P0191,Furniture,4166.15,4238.1,80,0.16,1,0,4,0,76,85,296
2023-04-25 07:00:00,P0149,Books,3094.67,3567.9,386,0.772,1,0,4,0,77,70,306
2023-04-25 08:00:00,P0052,Furniture,3500.11,4161.4,70,0.14,1,0,4,0,86,96,312
2023-04-25 09:00:00,P0183,Clothing,1507.43,1294.96,139,0.278,1,0,4,0,92,84,372
2023-04-25 10:00:00,P0117,Furniture,2765.76,2649.41,192,0.384,1,0,4,0,95,107,408
2023-04-25 11:00:00,P0026,Electronics,3188.48,3398.9,170,0.34,1,0,4,0,83,78,359
2023-04-25 12:00:00,P0196,Furniture,2966.02,2735.25,100,0.2,1,0,4,0,91,84,351
2023-04-25 13:00:00,P0034,Books,4580.21,4153.39,69,0.138,1,0,4,0,50,50,202
2023-04-25 14:00:00,P0052,Groceries,4496.45,5060.73,173,0.346,1,0,4,0,72,69,304
2023-04-25 15:00:00,P0112,Furniture,4856.37,5789.53,443,0.886,1,0,4,0,67,61,255
2023-04-25 16:00:00,P0082,Furniture,3353.77,3721.08,188,0.376,1,0,4,0,64,61,257
2023-04-25 17:00:00,P0180,Furniture,4860.97,4907.01,432,0.864,1,0,4,0,63,67,245
2023-04-25 18:00:00,P0157,Books,4170.77,4074.86,214,0.428,1,0,4,0,68,75,265
2023-04-25 19:00:00,P0166,Furniture,1390.62,1412.67,24,0.048,1,0,4,0,122,134,448
2023-04-25 20:00:00,P0042,Books,2165.81,2133.62,88,0.176,1,0,4,0,84,90,330
2023-04-25 21:00:00,P0021,Books,1230.04,1231.46,130,0.26,1,0,4,0,126,107,470
2023-04-25 22:00:00,P0042,Groceries,70.78,62.38,195,0.39,1,0,4,0,126,123,484
2023-04-25 23:00:00,P0141,Electronics,980.84,1139.24,318,0.636,1,0,4,0,100,90,386
2023-04-26 00:00:00,P0113,Books,70.1,77.24,285,0.57,2,0,4,0,92,80,363
2023-04-26 01:00:00,P0105,Clothing,3613.2,3874.76,224,0.448,2,0,4,0,75,80,325
2023-04-26 02:00:00,P0192,Furniture,2156.39,2544.48,348,0.696,2,0,4,0,94,102,386
2023-04-26 03:00:00,P0017,Clothing,1597.24,1459.49,387,0.774,2,0,4,0,92,101,403
2023-04-26 04:00:00,P0120,Furniture,3820.52,3180.44,333,0.666,2,0,4,0,66,74,269
2023-04-26 05:00:00,P0137,Groceries,4170.81,4714.91,340,0.68,2,0,4,0,79,81,335
2023-04-26 06:00:00,P0169,Books,4877.73,5850.19,326,0.652,2,0,4,0,65,75,277
2023-04-26 07:00:00,P0129,Electronics,3227.97,3329.24,148,0.296,2,0,4,0,87,87,365
2023-04-26 08:00:00,P0130,Books,2334.57,1922.57,70,0.14,2,0,4,0,105,117,434
2023-04-26 09:00:00,P0060,Furniture,1561.06,1736.19,128,0.256,2,0,4,0,109,96,429
2023-04-26 10:00:00,P0048,Electronics,1150.48,954.32,443,0.886,2,0,4,0,103,92,418
2023-04-26 11:00:00,P0029,Books,1103.98,1121.65,289,0.578,2,0,4,0,106,109,398
2023-04-26 12:00:00,P0097,Electronics,2075.49,1890.8,86,0.172,2,0,4,0,91,81,373
2023-04-26 13:00:00,P0010,Furniture,4959.34,5782.64,386,0.772,2,0,4,0,63,55,253
2023-04-26 14:00:00,P0058,Groceries,54.23,53.17,17,0.034,2,0,4,0,135,123,573
2023-04-26 15:00:00,P0188,Groceries,1026.17,1189.73,42,0.084,2,0,4,0,94,102,406
2023-04-26 16:00:00,P0021,Books,982.55,903.58,75,0.15,2,0,4,1,96,108,356
2023-04-26 17:00:00,P0028,Clothing,3599.74,3437.55,333,0.666,2,0,4,0,80,76,332
2023-04-26 18:00:00,P0034,Furniture,1794.8,2115.8,40,0.08,2,0,4,0,100,114,436
2023-04-26 19:00:00,P0008,Books,2313.44,2037.04,475,0.95,2,0,4,0,69,75,299
2023-04-26 20:00:00,P0187,Books,785.69,810.36,361,0.722,2,0,4,0,106,97,452
2023-04-26 21:00:00,P0200,Groceries,2054.74,1963.11,364,0.728,2,0,4,0,92,94,335
2023-04-26 22:00:00,P0177,Electronics,560.84,622.35,279,0.558,2,0,4,0,131,150,498
2023-04-26 23:00:00,P0079,Furniture,2688.56,2289.9,279,0.558,2,0,4,0,87,96,324
2023-04-27 00:00:00,P0145,Electronics,534.79,521.36,258,0.516,3,0,4,0,127,122,551
2023-04-27 01:00:00,P0188,Furniture,3963.02,4278.37,442,0.884,3,0,4,0,77,73,323
2023-04-27 02:00:00,P0087,Clothing,2854.68,2748.5,441,0.882,3,0,4,0,64,70,258
2023-04-27 03:00:00,P0088,Groceries,3633.64,2991.99,328,0.656,3,0,4,0,76,77,333
2023-04-27 04:00:00,P0173,Clothing,2121.66,2295.73,23,0.046,3,0,4,0,98,88,368
2023-04-27 05:00:00,P0069,Books,1938.38,1940.86,449,0.898,3,0,4,0,85,81,350
2023-04-27 06:00:00,P0160,Groceries,536.13,431.33,374,0.748,3,0,4,0,92,96,376
2023-04-27 07:00:00,P0172,Books,2643.09,2762.19,295,0.59,3,0,4,0,92,82,356
2023-04-27 08:00:00,P0193,Clothing,2596.79,3032.93,475,0.95,3,0,4,0,77,82,307
2023-04-27 09:00:00,P0087,Furniture,2367.11,1998.81,326,0.652,3,0,4,0,97,103,367
2023-04-27 10:00:00,P0101,Books,3715.57,3850.33,392,0.784,3,0,4,0,81,75,335
2023-04-27 11:00:00,P0008,Electronics,4170.9,4552.4,108,0.216,3,0,4,0,75,73,295
2023-04-27 12:00:00,P0077,Furniture,3766.41,3119.75,358,0.716,3,0,4,0,69,78,250
2023-04-27 13:00:00,P0200,Furniture,762.14,616.61,443,0.886,3,0,4,0,91,98,397
2023-04-27 14:00:00,P0087,Clothing,3129.19,3084.37,422,0.844,3,0,4,0,78,85,312
2023-04-27 15:00:00,P0043,Clothing,447.6,499.73,288,0.576,3,0,4,0,108,109,450
2023-04-27 16:00:00,P0129,Groceries,3488.38,3014.96,417,0.834,3,0,4,0,71,65,267
2023-04-27 17:00:00,P0109,Groceries,1940.1,2201.34,317,0.634,3,0,4,0,87,89,322
2023-04-27 18:00:00,P0179,Electronics,705.87,750.08,340,0.68,3,0,4,0,103,111,445
2023-04-27 19:00:00,P0152,Furniture,4317.15,4027.34,316,0.632,3,0,4,0,78,66,318
2023-04-27 20:00:00,P0152,Electronics,3089.34,3108.9,348,0.696,3,0,4,0,82,72,328
2023-04-27 21:00:00,P0017,Electronics,1805.89,2142.2,26,0.052,3,0,4,0,101,100,406
2023-04-27 22:00:00,P0133,Clothing,202.1,179.18,125,0.25,3,0,4,0,116,114,440
2023-04-27 23:00:00,P0148,Electronics,2709.69,2709.19,400,0.8,3,0,4,0,67,77,290
2023-04-28 00:00:00,P0021,Electronics,4619.97,4850.02,315,0.63,4,0,4,0,66,58,249
2023-04-28 01:00:00,P0058,Books,3002.08,2567.4,169,0.338,4,0,4,1,75,71,279
2023-04-28 02:00:00,P0159,Groceries,4859.67,3972.34,46,0.092,4,0,4,0,68,74,295
2023-04-28 03:00:00,P0110,Groceries,725.43,584.25,367,0.734,4,0,4,0,90,93,343
2023-04-28 04:00:00,P0139,Furniture,2863.11,2662.34,342,0.684,4,0,4,0,74,75,317
2023-04-28 05:00:00,P0180,Groceries,4000.72,3318.91,180,0.36,4,0,4,0,69,74,291
2023-04-28 06:00:00,P0143,Furniture,2651.43,2973.6,364,0.728,4,0,4,0,102,88,398
2023-04-28 07:00:00,P0135,Books,500.78,600.4,404,0.808,4,0,4,0,99,112,377
2023-04-28 08:00:00,P0028,Groceries,2935.29,2420.21,391,0.782,4,0,4,0,89,81,374
2023-04-28 09:00:00,P0051,Books,3078.1,2995.27,72,0.144,4,0,4,0,95,83,387
2023-04-28 10:00:00,P0186,Groceries,3657.11,2963.33,121,0.242,4,0,4,0,87,83,331
2023-04-28 11:00:00,P0005,Groceries,3818.0,3259.03,352,0.704,4,0,4,0,78,83,336
2023-04-28 12:00:00,P0005,Books,3865.32,3591.54,185,0.37,4,0,4,0,94,86,393
2023-04-28 13:00:00,P0094,Electronics,3334.05,3192.28,323,0.646,4,0,4,0,82,71,355
2023-04-28 14:00:00,P0096,Electronics,1118.27,1314.99,318,0.636,4,0,4,0,80,69,316
2023-04-28 15:00:00,P0008,Electronics,2050.97,1965.52,442,0.884,4,0,4,0,84,78,311
2023-04-28 16:00:00,P0064,Electronics,3891.84,3886.05,81,0.162,4,0,4,0,72,64,312
2023-04-28 17:00:00,P0138,Groceries,4769.46,4284.09,479,0.958,4,0,4,0,54,52,220
2023-04-28 18:00:00,P0038,Clothing,440.79,352.65,29,0.058,4,0,4,0,120,108,490
2023-04-28 19:00:00,P0111,Books,2700.91,3132.34,280,0.56,4,0,4,0,68,65,277
2023-04-28 20:00:00,P0112,Clothing,1596.99,1329.79,120,0.24,4,0,4,0,102,100,406
2023-04-28 21:00:00,P0081,Clothing,1165.7,1382.17,352,0.704,4,0,4,0,80,86,304
2023-04-28 22:00:00,P0136,Furniture,2553.76,2176.67,354,0.708,4,0,4,1,83,76,340
2023-04-28 23:00:00,P0104,Electronics,3050.14,3178.1,105,0.21,4,0,4,0,94,93,392
2023-04-29 00:00:00,P0153,Groceries,98.37,118.02,311,0.622,5,1,4,0,115,126,498
2023-04-29 01:00:00,P0073,Electronics,3912.02,3346.29,417,0.834,5,1,4,0,72,83,263
2023-04-29 02:00:00,P0194,Electronics,4108.42,3983.43,433,0.866,5,1,4,0,77,78,293
2023-04-29 03:00:00,P0178,Clothing,4829.28,5370.98,129,0.258,5,1,4,0,86,84,363
2023-04-29 04:00:00,P0195,Furniture,944.19,767.51,204,0.408,5,1,4,0,123,128,519
2023-04-29 05:00:00,P0049,Electronics,2993.04,3220.25,52,0.104,5,1,4,0,102,102,385
2023-04-29 06:00:00,P0036,Books,2161.8,1798.94,381,0.762,5,1,4,0,91,82,341
2023-04-29 07:00:00,P0126,Books,1707.4,1527.45,296,0.592,5,1,4,0,103,102,401
2023-04-29 08:00:00,P0068,Electronics,2849.89,2462.39,278,0.556,5,1,4,0,103,118,376
2023-04-29 09:00:00,P0078,Clothing,3922.8,4561.96,188,0.376,5,1,4,0,88,92,368
2023-04-29 10:00:00,P0105,Clothing,164.11,143.13,214,0.428,5,1,4,0,130,122,538
2023-04-29 11:00:00,P0169,Groceries,4848.53,3957.24,30,0.06,5,1,4,1,81,92,347
2023-04-29 12:00:00,P0122,Furniture,4058.91,4201.18,449,0.898,5,1,4,0,70,68,276
2023-04-29 13:00:00,P0119,Clothing,3768.21,3536.36,257,0.514,5,1,4,0,106,103,436
2023-04-29 14:00:00,P0190,Groceries,3813.92,3670.07,452,0.904,5,1,4,0,88,91,384
2023-04-29 15:00:00,P0114,Books,1975.85,1674.78,59,0.118,5,1,4,0,117,119,511
2023-04-29 16:00:00,P0010,Books,3770.52,4144.91,77,0.154,5,1,4,0,92,86,336
2023-04-29 17:00:00,P0149,Books,1964.51,2044.31,22,0.044,5,1,4,0,132,131,475
2023-04-29 18:00:00,P0164,Electronics,4498.6,4254.27,184,0.368,5,1,4,0,76,72,332
2023-04-29 19:00:00,P0140,Furniture,927.25,805.44,34,0.068,5,1,4,0,135,145,544
2023-04-29 20:00:00,P0091,Groceries,1497.12,1553.08,493,0.986,5,1,4,0,102,90,424
2023-04-29 21:00:00,P0002,Furniture,2779.12,3088.82,0,0.0,5,1,4,0,105,113,455
2023-04-29 22:00:00,P0118,Electronics,1630.09,1507.77,104,0.208,5,1,4,0,113,102,446
2023-04-29 23:00:00,P0013,Groceries,2149.97,1742.22,175,0.35,5,1,4,0,122,115,482
2023-04-30 00:00:00,P0181,Groceries,2487.49,2203.26,48,0.096,6,1,4,0,88,84,329
2023-04-30 01:00:00,P0160,Clothing,4288.95,4601.87,167,0.334,6,1,4,0,100,115,432
2023-04-30 02:00:00,P0095,Furniture,2639.8,3156.25,317,0.634,6,1,4,0,107,110,441
2023-04-30 03:00:00,P0144,Furniture,1844.18,1485.21,270,0.54,6,1,4,0,107,116,401
2023-04-30 04:00:00,P0032,Clothing,1276.29,1177.33,157,0.314,6,1,4,0,115,117,466
2023-04-30 05:00:00,P0032,Books,2072.95,1709.79,20,0.04,6,1,4,0,114,131,440
2023-04-30 06:00:00,P0124,Electronics,2602.89,2411.68,391,0.782,6,1,4,0,100,90,372
2023-04-30 07:00:00,P0011,Furniture,3743.27,3602.39,390,0.78,6,1,4,0,94,97,352
2023-04-30 08:00:00,P0010,Clothing,649.19,758.48,104,0.208,6,1,4,0,132,144,534
2023-04-30 09:00:00,P0015,Groceries,1146.97,954.54,289,0.578,6,1,4,0,116,120,470
2023-04-30 10:00:00,P0017,Clothing,1929.29,2143.16,120,0.24,6,1,4,0,112,125,474
2023-04-30 11:00:00,P0168,Books,1833.97,1757.34,191,0.382,6,1,4,0,90,93,342
2023-04-30 12:00:00,P0146,Electronics,1989.15,2236.81,425,0.85,6,1,4,0,83,91,360
2023-04-30 13:00:00,P0183,Books,3977.93,3999.26,228,0.456,6,1,4,0,96,87,385
2023-04-30 14:00:00,P0153,Groceries,1654.56,1349.65,495,0.99,6,1,4,0,105,98,395
2023-04-30 15:00:00,P0059,Groceries,2534.4,2986.75,180,0.36,6,1,4,0,112,110,440
2023-04-30 16:00:00,P0078,Groceries,3138.34,2614.53,351,0.702,6,1,4,0,99,109,430
2023-04-30 17:00:00,P0124,Groceries,1199.28,1246.14,224,0.448,6,1,4,0,123,120,490
2023-04-30 18:00:00,P0114,Clothing,3607.54,4152.52,453,0.906,6,1,4,1,91,94,391
2023-04-30 19:00:00,P0022,Groceries,2758.2,2294.57,233,0.466,6,1,4,0,91,88,339
2023-04-30 20:00:00,P0158,Groceries,2261.57,2310.32,265,0.53,6,1,4,0,109,119,472
2023-04-30 21:00:00,P0172,Clothing,4058.43,4584.87,345,0.69,6,1,4,0,86,78,339
2023-04-30 22:00:00,P0032,Groceries,1255.3,1499.49,313,0.626,6,1,4,0,126,130,548
2023-04-30 23:00:00,P0179,Books,4421.72,4818.49,498,0.996,6,1,4,0,47,48,202
2023-05-01 00:00:00,P0174,Books,2827.19,2576.51,364,0.728,0,0,5,0,101,98,417
2023-05-01 01:00:00,P0113,Furniture,3065.42,3310.13,217,0.434,0,0,5,0,91,97,377
2023-05-01 02:00:00,P0120,Books,4381.54,4742.17,210,0.42,0,0,5,0,74,64,279
2023-05-01 03:00:00,P0149,Electronics,4097.03,4424.74,98,0.196,0,0,5,0,71,78,290
2023-05-01 04:00:00,P0122,Electronics,3027.73,3456.77,108,0.216,0,0,5,0,85,81,343
2023-05-01 05:00:00,P0032,Electronics,3778.28,3154.68,387,0.774,0,0,5,0,75,82,290
2023-05-01 06:00:00,P0119,Clothing,2194.93,1851.13,344,0.688,0,0,5,0,102,96,408
2023-05-01 07:00:00,P0039,Books,2759.52,2914.73,252,0.504,0,0,5,0,99,90,430
2023-05-01 08:00:00,P0012,Electronics,357.25,422.11,391,0.782,0,0,5,0,108,104,389
2023-05-01 09:00:00,P0175,Furniture,494.8,488.04,11,0.022,0,0,5,0,123,134,484
2023-05-01 10:00:00,P0018,Clothing,4155.66,4921.24,117,0.234,0,0,5,0,79,84,305
2023-05-01 11:00:00,P0149,Furniture,345.37,405.89,87,0.174,0,0,5,0,102,99,446
2023-05-01 12:00:00,P0141,Books,888.53,1031.73,343,0.686,0,0,5,0,91,103,398
2023-05-01 13:00:00,P0149,Groceries,3989.37,4643.39,208,0.416,0,0,5,0,83,81,338
2023-05-01 14:00:00,P0126,Furniture,55.67,64.54,408,0.816,0,0,5,0,111,106,448
2023-05-01 15:00:00,P0136,Groceries,1447.9,1633.17,480,0.96,0,0,5,0,84,75,363
2023-05-01 16:00:00,P0046,Clothing,2940.99,3170.36,410,0.82,0,0,5,1,73,64,263
2023-05-01 17:00:00,P0104,Furniture,2997.48,2427.25,129,0.258,0,0,5,0,93,89,377
2023-05-01 18:00:00,P0135,Furniture,3896.91,3323.68,328,0.656,0,0,5,0,71,62,257
2023-05-01 19:00:00,P0151,Clothing,2554.33,2180.61,182,0.364,0,0,5,0,83,82,363
2023-05-01 20:00:00,P0086,Clothing,2571.54,2081.45,441,0.882,0,0,5,0,84,93,324
2023-05-01 21:00:00,P0150,Electronics,3640.29,3082.16,416,0.832,0,0,5,0,78,77,313
2023-05-01 22:00:00,P0089,Books,2518.19,2940.99,82,0.164,0,0,5,0,83,83,327
2023-05-01 23:00:00,P0022,Furniture,3062.03,3262.66,253,0.506,0,0,5,0,80,74,345
2023-05-02 00:00:00,P0092,Furniture,4493.98,4156.16,432,0.864,1,0,5,0,71,64,312
2023-05-02 01:00:00,P0029,Clothing,2037.18,2276.23,4,0.008,1,0,5,0,116,106,424
2023-05-02 02:00:00,P0013,Clothing,1956.37,1947.27,302,0.604,1,0,5,0,94,96,393
2023-05-02 03:00:00,P0002,Books,67.57,57.9,467,0.934,1,0,5,0,96,99,374
2023-05-02 04:00:00,P0029,Clothing,3086.46,3561.16,23,0.046,1,0,5,0,82,75,304
2023-05-02 05:00:00,P0180,Groceries,197.37,184.63,120,0.24,1,0,5,0,113,110,443
2023-05-02 06:00:00,P0027,Groceries,2545.54,2748.02,94,0.188,1,0,5,1,92,94,405
2023-05-02 07:00:00,P0050,Groceries,4030.96,3693.32,427,0.854,1,0,5,0,55,59,214
2023-05-02 08:00:00,P0095,Groceries,2772.11,2772.19,451,0.902,1,0,5,0,66,62,252
2023-05-02 09:00:00,P0151,Books,1384.7,1559.87,223,0.446,1,0,5,0,76,71,325
2023-05-02 10:00:00,P0088,Furniture,3941.53,3400.4,238,0.476,1,0,5,0,76,81,326
2023-05-02 11:00:00,P0044,Groceries,1385.1,1649.52,226,0.452,1,0,5,0,109,109,422
2023-05-02 12:00:00,P0022,Clothing,3678.51,3046.12,141,0.282,1,0,5,0,88,97,338
2023-05-02 13:00:00,P0171,Groceries,3070.78,3112.55,419,0.838,1,0,5,0,68,62,280
2023-05-02 14:00:00,P0165,Books,891.48,1039.83,50,0.1,1,0,5,1,100,108,376
2023-05-02 15:00:00,P0189,Clothing,4530.41,5338.08,389,0.778,1,0,5,0,58,52,231
2023-05-02 16:00:00,P0097,Groceries,1043.19,931.41,144,0.288,1,0,5,0,106,109,394
2023-05-02 17:00:00,P0184,Furniture,4948.46,4243.77,337,0.674,1,0,5,0,70,65,269
2023-05-02 18:00:00,P0003,Clothing,86.19,93.93,327,0.654,1,0,5,0,118,104,453
2023-05-02 19:00:00,P0191,Clothing,1354.24,1106.13,306,0.612,1,0,5,1,90,93,374
2023-05-02 20:00:00,P0118,Furniture,1039.31,1033.17,51,0.102,1,0,5,0,109,109,417
2023-05-02 21:00:00,P0019,Clothing,119.27,133.41,11,0.022,1,0,5,0,110,110,475
2023-05-02 22:00:00,P0023,Groceries,3675.22,3763.8,336,0.672,1,0,5,0,75,77,329
2023-05-02 23:00:00,P0157,Clothing,3482.46,3047.87,94,0.188,1,0,5,0,79,76,290
2023-05-03 00:00:00,P0030,Groceries,3972.14,3951.56,370,0.74,2,0,5,0,68,71,266
2023-05-03 01:00:00,P0039,Furniture,1320.66,1543.2,128,0.256,2,0,5,0,89,79,342
2023-05-03 02:00:00,P0108,Electronics,2249.46,2354.93,10,0.02,2,0,5,0,69,73,268
2023-05-03 03:00:00,P0111,Furniture,3312.61,3606.09,489,0.978,2,0,5,0,71,73,271
2023-05-03 04:00:00,P0025,Groceries,2226.85,2081.0,271,0.542,2,0,5,0,93,93,363
2023-05-03 05:00:00,P0128,Books,3501.76,3065.42,356,0.712,2,0,5,0,78,69,290
2023-05-03 06:00:00,P0111,Furniture,3188.17,2876.55,368,0.736,2,0,5,0,67,63,256
2023-05-03 07:00:00,P0136,Books,617.51,625.7,91,0.182,2,0,5,0,86,81,361
2023-05-03 08:00:00,P0106,Books,3916.16,3571.88,8,0.016,2,0,5,0,82,75,318
2023-05-03 09:00:00,P0186,Groceries,3617.35,3678.07,374,0.748,2,0,5,0,66,75,249
2023-05-03 10:00:00,P0144,Groceries,3296.38,3570.36,122,0.244,2,0,5,0,81,91,299
2023-05-03 11:00:00,P0072,Electronics,817.71,894.38,263,0.526,2,0,5,1,90,91,349
2023-05-03 12:00:00,P0129,Clothing,1376.58,1191.94,280,0.56,2,0,5,0,82,75,337
2023-05-03 13:00:00,P0108,Furniture,1996.23,2196.2,457,0.914,2,0,5,0,95,107,361
2023-05-03 14:00:00,P0005,Groceries,1435.65,1534.82,423,0.846,2,0,5,0,95,102,374
2023-05-03 15:00:00,P0003,Furniture,1177.66,947.78,450,0.9,2,0,5,0,92,79,401
2023-05-03 16:00:00,P0193,Books,4036.52,3324.27,118,0.236,2,0,5,0,85,85,344
2023-05-03 17:00:00,P0132,Clothing,3209.25,3396.99,406,0.812,2,0,5,0,77,79,310
2023-05-03 18:00:00,P0104,Electronics,2849.09,2716.55,189,0.378,2,0,5,0,84,73,330
2023-05-03 19:00:00,P0064,Furniture,1168.47,1003.06,278,0.556,2,0,5,1,115,99,465
2023-05-03 20:00:00,P0106,Clothing,4594.48,3757.18,299,0.598,2,0,5,0,80,79,351
2023-05-03 21:00:00,P0098,Electronics,996.36,860.62,55,0.11,2,0,5,0,97,83,369
2023-05-03 22:00:00,P0010,Furniture,3985.01,4714.29,195,0.39,2,0,5,0,79,68,344
2023-05-03 23:00:00,P0149,Clothing,4835.03,5275.14,378,0.756,2,0,5,0,65,58,242
2023-05-04 00:00:00,P0128,Groceries,3649.11,3689.55,497,0.994,3,0,5,0,77,86,284
2023-05-04 01:00:00,P0046,Furniture,4964.65,5841.49,22,0.044,3,0,5,1,64,69,264
2023-05-04 02:00:00,P0155,Clothing,3272.7,3428.63,264,0.528,3,0,5,0,91,90,346
2023-05-04 03:00:00,P0066,Electronics,1126.43,1228.1,244,0.488,3,0,5,0,91,90,360
2023-05-04 04:00:00,P0169,Clothing,1058.91,966.85,259,0.518,3,0,5,0,99,105,414
2023-05-04 05:00:00,P0112,Groceries,1656.59,1715.55,417,0.834,3,0,5,0,79,78,318
2023-05-04 06:00:00,P0013,Furniture,85.29,73.13,230,0.46,3,0,5,0,104,90,376
2023-05-04 07:00:00,P0137,Furniture,3424.41,3293.57,209,0.418,3,0,5,0,73,78,281
2023-05-04 08:00:00,P0164,Furniture,1379.91,1122.28,161,0.322,3,0,5,0,91,79,332
2023-05-04 09:00:00,P0086,Groceries,4085.16,3622.11,376,0.752,3,0,5,0,76,76,330
2023-05-04 10:00:00,P0090,Electronics,1827.9,1517.06,353,0.706,3,0,5,0,90,100,381
2023-05-04 11:00:00,P0058,Furniture,2425.78,2316.89,169,0.338,3,0,5,0,109,96,478
2023-05-04 12:00:00,P0054,Electronics,4830.16,5492.93,386,0.772,3,0,5,0,63,67,271
2023-05-04 13:00:00,P0012,Clothing,1248.75,1187.78,338,0.676,3,0,5,0,88,76,350
2023-05-04 14:00:00,P0014,Electronics,3620.21,4100.45,289,0.578,3,0,5,0,73,84,314
2023-05-04 15:00:00,P0121,Electronics,3787.83,4024.95,473,0.946,3,0,5,0,69,73,286
2023-05-04 16:00:00,P0162,Furniture,1143.94,1148.3,226,0.452,3,0,5,0,104,119,418
2023-05-04 17:00:00,P0181,Books,2529.93,2263.67,360,0.72,3,0,5,1,81,85,316
2023-05-04 18:00:00,P0121,Books,1783.5,2084.67,362,0.724,3,0,5,0,79,73,327
2023-05-04 19:00:00,P0020,Groceries,3870.94,3180.68,478,0.956,3,0,5,0,76,86,309
2023-05-04 20:00:00,P0075,Groceries,3131.29,3367.91,42,0.084,3,0,5,0,99,103,405
2023-05-04 21:00:00,P0144,Books,2406.12,2522.81,474,0.948,3,0,5,0,78,80,306
2023-05-04 22:00:00,P0070,Clothing,3907.85,3815.69,194,0.388,3,0,5,0,89,87,373
2023-05-04 23:00:00,P0056,Furniture,1214.02,1087.92,420,0.84,3,0,5,0,88,82,323
2023-05-05 00:00:00,P0101,Furniture,3780.43,3675.63,11,0.022,4,0,5,0,92,93,385
2023-05-05 01:00:00,P0186,Clothing,4333.6,4979.78,494,0.988,4,0,5,0,59,57,247
2023-05-05 02:00:00,P0132,Clothing,4399.18,4991.78,470,0.94,4,0,5,0,81,90,325
2023-05-05 03:00:00,P0111,Books,3929.18,4622.89,464,0.928,4,0,5,0,57,49,217
2023-05-05 04:00:00,P0125,Groceries,2069.67,1910.55,271,0.542,4,0,5,0,81,82,325
2023-05-05 05:00:00,P0132,Clothing,4909.95,4688.22,61,0.122,4,0,5,1,87,96,322
2023-05-05 06:00:00,P0020,Groceries,1928.99,1557.64,16,0.032,4,0,5,1,84,72,322
2023-05-05 07:00:00,P0138,Electronics,3211.2,3780.16,270,0.54,4,0,5,1,79,74,311
2023-05-05 08:00:00,P0024,Furniture,847.32,789.5,25,0.05,4,0,5,0,105,91,435
2023-05-05 09:00:00,P0154,Books,4903.22,4715.26,44,0.088,4,0,5,0,72,74,270
2023-05-05 10:00:00,P0037,Furniture,3534.73,4111.32,385,0.77,4,0,5,0,77,73,287
2023-05-05 11:00:00,P0054,Books,3779.22,3819.43,144,0.288,4,0,5,0,78,89,319
2023-05-05 12:00:00,P0103,Electronics,375.59,385.53,64,0.128,4,0,5,0,122,126,506
2023-05-05 13:00:00,P0149,Furniture,3828.92,3333.05,349,0.698,4,0,5,0,84,86,308
2023-05-05 14:00:00,P0038,Electronics,3884.88,3882.8,479,0.958,4,0,5,0,65,73,236
2023-05-05 15:00:00,P0174,Books,3375.27,3939.9,285,0.57,4,0,5,0,65,60,242
2023-05-05 16:00:00,P0004,Clothing,1494.95,1530.06,489,0.978,4,0,5,0,82,84,354
2023-05-05 17:00:00,P0188,Furniture,2473.97,2231.64,67,0.134,4,0,5,1,97,98,401
2023-05-05 18:00:00,P0057,Electronics,596.65,484.76,361,0.722,4,0,5,0,102,89,442
2023-05-05 19:00:00,P0173,Furniture,2384.36,2228.23,299,0.598,4,0,5,0,95,107,393
2023-05-05 20:00:00,P0020,Furniture,1256.93,1293.43,95,0.19,4,0,5,0,124,131,542
2023-05-05 21:00:00,P0017,Furniture,1778.03,1452.73,59,0.118,4,0,5,0,103,115,407
2023-05-05 22:00:00,P0119,Groceries,854.87,892.41,482,0.964,4,0,5,1,90,103,367
2023-05-05 23:00:00,P0071,Electronics,1188.77,1199.9,256,0.512,4,0,5,0,92,91,375
2023-05-06 00:00:00,P0004,Electronics,429.01,477.65,18,0.036,5,1,5,0,130,142,468
2023-05-06 01:00:00,P0014,Furniture,4603.51,3736.0,32,0.064,5,1,5,0,94,96,340
2023-05-06 02:00:00,P0003,Clothing,2675.53,2976.1,466,0.932,5,1,5,0,86,98,320
2023-05-06 03:00:00,P0080,Furniture,2013.87,2030.69,419,0.838,5,1,5,0,106,98,425
2023-05-06 04:00:00,P0186,Groceries,2698.39,2558.65,90,0.18,5,1,5,1,94,80,371
2023-05-06 05:00:00,P0055,Books,3160.05,3748.3,460,0.92,5,1,5,0,87,79,351
2023-05-06 06:00:00,P0132,Groceries,4613.3,3986.11,474,0.948,5,1,5,0,62,55,263
2023-05-06 07:00:00,P0120,Clothing,934.53,949.98,237,0.474,5,1,5,0,111,109,473
2023-05-06 08:00:00,P0024,Furniture,1512.98,1404.64,461,0.922,5,1,5,0,118,103,517
2023-05-06 09:00:00,P0162,Electronics,4880.16,4933.82,23,0.046,5,1,5,0,86,79,348
2023-05-06 10:00:00,P0158,Furniture,1887.41,1926.88,226,0.452,5,1,5,0,107,94,415
2023-05-06 11:00:00,P0082,Clothing,161.68,135.13,338,0.676,5,1,5,0,124,124,477
2023-05-06 12:00:00,P0147,Electronics,780.84,831.17,380,0.76,5,1,5,0,119,111,461
2023-05-06 13:00:00,P0159,Groceries,180.38,190.08,408,0.816,5,1,5,0,121,120,467
2023-05-06 14:00:00,P0188,Books,4950.12,5483.68,394,0.788,5,1,5,0,74,65,290
2023-05-06 15:00:00,P0060,Books,1430.41,1196.2,264,0.528,5,1,5,0,100,101,366
2023-05-06 16:00:00,P0147,Furniture,4621.54,4246.75,5,0.01,5,1,5,0,74,66,304
2023-05-06 17:00:00,P0049,Groceries,4979.64,5278.64,57,0.114,5,1,5,0,87,77,353
2023-05-06 18:00:00,P0063,Clothing,3019.21,2580.5,99,0.198,5,1,5,1,88,83,349
2023-05-06 19:00:00,P0110,Books,214.32,229.55,121,0.242,5,1,5,0,135,150,495
2023-05-06 20:00:00,P0150,Groceries,453.88,373.82,356,0.712,5,1,5,0,129,140,474
2023-05-06 21:00:00,P0152,Furniture,2433.87,2273.17,156,0.312,5,1,5,0,94,107,379
2023-05-06 22:00:00,P0109,Electronics,2060.55,2346.32,200,0.4,5,1,5,0,101,100,367
2023-05-06 23:00:00,P0076,Furniture,3050.58,3385.28,224,0.448,5,1,5,1,95,90,397
2023-05-07 00:00:00,P0030,Furniture,2222.3,2350.98,470,0.94,6,1,5,0,87,99,382
2023-05-07 01:00:00,P0058,Groceries,4673.68,5366.24,462,0.924,6,1,5,0,66,64,269
2023-05-07 02:00:00,P0117,Books,2696.96,2922.72,266,0.532,6,1,5,0,93,79,389
2023-05-07 03:00:00,P0159,Groceries,3483.94,3510.94,150,0.3,6,1,5,0,87,95,344
2023-05-07 04:00:00,P0100,Electronics,4487.6,5348.71,409,0.818,6,1,5,0,80,72,331
2023-05-07 05:00:00,P0192,Groceries,777.02,837.58,256,0.512,6,1,5,0,119,127,490
2023-05-07 06:00:00,P0019,Clothing,1187.19,1235.33,477,0.954,6,1,5,0,90,77,383
2023-05-07 07:00:00,P0176,Furniture,581.23,560.04,80,0.16,6,1,5,0,150,132,625
2023-05-07 08:00:00,P0173,Books,741.21,860.52,430,0.86,6,1,5,0,108,107,454
2023-05-07 09:00:00,P0094,Electronics,2587.29,2375.87,365,0.73,6,1,5,0,95,83,384
2023-05-07 10:00:00,P0183,Furniture,1639.84,1317.92,424,0.848,6,1,5,1,98,109,391
2023-05-07 11:00:00,P0113,Groceries,2144.71,1884.55,406,0.812,6,1,5,0,99,106,393
2023-05-07 12:00:00,P0183,Clothing,4913.32,4145.89,99,0.198,6,1,5,1,74,70,290
2023-05-07 13:00:00,P0146,Groceries,825.69,765.91,104,0.208,6,1,5,0,108,111,412
2023-05-07 14:00:00,P0063,Furniture,2727.02,3082.49,251,0.502,6,1,5,0,96,102,348
2023-05-07 15:00:00,P0116,Electronics,539.41,572.1,132,0.264,6,1,5,0,144,155,596
2023-05-07 16:00:00,P0113,Books,1626.56,1411.19,98,0.196,6,1,5,0,123,119,531
2023-05-07 17:00:00,P0047,Furniture,2661.25,2968.7,177,0.354,6,1,5,0,115,129,500
2023-05-07 18:00:00,P0057,Electronics,4735.83,4743.82,264,0.528,6,1,5,0,74,84,301
2023-05-07 19:00:00,P0118,Furniture,1986.58,1996.68,131,0.262,6,1,5,0,102,93,375
2023-05-07 20:00:00,P0045,Clothing,371.29,350.81,198,0.396,6,1,5,1,119,134,512
2023-05-07 21:00:00,P0161,Groceries,1971.4,2258.92,192,0.384,6,1,5,0,114,121,479
2023-05-07 22:00:00,P0145,Books,771.42,715.36,207,0.414,6,1,5,0,133,148,506
2023-05-07 23:00:00,P0198,Electronics,1188.45,995.51,56,0.112,6,1,5,0,119,116,505
2023-05-08 00:00:00,P0004,Books,3109.55,2864.18,379,0.758,0,0,5,1,68,71,270
2023-05-08 01:00:00,P0148,Books,383.75,416.81,408,0.816,0,0,5,1,110,101,474
2023-05-08 02:00:00,P0047,Books,2350.38,2498.53,441,0.882,0,0,5,0,92,99,349
2023-05-08 03:00:00,P0143,Electronics,3066.83,2684.11,261,0.522,0,0,5,0,87,89,369
2023-05-08 04:00:00,P0198,Electronics,2138.2,1806.17,229,0.458,0,0,5,0,105,104,438
2023-05-08 05:00:00,P0047,Books,144.68,153.99,141,0.282,0,0,5,0,91,96,329
2023-05-08 06:00:00,P0078,Groceries,4928.32,5276.02,62,0.124,0,0,5,0,65,66,263
2023-05-08 07:00:00,P0124,Furniture,1867.22,1767.25,117,0.234,0,0,5,0,98,106,409
2023-05-08 08:00:00,P0075,Books,3903.96,4439.27,484,0.968,0,0,5,0,62,69,231
2023-05-08 09:00:00,P0103,Clothing,1661.95,1979.85,458,0.916,0,0,5,0,96,105,386
2023-05-08 10:00:00,P0137,Books,2401.33,2118.59,320,0.64,0,0,5,0,76,72,292
2023-05-08 11:00:00,P0090,Electronics,1972.9,2033.72,307,0.614,0,0,5,0,103,118,428
2023-05-08 12:00:00,P0144,Furniture,1745.57,1400.19,489,0.978,0,0,5,0,79,83,319
2023-05-08 13:00:00,P0069,Clothing,158.16,171.64,320,0.64,0,0,5,0,121,115,496
2023-05-08 14:00:00,P0061,Furniture,1832.1,1769.28,244,0.488,0,0,5,0,86,74,315
2023-05-08 15:00:00,P0138,Furniture,4452.98,3906.63,380,0.76,0,0,5,1,52,60,193
2023-05-08 16:00:00,P0050,Clothing,3467.45,3817.28,355,0.71,0,0,5,0,78,80,315
2023-05-08 17:00:00,P0003,Books,769.84,865.5,135,0.27,0,0,5,0,115,106,431
2023-05-08 18:00:00,P0107,Books,2976.22,2513.32,95,0.19,0,0,5,0,79,79,316
2023-05-08 19:00:00,P0113,Books,4466.54,3646.48,224,0.448,0,0,5,1,83,80,345
2023-05-08 20:00:00,P0094,Groceries,3515.17,3281.87,7,0.014,0,0,5,0,98,111,416
2023-05-08 21:00:00,P0118,Books,785.99,825.6,13,0.026,0,0,5,1,110,110,409
2023-05-08 22:00:00,P0198,Clothing,4345.77,4855.82,23,0.046,0,0,5,0,80,80,335
2023-05-08 23:00:00,P0081,Groceries,1542.64,1571.06,191,0.382,0,0,5,0,99,108,385
2023-05-09 00:00:00,P0109,Books,2297.68,2371.89,240,0.48,1,0,5,0,96,93,398
2023-05-09 01:00:00,P0051,Groceries,2654.41,2972.79,488,0.976,1,0,5,0,86,78,320
2023-05-09 02:00:00,P0147,Clothing,4260.01,4309.16,348,0.696,1,0,5,0,58,63,233
2023-05-09 03:00:00,P0170,Books,4661.46,4868.72,24,0.048,1,0,5,0,87,98,371
2023-05-09 04:00:00,P0035,Electronics,4651.78,4681.96,389,0.778,1,0,5,0,73,63,269
2023-05-09 05:00:00,P0046,Clothing,89.37,102.97,128,0.256,1,0,5,0,102,113,435
2023-05-09 06:00:00,P0154,Furniture,4613.35,4125.29,86,0.172,1,0,5,0,84,82,333
2023-05-09 07:00:00,P0069,Furniture,319.22,289.08,232,0.464,1,0,5,0,129,121,549
2023-05-09 08:00:00,P0093,Clothing,1365.58,1162.36,288,0.576,1,0,5,0,80,69,349
2023-05-09 09:00:00,P0064,Furniture,2599.19,2931.33,397,0.794,1,0,5,1,88,80,328
2023-05-09 10:00:00,P0165,Clothing,2425.63,2340.03,446,0.892,1,0,5,0,90,85,373
2023-05-09 11:00:00,P0049,Electronics,3043.31,2858.15,55,0.11,1,0,5,0,92,80,349
2023-05-09 12:00:00,P0149,Clothing,2423.26,2889.83,189,0.378,1,0,5,0,101,92,375
2023-05-09 13:00:00,P0074,Books,4675.16,5473.31,27,0.054,1,0,5,0,76,81,312
2023-05-09 14:00:00,P0192,Books,1240.72,1474.96,28,0.056,1,0,5,0,112,118,413
2023-05-09 15:00:00,P0005,Groceries,1406.42,1205.19,490,0.98,1,0,5,0,72,78,286
2023-05-09 16:00:00,P0100,Furniture,4607.65,5328.75,487,0.974,1,0,5,0,59,53,242
2023-05-09 17:00:00,P0070,Furniture,429.86,400.41,278,0.556,1,0,5,0,118,102,472
2023-05-09 18:00:00,P0090,Clothing,3067.33,2469.39,171,0.342,1,0,5,0,79,78,328
2023-05-09 19:00:00,P0004,Furniture,3424.59,3275.69,37,0.074,1,0,5,0,86,82,365
2023-05-09 20:00:00,P0126,Books,2552.43,2561.82,432,0.864,1,0,5,1,73,79,314
2023-05-09 21:00:00,P0039,Electronics,3486.45,2940.08,298,0.596,1,0,5,0,73,74,295
2023-05-09 22:00:00,P0163,Clothing,905.14,918.78,265,0.53,1,0,5,0,105,119,401
2023-05-09 23:00:00,P0129,Furniture,4270.53,4816.24,26,0.052,1,0,5,1,77,67,309
2023-05-10 00:00:00,P0024,Books,743.13,706.76,135,0.27,2,0,5,1,88,84,344
2023-05-10 01:00:00,P0057,Groceries,2034.02,1914.13,235,0.47,2,0,5,0,86,84,325
2023-05-10 02:00:00,P0100,Furniture,422.53,395.29,244,0.488,2,0,5,0,121,107,487
2023-05-10 03:00:00,P0070,Electronics,2748.79,3213.99,451,0.902,2,0,5,0,88,90,318
2023-05-10 04:00:00,P0041,Electronics,3365.24,2757.83,468,0.936,2,0,5,0,74,64,302
2023-05-10 05:00:00,P0182,Furniture,4709.05,4605.59,84,0.168,2,0,5,0,75,80,319
2023-05-10 06:00:00,P0174,Furniture,3709.71,3360.4,413,0.826,2,0,5,1,68,59,299
2023-05-10 07:00:00,P0060,Books,2728.46,3158.25,12,0.024,2,0,5,0,106,118,460
2023-05-10 08:00:00,P0108,Furniture,4666.45,3912.45,57,0.114,2,0,5,0,72,63,264
2023-05-10 09:00:00,P0188,Groceries,2418.26,2332.6,258,0.516,2,0,5,0,78,77,291
2023-05-10 10:00:00,P0057,Books,2827.97,2722.56,467,0.934,2,0,5,0,65,58,241
2023-05-10 11:00:00,P0031,Clothing,3000.69,3466.87,99,0.198,2,0,5,0,73,65,295
2023-05-10 12:00:00,P0084,Groceries,2079.4,1842.76,103,0.206,2,0,5,0,89,95,324
2023-05-10 13:00:00,P0152,Books,4200.49,4443.94,260,0.52,2,0,5,0,85,92,370
2023-05-10 14:00:00,P0036,Books,966.62,825.26,277,0.554,2,0,5,0,127,136,463
2023-05-10 15:00:00,P0158,Electronics,2796.47,3304.28,441,0.882,2,0,5,0,88,85,344
2023-05-10 16:00:00,P0152,Books,3625.05,3759.92,65,0.13,2,0,5,0,69,79,298
2023-05-10 17:00:00,P0108,Groceries,4524.68,4753.19,88,0.176,2,0,5,0,66,63,288
2023-05-10 18:00:00,P0106,Furniture,4425.4,4308.17,295,0.59,2,0,5,1,62,57,246
2023-05-10 19:00:00,P0158,Groceries,2568.26,2406.24,87,0.174,2,0,5,0,90,103,359
2023-05-10 20:00:00,P0086,Clothing,3233.65,2862.01,377,0.754,2,0,5,0,71,81,292
2023-05-10 21:00:00,P0135,Books,2001.48,2084.73,4,0.008,2,0,5,0,107,110,420
2023-05-10 22:00:00,P0163,Books,2367.48,2797.95,143,0.286,2,0,5,0,90,82,347
2023-05-10 23:00:00,P0183,Books,4536.02,4281.62,116,0.232,2,0,5,0,80,74,335
2023-05-11 00:00:00,P0014,Books,4656.98,5370.72,270,0.54,3,0,5,0,73,73,298
2023-05-11 01:00:00,P0120,Electronics,4482.3,3852.58,498,0.996,3,0,5,0,73,79,291
2023-05-11 02:00:00,P0138,Electronics,734.94,863.15,204,0.408,3,0,5,0,98,86,361
2023-05-11 03:00:00,P0080,Furniture,4257.92,4003.27,74,0.148,3,0,5,0,85,90,311
2023-05-11 04:00:00,P0144,Books,4744.4,4516.15,79,0.158,3,0,5,0,67,59,269
2023-05-11 05:00:00,P0182,Clothing,1838.19,1810.87,17,0.034,3,0,5,0,101,111,414
2023-05-11 06:00:00,P0106,Furniture,2617.3,2845.78,216,0.432,3,0,5,0,81,82,334
2023-05-11 07:00:00,P0070,Books,3906.52,4249.75,430,0.86,3,0,5,0,73,84,315
2023-05-11 08:00:00,P0044,Electronics,2832.29,2809.17,101,0.202,3,0,5,0,102,110,434
2023-05-11 09:00:00,P0073,Clothing,4967.74,5013.75,487,0.974,3,0,5,0,68,68,252
2023-05-11 10:00:00,P0045,Furniture,2305.78,1872.3,131,0.262,3,0,5,0,97,87,411
2023-05-11 11:00:00,P0184,Clothing,3584.02,3303.46,308,0.616,3,0,5,0,76,77,315
2023-05-11 12:00:00,P0107,Books,3973.33,3728.6,57,0.114,3,0,5,0,80,71,341
2023-05-11 13:00:00,P0084,Groceries,2495.8,2554.43,111,0.222,3,0,5,0,107,120,457
2023-05-11 14:00:00,P0082,Clothing,4292.07,4392.16,84,0.168,3,0,5,1,70,64,271
2023-05-11 15:00:00,P0107,Clothing,2753.47,2984.65,330,0.66,3,0,5,0,87,97,332
2023-05-11 16:00:00,P0185,Electronics,2087.67,2268.9,313,0.626,3,0,5,0,100,94,404
2023-05-11 17:00:00,P0021,Books,583.73,521.9,115,0.23,3,0,5,0,110,101,422
2023-05-11 18:00:00,P0196,Clothing,1997.4,2213.27,314,0.628,3,0,5,0,99,93,384
2023-05-11 19:00:00,P0178,Books,3682.99,2975.27,161,0.322,3,0,5,0,98,104,358
2023-05-11 20:00:00,P0161,Electronics,4610.37,5009.0,285,0.57,3,0,5,0,68,69,299
2023-05-11 21:00:00,P0007,Books,1295.81,1089.55,437,0.874,3,0,5,0,90,79,346
2023-05-11 22:00:00,P0070,Electronics,1808.42,1974.54,323,0.646,3,0,5,0,94,84,397
2023-05-11 23:00:00,P0127,Electronics,812.11,820.92,205,0.41,3,0,5,0,110,106,483
2023-05-12 00:00:00,P0143,Furniture,3469.08,3382.01,330,0.66,4,0,5,0,87,83,381
2023-05-12 01:00:00,P0160,Books,4802.93,5169.23,67,0.134,4,0,5,0,81,90,333
2023-05-12 02:00:00,P0148,Groceries,3222.71,2625.05,409,0.818,4,0,5,0,79,81,318
2023-05-12 03:00:00,P0143,Furniture,3104.53,2761.13,386,0.772,4,0,5,0,63,57,242
2023-05-12 04:00:00,P0176,Electronics,2789.78,2919.72,247,0.494,4,0,5,0,73,63,313
2023-05-12 05:00:00,P0199,Groceries,487.86,555.62,56,0.112,4,0,5,0,124,109,480
2023-05-12 06:00:00,P0149,Clothing,3661.04,3486.93,164,0.328,4,0,5,1,75,80,276
2023-05-12 07:00:00,P0170,Clothing,3030.15,2737.75,165,0.33,4,0,5,0,95,105,364
2023-05-12 08:00:00,P0154,Furniture,3324.31,3349.22,296,0.592,4,0,5,0,86,93,331
2023-05-12 09:00:00,P0120,Groceries,4499.11,4719.23,3,0.006,4,0,5,0,75,82,313
2023-05-12 10:00:00,P0128,Books,3930.61,3804.99,409,0.818,4,0,5,0,65,60,243
2023-05-12 11:00:00,P0142,Groceries,3915.53,4505.54,294,0.588,4,0,5,0,73,84,281
2023-05-12 12:00:00,P0057,Furniture,4639.56,4683.06,364,0.728,4,0,5,0,68,60,249
2023-05-12 13:00:00,P0165,Books,4950.18,4031.08,105,0.21,4,0,5,0,60,66,257
2023-05-12 14:00:00,P0058,Books,2927.35,2603.06,107,0.214,4,0,5,0,97,85,405
2023-05-12 15:00:00,P0021,Clothing,588.96,577.33,169,0.338,4,0,5,0,115,107,454
2023-05-12 16:00:00,P0082,Groceries,2322.69,2506.39,266,0.532,4,0,5,0,91,91,359
2023-05-12 17:00:00,P0069,Books,3948.63,3505.99,266,0.532,4,0,5,0,76,66,284
2023-05-12 18:00:00,P0131,Furniture,187.24,222.91,53,0.106,4,0,5,0,133,129,520
2023-05-12 19:00:00,P0087,Clothing,331.59,307.52,485,0.97,4,0,5,0,91,87,394
2023-05-12 20:00:00,P0165,Books,382.43,387.4,165,0.33,4,0,5,0,106,111,393
2023-05-12 21:00:00,P0049,Groceries,3668.63,2962.74,253,0.506,4,0,5,0,78,83,329
2023-05-12 22:00:00,P0147,Clothing,2530.77,2920.4,275,0.55,4,0,5,0,82,72,298
2023-05-12 23:00:00,P0115,Groceries,1876.04,2092.79,153,0.306,4,0,5,0,96,83,370
2023-05-13 00:00:00,P0089,Groceries,572.8,503.02,127,0.254,5,1,5,0,106,115,453
2023-05-13 01:00:00,P0085,Groceries,3674.59,4311.38,485,0.97,5,1,5,0,79,80,313
2023-05-13 02:00:00,P0128,Clothing,1639.05,1518.31,75,0.15,5,1,5,0,115,116,479
2023-05-13 03:00:00,P0140,Books,1363.35,1468.16,374,0.748,5,1,5,0,100,114,368
2023-05-13 04:00:00,P0189,Electronics,3278.98,3697.35,220,0.44,5,1,5,0,107,105,444
2023-05-13 05:00:00,P0169,Books,2817.1,3088.57,269,0.538,5,1,5,0,102,93,434
2023-05-13 06:00:00,P0161,Clothing,1843.93,2151.93,433,0.866,5,1,5,0,100,105,424
2023-05-13 07:00:00,P0178,Electronics,3225.36,3695.33,122,0.244,5,1,5,0,92,101,364
2023-05-13 08:00:00,P0117,Electronics,1392.55,1668.06,24,0.048,5,1,5,0,103,103,445
2023-05-13 09:00:00,P0196,Electronics,3984.41,3478.57,438,0.876,5,1,5,0,75,79,304
2023-05-13 10:00:00,P0127,Furniture,1185.13,1092.58,434,0.868,5,1,5,1,108,108,459
2023-05-13 11:00:00,P0071,Clothing,836.25,881.82,105,0.21,5,1,5,0,123,120,464
2023-05-13 12:00:00,P0086,Furniture,3923.08,4288.79,105,0.21,5,1,5,0,85,73,320
2023-05-13 13:00:00,P0033,Electronics,3554.07,3603.27,102,0.204,5,1,5,0,111,100,467
2023-05-13 14:00:00,P0081,Furniture,954.06,791.46,473,0.946,5,1,5,0,119,118,490
2023-05-13 15:00:00,P0152,Furniture,625.42,710.88,265,0.53,5,1,5,0,114,110,472
2023-05-13 16:00:00,P0061,Clothing,4200.08,4974.36,13,0.026,5,1,5,0,97,107,368
2023-05-13 17:00:00,P0061,Groceries,3894.16,3746.99,132,0.264,5,1,5,0,103,91,404
2023-05-13 18:00:00,P0098,Furniture,1669.92,1486.1,440,0.88,5,1,5,0,106,92,404
2023-05-13 19:00:00,P0028,Furniture,3308.08,2672.02,21,0.042,5,1,5,0,99,87,362
2023-05-13 20:00:00,P0186,Electronics,664.59,594.75,74,0.148,5,1,5,0,104,110,391
2023-05-13 21:00:00,P0043,Electronics,2559.89,2764.6,284,0.568,5,1,5,0,99,102,435
2023-05-13 22:00:00,P0169,Electronics,142.71,166.21,390,0.78,5,1,5,0,110,114,417
2023-05-13 23:00:00,P0167,Books,1988.43,1665.12,243,0.486,5,1,5,0,100,90,373
2023-05-14 00:00:00,P0086,Furniture,420.47,429.43,255,0.51,6,1,5,0,118,119,491
2023-05-14 01:00:00,P0177,Electronics,2401.98,2589.84,145,0.29,6,1,5,0,104,112,424
2023-05-14 02:00:00,P0017,Clothing,2137.32,1946.14,414,0.828,6,1,5,0,95,100,399
2023-05-14 03:00:00,P0098,Books,2249.71,2312.61,426,0.852,6,1,5,0,84,82,346
2023-05-14 04:00:00,P0198,Groceries,274.39,298.01,211,0.422,6,1,5,0,104,92,393
2023-05-14 05:00:00,P0198,Furniture,1840.0,2088.56,248,0.496,6,1,5,0,117,130,468
2023-05-14 06:00:00,P0098,Furniture,3794.6,3722.5,34,0.068,6,1,5,0,111,112,415
2023-05-14 07:00:00,P0065,Clothing,1876.13,2062.13,326,0.652,6,1,5,0,106,118,403
2023-05-14 08:00:00,P0074,Groceries,3590.1,3305.45,252,0.504,6,1,5,0,80,79,351
2023-05-14 09:00:00,P0085,Groceries,1878.92,1663.26,349,0.698,6,1,5,0,114,105,477
2023-05-14 10:00:00,P0005,Books,2145.04,1876.75,259,0.518,6,1,5,0,126,119,533
2023-05-14 11:00:00,P0002,Furniture,2841.27,2680.88,306,0.612,6,1,5,0,107,104,388
2023-05-14 12:00:00,P0022,Electronics,4755.88,3872.96,349,0.698,6,1,5,0,86,89,336
2023-05-14 13:00:00,P0112,Clothing,588.86,537.75,285,0.57,6,1,5,0,105,113,425
2023-05-14 14:00:00,P0057,Clothing,212.92,225.88,349,0.698,6,1,5,0,113,104,420
2023-05-14 15:00:00,P0066,Clothing,3059.39,3240.41,180,0.36,6,1,5,0,110,100,471
2023-05-14 16:00:00,P0074,Clothing,4748.03,3938.12,209,0.418,6,1,5,0,70,64,260
2023-05-14 17:00:00,P0098,Electronics,4949.13,4528.29,490,0.98,6,1,5,0,66,75,271
2023-05-14 18:00:00,P0144,Electronics,2446.61,2514.68,109,0.218,6,1,5,0,109,98,441
2023-05-14 19:00:00,P0112,Books,2367.0,2195.21,329,0.658,6,1,5,0,105,100,449
2023-05-14 20:00:00,P0179,Furniture,3242.57,3136.2,141,0.282,6,1,5,0,95,95,366
2023-05-14 21:00:00,P0125,Electronics,2800.39,3038.77,163,0.326,6,1,5,0,101,103,387
2023-05-14 22:00:00,P0167,Books,3188.74,2562.81,86,0.172,6,1,5,0,101,112,432
2023-05-14 23:00:00,P0086,Groceries,4376.3,3984.87,139,0.278,6,1,5,0,84,74,317
2023-05-15 00:00:00,P0076,Furniture,3744.22,3208.61,331,0.662,0,0,5,0,71,63,298
2023-05-15 01:00:00,P0088,Electronics,2509.54,2135.73,161,0.322,0,0,5,1,90,85,338
2023-05-15 02:00:00,P0168,Groceries,2336.23,2765.2,25,0.05,0,0,5,0,92,90,396
2023-05-15 03:00:00,P0038,Books,3216.03,3057.24,133,0.266,0,0,5,0,93,89,397
2023-05-15 04:00:00,P0188,Electronics,2305.75,2330.73,356,0.712,0,0,5,0,89,86,376
2023-05-15 05:00:00,P0059,Electronics,2316.01,2532.62,114,0.228,0,0,5,0,93,103,371
2023-05-15 06:00:00,P0138,Groceries,130.71,107.05,180,0.36,0,0,5,1,109,120,395
2023-05-15 07:00:00,P0099,Electronics,911.62,817.18,398,0.796,0,0,5,0,107,117,397
2023-05-15 08:00:00,P0192,Clothing,2468.14,2796.05,361,0.722,0,0,5,0,82,88,325
2023-05-15 09:00:00,P0063,Electronics,4122.13,4719.0,358,0.716,0,0,5,0,76,66,276
2023-05-15 10:00:00,P0049,Furniture,1429.7,1357.04,146,0.292,0,0,5,0,113,101,413
2023-05-15 11:00:00,P0192,Groceries,2637.08,2505.08,359,0.718,0,0,5,0,87,93,322
2023-05-15 12:00:00,P0032,Furniture,1757.56,1938.16,430,0.86,0,0,5,0,74,76,282
2023-05-15 13:00:00,P0135,Books,568.78,522.16,214,0.428,0,0,5,0,102,107,428
2023-05-15 14:00:00,P0021,Furniture,4793.58,4059.38,483,0.966,0,0,5,0,57,61,207
2023-05-15 15:00:00,P0020,Clothing,4280.64,3865.48,76,0.152,0,0,5,0,68,76,298
2023-05-15 16:00:00,P0154,Clothing,438.54,418.78,94,0.188,0,0,5,0,124,129,474
2023-05-15 17:00:00,P0127,Furniture,3612.95,2965.81,444,0.888,0,0,5,0,75,70,289
2023-05-15 18:00:00,P0068,Books,1770.52,1755.42,484,0.968,0,0,5,0,64,56,243
2023-05-15 19:00:00,P0110,Electronics,4974.51,5452.08,217,0.434,0,0,5,0,67,66,273
2023-05-15 20:00:00,P0116,Clothing,1546.87,1555.37,362,0.724,0,0,5,0,86,91,311
2023-05-15 21:00:00,P0143,Furniture,1231.76,1020.83,367,0.734,0,0,5,0,104,97,382
2023-05-15 22:00:00,P0120,Furniture,2861.06,2792.57,51,0.102,0,0,5,0,85,75,313
2023-05-15 23:00:00,P0079,Furniture,4183.87,4533.48,273,0.546,0,0,5,0,75,86,310
2023-05-16 00:00:00,P0116,Electronics,1002.97,825.68,443,0.886,1,0,5,0,97,95,375
2023-05-16 01:00:00,P0092,Groceries,3561.54,2934.49,174,0.348,1,0,5,1,74,68,292
2023-05-16 02:00:00,P0014,Books,353.96,335.64,312,0.624,1,0,5,0,94,85,410
2023-05-16 03:00:00,P0155,Groceries,4598.73,4037.62,32,0.064,1,0,5,0,90,100,338
2023-05-16 04:00:00,P0125,Books,451.32,529.81,359,0.718,1,0,5,0,106,116,388
2023-05-16 05:00:00,P0168,Books,4575.45,4724.32,415,0.83,1,0,5,0,66,68,261
2023-05-16 06:00:00,P0058,Furniture,2479.5,2268.57,131,0.262,1,0,5,0,103,104,384
2023-05-16 07:00:00,P0028,Clothing,2268.05,2453.83,424,0.848,1,0,5,0,99,112,368
2023-05-16 08:00:00,P0026,Furniture,4867.87,4624.34,274,0.548,1,0,5,0,77,71,302
2023-05-16 09:00:00,P0113,Electronics,4952.4,4223.64,6,0.012,1,0,5,0,62,60,256
2023-05-16 10:00:00,P0191,Books,3268.38,2924.85,494,0.988,1,0,5,0,74,63,281
2023-05-16 11:00:00,P0066,Clothing,679.24,718.02,226,0.452,1,0,5,0,102,100,439
2023-05-16 12:00:00,P0153,Books,2555.54,2097.46,254,0.508,1,0,5,0,104,100,405
2023-05-16 13:00:00,P0131,Books,2669.36,2426.65,281,0.562,1,0,5,0,92,104,400
2023-05-16 14:00:00,P0200,Furniture,2596.51,2293.56,235,0.47,1,0,5,0,76,73,304
2023-05-16 15:00:00,P0044,Clothing,2868.98,2526.01,342,0.684,1,0,5,0,67,74,280
2023-05-16 16:00:00,P0097,Clothing,142.69,153.12,353,0.706,1,0,5,1,122,132,522
2023-05-16 17:00:00,P0042,Books,3570.58,4035.92,434,0.868,1,0,5,0,73,65,294
2023-05-16 18:00:00,P0006,Clothing,3576.35,3885.16,183,0.366,1,0,5,0,80,91,342
2023-05-16 19:00:00,P0167,Clothing,621.58,657.81,198,0.396,1,0,5,1,103,107,402
2023-05-16 20:00:00,P0180,Furniture,2872.69,3351.22,202,0.404,1,0,5,0,79,81,307
2023-05-16 21:00:00,P0023,Groceries,2863.39,2357.59,434,0.868,1,0,5,0,79,67,335
2023-05-16 22:00:00,P0089,Electronics,3428.13,2972.17,135,0.27,1,0,5,1,90,95,341
2023-05-16 23:00:00,P0123,Groceries,472.72,456.54,396,0.792,1,0,5,1,100,87,417
2023-05-17 00:00:00,P0178,Clothing,3151.19,2990.42,287,0.574,2,0,5,0,90,82,330
2023-05-17 01:00:00,P0171,Books,1439.72,1392.53,488,0.976,2,0,5,0,95,84,390
2023-05-17 02:00:00,P0147,Electronics,2559.66,2259.11,289,0.578,2,0,5,0,94,91,409
2023-05-17 03:00:00,P0197,Electronics,3877.95,3334.27,145,0.29,2,0,5,0,80,87,317
2023-05-17 04:00:00,P0051,Books,3542.95,3555.98,206,0.412,2,0,5,0,79,84,311
2023-05-17 05:00:00,P0011,Electronics,638.57,747.91,54,0.108,2,0,5,0,99,87,399
2023-05-17 06:00:00,P0012,Books,2976.36,2847.74,298,0.596,2,0,5,0,90,98,376
2023-05-17 07:00:00,P0074,Electronics,4847.13,3961.76,407,0.814,2,0,5,0,65,64,253
2023-05-17 08:00:00,P0008,Groceries,826.01,894.13,494,0.988,2,0,5,0,91,78,328
2023-05-17 09:00:00,P0152,Electronics,4271.89,3914.94,404,0.808,2,0,5,0,61,56,244
2023-05-17 10:00:00,P0041,Furniture,3527.61,3167.93,401,0.802,2,0,5,0,84,91,331
2023-05-17 11:00:00,P0164,Books,3881.32,3608.48,397,0.794,2,0,5,0,72,77,290
2023-05-17 12:00:00,P0085,Electronics,1445.69,1575.12,249,0.498,2,0,5,0,116,105,484
2023-05-17 13:00:00,P0072,Books,1475.05,1663.16,436,0.872,2,0,5,0,72,62,276
2023-05-17 14:00:00,P0055,Furniture,4534.8,4694.53,274,0.548,2,0,5,0,72,68,288
2023-05-17 15:00:00,P0137,Electronics,1831.17,1701.14,204,0.408,2,0,5,0,83,90,316
2023-05-17 16:00:00,P0047,Electronics,361.93,334.49,312,0.624,2,0,5,0,97,110,385
2023-05-17 17:00:00,P0143,Furniture,3022.95,2568.67,191,0.382,2,0,5,0,83,85,322
2023-05-17 18:00:00,P0176,Furniture,667.85,783.6,335,0.67,2,0,5,0,107,94,417
2023-05-17 19:00:00,P0104,Furniture,3993.15,4213.79,1,0.002,2,0,5,0,84,84,341
2023-05-17 20:00:00,P0042,Books,3226.64,2616.13,184,0.368,2,0,5,0,79,91,328
2023-05-17 21:00:00,P0060,Furniture,4379.9,4664.36,161,0.322,2,0,5,0,69,78,249
2023-05-17 22:00:00,P0198,Books,3934.94,3851.76,48,0.096,2,0,5,0,67,77,288
2023-05-17 23:00:00,P0012,Groceries,604.96,719.31,89,0.178,2,0,5,0,104,110,405
2023-05-18 00:00:00,P0130,Electronics,1936.3,2183.43,437,0.874,3,0,5,0,80,78,329
2023-05-18 01:00:00,P0007,Electronics,3884.07,3373.42,250,0.5,3,0,5,0,85,95,314
2023-05-18 02:00:00,P0080,Clothing,2115.84,2302.13,21,0.042,3,0,5,0,95,106,385
2023-05-18 03:00:00,P0131,Groceries,4863.21,4835.13,211,0.422,3,0,5,0,66,59,273
2023-05-18 04:00:00,P0109,Furniture,3691.92,3229.76,476,0.952,3,0,5,0,73,79,272
2023-05-18 05:00:00,P0003,Furniture,126.72,136.79,465,0.93,3,0,5,0,114,128,494
2023-05-18 06:00:00,P0027,Groceries,4405.93,4489.44,476,0.952,3,0,5,0,74,83,311
2023-05-18 07:00:00,P0114,Furniture,548.98,445.85,233,0.466,3,0,5,0,131,139,528
2023-05-18 08:00:00,P0107,Clothing,745.59,789.31,171,0.342,3,0,5,0,92,93,343
2023-05-18 09:00:00,P0040,Books,3685.74,3884.75,90,0.18,3,0,5,0,83,90,356
2023-05-18 10:00:00,P0161,Electronics,4331.59,3714.92,162,0.324,3,0,5,0,73,73,267
2023-05-18 11:00:00,P0129,Groceries,2704.93,2541.54,284,0.568,3,0,5,0,70,66,258
2023-05-18 12:00:00,P0008,Electronics,1480.8,1531.68,5,0.01,3,0,5,0,93,86,387
2023-05-18 13:00:00,P0101,Books,1789.01,1530.52,243,0.486,3,0,5,0,103,104,392
2023-05-18 14:00:00,P0160,Groceries,1747.3,1993.83,420,0.84,3,0,5,0,93,92,369
2023-05-18 15:00:00,P0124,Books,1667.06,1351.98,378,0.756,3,0,5,0,96,97,387
2023-05-18 16:00:00,P0176,Furniture,1252.4,1053.44,472,0.944,3,0,5,0,95,88,377
2023-05-18 17:00:00,P0107,Furniture,3063.89,2593.41,340,0.68,3,0,5,0,67,69,246
2023-05-18 18:00:00,P0101,Furniture,4507.01,4557.68,441,0.882,3,0,5,0,58,61,243
2023-05-18 19:00:00,P0004,Books,1570.06,1645.49,447,0.894,3,0,5,0,85,93,322
2023-05-18 20:00:00,P0198,Books,974.14,936.63,158,0.316,3,0,5,0,114,117,478
2023-05-18 21:00:00,P0110,Books,4200.96,3845.84,122,0.244,3,0,5,0,77,83,331
2023-05-18 22:00:00,P0019,Electronics,3721.83,4182.32,359,0.718,3,0,5,0,81,73,326
2023-05-18 23:00:00,P0032,Books,4657.64,3853.33,433,0.866,3,0,5,0,77,68,321
2023-05-19 00:00:00,P0137,Furniture,869.32,792.92,463,0.926,4,0,5,1,79,71,287
2023-05-19 01:00:00,P0012,Clothing,764.04,623.19,187,0.374,4,0,5,0,104,115,377
2023-05-19 02:00:00,P0139,Books,2730.08,2199.23,13,0.026,4,0,5,0,92,94,346
2023-05-19 03:00:00,P0046,Clothing,3091.45,2910.14,69,0.138,4,0,5,0,81,80,315
2023-05-19 04:00:00,P0119,Furniture,2426.86,2130.61,138,0.276,4,0,5,0,96,104,360
2023-05-19 05:00:00,P0016,Books,3014.88,2735.54,410,0.82,4,0,5,0,101,90,415
2023-05-19 06:00:00,P0129,Electronics,942.88,1063.93,357,0.714,4,0,5,0,88,75,336
2023-05-19 07:00:00,P0063,Electronics,2424.09,2097.3,324,0.648,4,0,5,0,91,86,389
2023-05-19 08:00:00,P0109,Clothing,3307.56,3678.32,78,0.156,4,0,5,0,77,71,312
2023-05-19 09:00:00,P0119,Electronics,2191.9,2345.38,293,0.586,4,0,5,0,73,69,285
2023-05-19 10:00:00,P0021,Electronics,3413.26,3176.31,317,0.634,4,0,5,0,73,83,315
2023-05-19 11:00:00,P0158,Electronics,2283.4,2325.92,436,0.872,4,0,5,0,86,88,367
2023-05-19 12:00:00,P0013,Furniture,1701.32,1663.51,79,0.158,4,0,5,0,105,108,447
2023-05-19 13:00:00,P0162,Electronics,1552.84,1322.02,145,0.29,4,0,5,0,118,124,494
2023-05-19 14:00:00,P0004,Groceries,2083.97,2423.39,372,0.744,4,0,5,0,90,87,368
2023-05-19 15:00:00,P0156,Books,164.29,168.87,224,0.448,4,0,5,0,110,126,428
2023-05-19 16:00:00,P0102,Electronics,3359.2,3870.12,226,0.452,4,0,5,0,88,100,347
2023-05-19 17:00:00,P0059,Electronics,4233.27,4781.61,381,0.762,4,0,5,0,71,77,292
2023-05-19 18:00:00,P0128,Electronics,1805.4,1501.93,179,0.358,4,0,5,0,96,88,359
2023-05-19 19:00:00,P0027,Groceries,277.86,245.32,23,0.046,4,0,5,0,114,127,486
2023-05-19 20:00:00,P0069,Electronics,4934.54,4234.35,98,0.196,4,0,5,0,75,66,326
2023-05-19 21:00:00,P0025,Electronics,1355.31,1534.63,390,0.78,4,0,5,0,98,102,360
2023-05-19 22:00:00,P0131,Books,676.77,774.89,269,0.538,4,0,5,0,101,100,365
2023-05-19 23:00:00,P0097,Groceries,1880.27,1901.31,433,0.866,4,0,5,1,100,86,371
2023-05-20 00:00:00,P0196,Groceries,3705.86,3119.12,93,0.186,5,1,5,0,102,114,429
2023-05-20 01:00:00,P0025,Electronics,1504.89,1285.55,279,0.558,5,1,5,0,121,138,446
2023-05-20 02:00:00,P0148,Groceries,2894.78,3257.84,462,0.924,5,1,5,0,82,92,320
2023-05-20 03:00:00,P0162,Clothing,2107.02,2468.74,268,0.536,5,1,5,0,99,90,361
2023-05-20 04:00:00,P0154,Groceries,632.93,556.85,146,0.292,5,1,5,1,144,137,568
2023-05-20 05:00:00,P0126,Groceries,1684.92,1355.44,284,0.568,5,1,5,0,119,135,486
2023-05-20 06:00:00,P0133,Groceries,3638.11,3392.11,21,0.042,5,1,5,0,83,73,341
2023-05-20 07:00:00,P0189,Furniture,3079.42,2501.1,1,0.002,5,1,5,0,107,110,430
2023-05-20 08:00:00,P0009,Furniture,642.9,727.24,102,0.204,5,1,5,0,139,138,605
2023-05-20 09:00:00,P0116,Furniture,858.45,855.54,460,0.92,5,1,5,0,98,88,394
2023-05-20 10:00:00,P0178,Groceries,3221.63,3404.44,35,0.07,5,1,5,0,111,124,476
2023-05-20 11:00:00,P0134,Clothing,4076.41,3932.08,293,0.586,5,1,5,0,84,75,369
2023-05-20 12:00:00,P0060,Groceries,1779.9,1669.91,273,0.546,5,1,5,0,124,127,469
2023-05-20 13:00:00,P0172,Electronics,2996.79,2663.79,50,0.1,5,1,5,0,102,96,389
2023-05-20 14:00:00,P0121,Clothing,894.69,991.51,142,0.284,5,1,5,0,104,101,418
2023-05-20 15:00:00,P0139,Furniture,1591.31,1715.78,383,0.766,5,1,5,0,111,101,416
2023-05-20 16:00:00,P0194,Books,150.34,141.96,482,0.964,5,1,5,0,102,106,413
2023-05-20 17:00:00,P0175,Clothing,3852.97,3577.28,435,0.87,5,1,5,0,77,88,319
2023-05-20 18:00:00,P0108,Furniture,2035.0,1629.01,16,0.032,5,1,5,0,94,103,343
2023-05-20 19:00:00,P0108,Clothing,4089.82,3375.82,367,0.734,5,1,5,0,75,79,311
2023-05-20 20:00:00,P0131,Clothing,3556.45,3731.79,76,0.152,5,1,5,0,109,117,406
2023-05-20 21:00:00,P0076,Groceries,4152.28,4176.54,277,0.554,5,1,5,0,85,94,326
2023-05-20 22:00:00,P0030,Electronics,1464.01,1425.83,122,0.244,5,1,5,0,114,113,478
2023-05-20 23:00:00,P0021,Books,966.29,1092.87,437,0.874,5,1,5,0,99,101,369
2023-05-21 00:00:00,P0156,Furniture,4860.93,4868.51,435,0.87,6,1,5,0,74,83,298
2023-05-21 01:00:00,P0190,Clothing,3600.77,3434.41,487,0.974,6,1,5,0,80,85,326
2023-05-21 02:00:00,P0161,Books,4178.51,3612.33,383,0.766,6,1,5,0,99,88,369
2023-05-21 03:00:00,P0163,Clothing,115.01,129.76,468,0.936,6,1,5,0,116,126,443
2023-05-21 04:00:00,P0180,Electronics,1804.59,1859.63,345,0.69,6,1,5,0,109,93,445
2023-05-21 05:00:00,P0034,Books,3726.94,3119.39,173,0.346,6,1,5,0,85,94,337
2023-05-21 06:00:00,P0041,Furniture,436.02,461.99,131,0.262,6,1,5,0,127,138,524
2023-05-21 07:00:00,P0051,Clothing,2858.33,2772.66,262,0.524,6,1,5,0,102,112,437
2023-05-21 08:00:00,P0175,Electronics,2173.91,2444.68,393,0.786,6,1,5,0,90,77,334
2023-05-21 09:00:00,P0082,Books,137.2,160.19,270,0.54,6,1,5,0,132,151,483
2023-05-21 10:00:00,P0058,Clothing,1218.08,1267.03,409,0.818,6,1,5,0,109,113,451
2023-05-21 11:00:00,P0075,Clothing,1459.72,1594.96,207,0.414,6,1,5,0,88,96,371
2023-05-21 12:00:00,P0185,Furniture,603.71,496.63,295,0.59,6,1,5,0,128,131,507
2023-05-21 13:00:00,P0023,Electronics,3176.11,3252.66,225,0.45,6,1,5,0,100,95,392
2023-05-21 14:00:00,P0176,Groceries,1249.87,1377.53,188,0.376,6,1,5,0,119,112,485
2023-05-21 15:00:00,P0128,Clothing,1424.22,1422.38,464,0.928,6,1,5,0,97,84,392
2023-05-21 16:00:00,P0150,Books,4496.28,4664.53,357,0.714,6,1,5,0,97,98,387
2023-05-21 17:00:00,P0017,Furniture,2362.26,2739.23,143,0.286,6,1,5,0,100,89,425
2023-05-21 18:00:00,P0069,Furniture,1991.03,1750.59,353,0.706,6,1,5,0,72,73,269
2023-05-21 19:00:00,P0108,Clothing,3633.16,3049.31,250,0.5,6,1,5,0,94,98,390
2023-05-21 20:00:00,P0139,Clothing,4552.59,4899.76,375,0.75,6,1,5,0,76,75,319
2023-05-21 21:00:00,P0094,Clothing,173.93,196.39,476,0.952,6,1,5,0,98,88,423
2023-05-21 22:00:00,P0015,Groceries,2268.78,2586.85,244,0.488,6,1,5,0,101,99,440
2023-05-21 23:00:00,P0091,Clothing,3073.37,3247.5,17,0.034,6,1,5,0,103,115,413
2023-05-22 00:00:00,P0163,Electronics,1626.89,1843.73,202,0.404,0,0,5,0,90,89,355
2023-05-22 01:00:00,P0033,Books,3873.42,4184.32,203,0.406,0,0,5,0,78,74,312
2023-05-22 02:00:00,P0125,Clothing,4858.81,4056.87,484,0.968,0,0,5,0,64,66,268
2023-05-22 03:00:00,P0016,Groceries,4719.97,5214.7,1,0.002,0,0,5,0,74,77,267
2023-05-22 04:00:00,P0162,Books,1366.61,1191.33,437,0.874,0,0,5,0,83,73,310
2023-05-22 05:00:00,P0066,Furniture,1170.37,1047.06,375,0.75,0,0,5,0,100,92,433
2023-05-22 06:00:00,P0168,Clothing,4789.58,4587.75,401,0.802,0,0,5,0,54,54,203
2023-05-22 07:00:00,P0156,Books,2320.21,2148.11,53,0.106,0,0,5,0,100,96,378
2023-05-22 08:00:00,P0047,Furniture,1081.07,1003.95,165,0.33,0,0,5,0,107,101,466
2023-05-22 09:00:00,P0167,Groceries,3549.63,3080.03,352,0.704,0,0,5,0,74,73,284
2023-05-22 10:00:00,P0198,Electronics,1457.88,1337.68,328,0.656,0,0,5,0,90,84,345
2023-05-22 11:00:00,P0148,Clothing,1372.87,1109.09,142,0.284,0,0,5,0,89,85,386
2023-05-22 12:00:00,P0124,Electronics,4402.28,4354.58,447,0.894,0,0,5,0,63,68,246
2023-05-22 13:00:00,P0001,Groceries,854.27,946.05,91,0.182,0,0,5,0,100,100,400
2023-05-22 14:00:00,P0200,Books,368.75,422.18,7,0.014,0,0,5,0,104,116,421
2023-05-22 15:00:00,P0087,Books,1382.47,1559.66,251,0.502,0,0,5,0,86,98,369
2023-05-22 16:00:00,P0128,Groceries,3054.38,2952.31,429,0.858,0,0,5,0,88,99,322
2023-05-22 17:00:00,P0191,Groceries,659.28,720.05,99,0.198,0,0,5,0,118,109,449
2023-05-22 18:00:00,P0067,Clothing,2384.39,2182.09,38,0.076,0,0,5,0,119,118,484
2023-05-22 19:00:00,P0004,Furniture,3155.32,2594.38,435,0.87,0,0,5,0,79,80,312
2023-05-22 20:00:00,P0186,Electronics,4251.25,4550.49,135,0.27,0,0,5,0,81,90,310
2023-05-22 21:00:00,P0153,Electronics,1187.85,1258.55,361,0.722,0,0,5,0,95,97,373
2023-05-22 22:00:00,P0047,Books,4095.86,4590.03,433,0.866,0,0,5,0,79,73,345
2023-05-22 23:00:00,P0038,Books,1212.79,1269.11,49,0.098,0,0,5,0,106,108,383
2023-05-23 00:00:00,P0143,Clothing,3399.99,2933.36,82,0.164,1,0,5,0,93,80,346
2023-05-23 01:00:00,P0191,Groceries,2181.83,2490.05,253,0.506,1,0,5,1,92,101,333
2023-05-23 02:00:00,P0021,Electronics,617.67,649.11,195,0.39,1,0,5,1,126,128,513
2023-05-23 03:00:00,P0057,Clothing,3585.6,4026.79,26,0.052,1,0,5,0,81,85,292
2023-05-23 04:00:00,P0117,Books,1127.92,1251.59,76,0.152,1,0,5,1,119,108,472
2023-05-23 05:00:00,P0181,Books,924.29,849.56,293,0.586,1,0,5,0,99,101,424
2023-05-23 06:00:00,P0046,Electronics,1823.7,1513.34,254,0.508,1,0,5,0,86,87,316
2023-05-23 07:00:00,P0142,Books,3283.79,2858.87,20,0.04,1,0,5,0,87,90,339
2023-05-23 08:00:00,P0145,Books,1208.28,1011.51,217,0.434,1,0,5,0,78,86,304
2023-05-23 09:00:00,P0039,Furniture,959.12,860.68,44,0.088,1,0,5,0,119,128,463
2023-05-23 10:00:00,P0137,Groceries,99.27,97.66,441,0.882,1,0,5,0,108,110,452
2023-05-23 11:00:00,P0099,Books,2384.63,2772.67,406,0.812,1,0,5,1,100,112,360
2023-05-23 12:00:00,P0077,Furniture,2171.8,2494.98,181,0.362,1,0,5,0,84,80,355
2023-05-23 13:00:00,P0115,Clothing,1207.65,1313.25,285,0.57,1,0,5,0,91,91,389
2023-05-23 14:00:00,P0134,Books,315.58,255.51,478,0.956,1,0,5,0,86,90,339
2023-05-23 15:00:00,P0151,Clothing,2174.82,2036.84,350,0.7,1,0,5,0,91,89,392
2023-05-23 16:00:00,P0187,Books,3951.62,4239.85,143,0.286,1,0,5,0,75,72,293
2023-05-23 17:00:00,P0091,Electronics,3590.65,3057.84,51,0.102,1,0,5,0,77,68,320
2023-05-23 18:00:00,P0098,Furniture,4310.93,4830.12,250,0.5,1,0,5,0,75,78,293
2023-05-23 19:00:00,P0120,Furniture,97.43,113.59,105,0.21,1,0,5,1,128,116,465
2023-05-23 20:00:00,P0046,Electronics,4833.78,4551.69,296,0.592,1,0,5,0,67,60,246
2023-05-23 21:00:00,P0038,Groceries,1739.99,1883.26,198,0.396,1,0,5,0,92,83,364
2023-05-23 22:00:00,P0142,Furniture,4952.47,4255.57,336,0.672,1,0,5,0,72,76,316
2023-05-23 23:00:00,P0100,Clothing,1300.47,1399.73,279,0.558,1,0,5,0,95,85,355
2023-05-24 00:00:00,P0072,Furniture,2384.11,1927.75,147,0.294,2,0,5,0,90,103,388
2023-05-24 01:00:00,P0190,Groceries,1801.94,1550.22,102,0.204,2,0,5,0,104,112,451
2023-05-24 02:00:00,P0035,Clothing,1811.02,1963.06,410,0.82,2,0,5,0,83,80,326
2023-05-24 03:00:00,P0147,Clothing,4219.3,4576.84,1,0.002,2,0,5,0,88,90,349
2023-05-24 04:00:00,P0030,Electronics,3744.77,3956.22,255,0.51,2,0,5,0,70,60,280
2023-05-24 05:00:00,P0078,Books,4961.15,4916.23,59,0.118,2,0,5,0,67,74,282
2023-05-24 06:00:00,P0084,Electronics,3086.9,3302.87,306,0.612,2,0,5,0,72,67,266
2023-05-24 07:00:00,P0113,Books,2343.12,2599.74,384,0.768,2,0,5,0,92,80,355
2023-05-24 08:00:00,P0025,Electronics,495.87,588.4,481,0.962,2,0,5,0,110,119,411
2023-05-24 09:00:00,P0168,Books,4982.98,5757.62,90,0.18,2,0,5,0,69,65,297
2023-05-24 10:00:00,P0088,Furniture,2780.08,3107.61,100,0.2,2,0,5,0,94,96,344
2023-05-24 11:00:00,P0014,Clothing,3517.36,3791.37,113,0.226,2,0,5,0,86,95,361
2023-05-24 12:00:00,P0154,Books,2063.37,2124.57,261,0.522,2,0,5,0,94,102,371
2023-05-24 13:00:00,P0102,Furniture,2761.19,2342.16,421,0.842,2,0,5,0,71,68,296
2023-05-24 14:00:00,P0150,Groceries,4715.76,4084.9,53,0.106,2,0,5,0,69,77,298
2023-05-24 15:00:00,P0176,Electronics,873.78,985.72,187,0.374,2,0,5,0,113,109,438
2023-05-24 16:00:00,P0083,Groceries,1497.24,1678.89,26,0.052,2,0,5,0,117,117,442
2023-05-24 17:00:00,P0110,Furniture,802.7,839.45,239,0.478,2,0,5,0,113,117,466
2023-05-24 18:00:00,P0179,Groceries,3971.47,3874.31,79,0.158,2,0,5,0,80,70,352
2023-05-24 19:00:00,P0131,Groceries,357.12,289.41,189,0.378,2,0,5,0,118,121,494
2023-05-24 20:00:00,P0170,Furniture,454.08,422.69,318,0.636,2,0,5,0,87,89,369
2023-05-24 21:00:00,P0019,Clothing,1527.55,1479.06,354,0.708,2,0,5,0,74,82,304
2023-05-24 22:00:00,P0028,Books,2595.23,2580.51,90,0.18,2,0,5,0,80,76,312
2023-05-24 23:00:00,P0173,Electronics,2061.06,2415.01,34,0.068,2,0,5,0,127,117,524
2023-05-25 00:00:00,P0071,Books,271.84,229.29,57,0.114,3,0,5,0,139,138,515
2023-05-25 01:00:00,P0063,Electronics,4789.58,4825.73,188,0.376,3,0,5,0,58,61,231
2023-05-25 02:00:00,P0073,Books,4766.7,4514.87,252,0.504,3,0,5,0,66,67,268
2023-05-25 03:00:00,P0124,Groceries,1432.81,1713.7,35,0.07,3,0,5,0,100,89,433
2023-05-25 04:00:00,P0119,Clothing,3671.05,4202.42,357,0.714,3,0,5,0,84,80,364
2023-05-25 05:00:00,P0121,Groceries,2913.95,2842.6,91,0.182,3,0,5,0,95,83,347
2023-05-25 06:00:00,P0019,Clothing,1225.51,1470.46,55,0.11,3,0,5,0,102,109,419
2023-05-25 07:00:00,P0175,Furniture,1347.75,1355.33,66,0.132,3,0,5,0,111,124,470
2023-05-25 08:00:00,P0142,Electronics,2481.21,2150.83,312,0.624,3,0,5,0,93,80,375
2023-05-25 09:00:00,P0120,Electronics,2125.22,2172.72,168,0.336,3,0,5,0,77,78,283
2023-05-25 10:00:00,P0166,Furniture,1491.59,1328.23,286,0.572,3,0,5,0,101,103,382
2023-05-25 11:00:00,P0181,Books,4047.18,4267.85,130,0.26,3,0,5,0,77,76,297
2023-05-25 12:00:00,P0061,Furniture,2433.24,2859.0,165,0.33,3,0,5,0,81,81,335
2023-05-25 13:00:00,P0164,Furniture,3291.5,3668.31,436,0.872,3,0,5,0,71,75,259
2023-05-25 14:00:00,P0168,Clothing,986.9,897.35,51,0.102,3,0,5,0,112,111,452
2023-05-25 15:00:00,P0030,Furniture,2690.86,2472.21,151,0.302,3,0,5,0,91,102,336
2023-05-25 16:00:00,P0009,Electronics,1623.98,1344.19,409,0.818,3,0,5,1,88,89,345
2023-05-25 17:00:00,P0064,Groceries,2655.75,2428.28,104,0.208,3,0,5,0,88,77,347
2023-05-25 18:00:00,P0161,Clothing,3915.09,3277.13,366,0.732,3,0,5,0,73,83,289
2023-05-25 19:00:00,P0120,Clothing,3856.12,3855.27,91,0.182,3,0,5,0,68,61,283
2023-05-25 20:00:00,P0052,Books,1803.39,1953.68,200,0.4,3,0,5,0,112,122,410
2023-05-25 21:00:00,P0089,Groceries,3486.67,3836.98,292,0.584,3,0,5,0,75,76,286
2023-05-25 22:00:00,P0142,Clothing,4709.39,3879.65,372,0.744,3,0,5,0,69,74,284
2023-05-25 23:00:00,P0053,Furniture,3147.06,2945.59,218,0.436,3,0,5,0,97,97,422
2023-05-26 00:00:00,P0187,Clothing,784.63,718.15,431,0.862,4,0,5,0,107,93,438
2023-05-26 01:00:00,P0078,Clothing,3414.56,2874.1,66,0.132,4,0,5,0,88,85,379
2023-05-26 02:00:00,P0041,Clothing,569.28,537.96,168,0.336,4,0,5,1,107,111,468
2023-05-26 03:00:00,P0196,Books,4366.95,4016.41,304,0.608,4,0,5,1,70,73,301
2023-05-26 04:00:00,P0068,Clothing,2607.47,2747.75,27,0.054,4,0,5,0,79,90,346
2023-05-26 05:00:00,P0008,Clothing,1956.45,2256.41,287,0.574,4,0,5,0,80,83,338
2023-05-26 06:00:00,P0002,Books,332.18,326.18,354,0.708,4,0,5,0,106,99,457
2023-05-26 07:00:00,P0105,Groceries,1934.88,2125.79,454,0.908,4,0,5,0,83,72,331
2023-05-26 08:00:00,P0125,Electronics,4520.87,3880.73,326,0.652,4,0,5,0,58,63,225
2023-05-26 09:00:00,P0110,Books,153.87,178.18,468,0.936,4,0,5,0,103,115,453
2023-05-26 10:00:00,P0086,Books,2399.51,2066.07,31,0.062,4,0,5,0,103,107,379
2023-05-26 11:00:00,P0169,Clothing,4659.23,4085.4,165,0.33,4,0,5,0,79,79,345
2023-05-26 12:00:00,P0120,Clothing,2004.46,1688.93,403,0.806,4,0,5,0,92,102,363
2023-05-26 13:00:00,P0127,Electronics,2169.47,2004.31,135,0.27,4,0,5,0,89,82,322
2023-05-26 14:00:00,P0183,Clothing,2913.87,2974.96,67,0.134,4,0,5,0,96,93,407
2023-05-26 15:00:00,P0016,Furniture,2341.54,2798.6,153,0.306,4,0,5,0,95,95,376
2023-05-26 16:00:00,P0062,Clothing,884.58,988.38,462,0.924,4,0,5,0,86,74,365
2023-05-26 17:00:00,P0113,Clothing,141.85,135.07,325,0.65,4,0,5,0,96,101,349
2023-05-26 18:00:00,P0176,Furniture,3068.57,3161.67,303,0.606,4,0,5,0,88,80,385
2023-05-26 19:00:00,P0158,Electronics,4607.99,4835.27,95,0.19,4,0,5,0,76,72,314
2023-05-26 20:00:00,P0012,Furniture,576.5,650.92,196,0.392,4,0,5,0,110,107,400
2023-05-26 21:00:00,P0035,Books,1094.22,1197.71,107,0.214,4,0,5,0,106,110,382
2023-05-26 22:00:00,P0011,Furniture,1882.64,1934.82,45,0.09,4,0,5,0,106,92,432
2023-05-26 23:00:00,P0064,Groceries,4053.27,4327.57,185,0.37,4,0,5,0,72,69,315
2023-05-27 00:00:00,P0050,Books,1382.84,1518.87,453,0.906,5,1,5,0,103,96,414
2023-05-27 01:00:00,P0149,Clothing,4416.17,3768.13,322,0.644,5,1,5,0,86,73,334
2023-05-27 02:00:00,P0069,Books,322.04,283.45,284,0.568,5,1,5,0,122,129,531
2023-05-27 03:00:00,P0048,Electronics,4707.74,5062.86,82,0.164,5,1,5,0,77,71,338
2023-05-27 04:00:00,P0020,Electronics,2825.7,3221.78,137,0.274,5,1,5,0,95,85,402
2023-05-27 05:00:00,P0101,Furniture,3310.95,3190.78,326,0.652,5,1,5,0,91,99,380
2023-05-27 06:00:00,P0195,Books,1870.06,2229.03,236,0.472,5,1,5,0,80,69,288
2023-05-27 07:00:00,P0172,Clothing,3920.87,3475.57,448,0.896,5,1,5,0,95,106,366
2023-05-27 08:00:00,P0161,Electronics,874.5,845.36,320,0.64,5,1,5,0,113,119,490
2023-05-27 09:00:00,P0189,Clothing,292.11,277.92,144,0.288,5,1,5,0,135,122,526
2023-05-27 10:00:00,P0137,Groceries,2007.81,2353.39,277,0.554,5,1,5,1,112,107,433
2023-05-27 11:00:00,P0068,Electronics,4275.79,3908.72,99,0.198,5,1,5,0,90,102,363
2023-05-27 12:00:00,P0035,Furniture,3786.89,3742.65,13,0.026,5,1,5,0,83,86,329
2023-05-27 13:00:00,P0065,Groceries,2609.92,2283.4,261,0.522,5,1,5,0,89,92,382
2023-05-27 14:00:00,P0008,Books,2882.08,2906.6,413,0.826,5,1,5,0,78,82,286
2023-05-27 15:00:00,P0045,Clothing,692.97,792.04,493,0.986,5,1,5,0,121,120,499
2023-05-27 16:00:00,P0087,Electronics,4211.37,3881.27,46,0.092,5,1,5,0,76,68,316
2023-05-27 17:00:00,P0175,Groceries,3945.45,4435.94,224,0.448,5,1,5,0,82,73,353
2023-05-27 18:00:00,P0168,Groceries,3299.53,3842.38,403,0.806,5,1,5,0,99,105,389
2023-05-27 19:00:00,P0076,Electronics,2357.65,1954.92,143,0.286,5,1,5,0,95,106,364
2023-05-27 20:00:00,P0182,Books,4824.07,5318.87,195,0.39,5,1,5,0,80,75,328
2023-05-27 21:00:00,P0076,Books,4401.21,3970.5,289,0.578,5,1,5,0,87,87,364
2023-05-27 22:00:00,P0174,Furniture,3239.93,2819.16,256,0.512,5,1,5,0,93,107,348
2023-05-27 23:00:00,P0047,Books,1890.41,1966.88,460,0.92,5,1,5,0,101,94,376
2023-05-28 00:00:00,P0015,Furniture,3109.21,3364.91,431,0.862,6,1,5,0,94,91,358
2023-05-28 01:00:00,P0105,Groceries,2898.43,2776.42,7,0.014,6,1,5,0,125,120,475
2023-05-28 02:00:00,P0147,Electronics,2001.5,1632.56,277,0.554,6,1,5,0,95,82,399
2023-05-28 03:00:00,P0026,Books,1568.04,1824.39,323,0.646,6,1,5,0,103,103,415
2023-05-28 04:00:00,P0052,Furniture,2064.7,2255.27,289,0.578,6,1,5,0,111,101,448
2023-05-28 05:00:00,P0093,Groceries,2890.86,2626.83,443,0.886,6,1,5,0,89,79,321
2023-05-28 06:00:00,P0150,Books,2169.27,2166.55,428,0.856,6,1,5,0,92,98,404
2023-05-28 07:00:00,P0021,Clothing,1354.69,1098.81,292,0.584,6,1,5,0,123,133,524
2023-05-28 08:00:00,P0051,Groceries,3816.77,3571.4,376,0.752,6,1,5,0,65,73,257
2023-05-28 09:00:00,P0038,Books,2680.76,2704.92,22,0.044,6,1,5,0,120,136,438
2023-05-28 10:00:00,P0020,Groceries,384.99,387.64,83,0.166,6,1,5,0,151,168,627
2023-05-28 11:00:00,P0157,Electronics,1873.17,1654.52,254,0.508,6,1,5,0,105,93,423
2023-05-28 12:00:00,P0179,Electronics,4430.32,4920.75,372,0.744,6,1,5,0,68,62,282
2023-05-28 13:00:00,P0132,Electronics,3788.42,3483.62,23,0.046,6,1,5,0,97,86,402
2023-05-28 14:00:00,P0055,Clothing,1650.07,1703.14,474,0.948,6,1,5,0,106,101,395
2023-05-28 15:00:00,P0199,Electronics,4694.01,4265.02,396,0.792,6,1,5,1,63,56,243
2023-05-28 16:00:00,P0092,Clothing,429.18,416.33,324,0.648,6,1,5,0,120,126,434
2023-05-28 17:00:00,P0028,Electronics,4808.11,4245.59,335,0.67,6,1,5,0,90,96,395
2023-05-28 18:00:00,P0004,Groceries,1266.24,1333.61,315,0.63,6,1,5,0,125,112,531
2023-05-28 19:00:00,P0150,Books,95.02,92.19,37,0.074,6,1,5,0,142,147,617
2023-05-28 20:00:00,P0076,Books,2197.35,1772.05,431,0.862,6,1,5,0,101,87,367
2023-05-28 21:00:00,P0173,Electronics,1826.9,1482.1,220,0.44,6,1,5,0,110,108,440
2023-05-28 22:00:00,P0067,Books,2718.49,2687.1,409,0.818,6,1,5,0,95,89,399
2023-05-28 23:00:00,P0086,Electronics,3994.03,3487.95,213,0.426,6,1,5,0,86,99,317
2023-05-29 00:00:00,P0194,Electronics,4220.03,4363.58,471,0.942,0,0,5,0,68,77,287
2023-05-29 01:00:00,P0162,Furniture,2036.09,1961.32,332,0.664,0,0,5,1,75,67,309
2023-05-29 02:00:00,P0091,Furniture,2177.74,2312.25,490,0.98,0,0,5,0,65,73,285
2023-05-29 03:00:00,P0183,Furniture,783.48,925.26,84,0.168,0,0,5,0,101,99,375
2023-05-29 04:00:00,P0105,Clothing,285.36,288.64,384,0.768,0,0,5,0,113,116,464
2023-05-29 05:00:00,P0001,Furniture,3224.01,3594.61,3,0.006,0,0,5,0,94,95,410
2023-05-29 06:00:00,P0072,Electronics,368.97,406.32,194,0.388,0,0,5,0,118,126,495
2023-05-29 07:00:00,P0087,Groceries,3682.46,4303.75,113,0.226,0,0,5,0,82,78,317
2023-05-29 08:00:00,P0166,Furniture,2718.5,2407.52,214,0.428,0,0,5,0,98,85,362
2023-05-29 09:00:00,P0006,Furniture,1032.99,1168.24,335,0.67,0,0,5,1,111,108,485
2023-05-29 10:00:00,P0153,Groceries,2720.64,3161.95,364,0.728,0,0,5,0,92,93,336
2023-05-29 11:00:00,P0145,Electronics,955.84,914.84,140,0.28,0,0,5,0,98,100,429
2023-05-29 12:00:00,P0061,Clothing,2221.75,2056.29,166,0.332,0,0,5,0,94,102,361
2023-05-29 13:00:00,P0012,Furniture,4007.82,4732.49,286,0.572,0,0,5,0,70,60,300
2023-05-29 14:00:00,P0006,Groceries,2336.5,2455.79,407,0.814,0,0,5,0,97,111,392
2023-05-29 15:00:00,P0027,Electronics,786.06,748.54,494,0.988,0,0,5,0,104,119,450
2023-05-29 16:00:00,P0136,Books,3632.95,4057.03,383,0.766,0,0,5,0,78,69,307
2023-05-29 17:00:00,P0124,Clothing,974.5,898.28,334,0.668,0,0,5,0,105,100,449
2023-05-29 18:00:00,P0106,Groceries,3705.82,3226.15,4,0.008,0,0,5,0,87,89,330
2023-05-29 19:00:00,P0193,Groceries,2422.79,2465.4,126,0.252,0,0,5,0,84,81,334
2023-05-29 20:00:00,P0185,Groceries,2296.02,2356.83,432,0.864,0,0,5,0,93,93,398
2023-05-29 21:00:00,P0093,Furniture,4264.6,4820.27,85,0.17,0,0,5,0,92,87,340
2023-05-29 22:00:00,P0109,Books,3557.59,3496.44,85,0.17,0,0,5,0,88,94,368
2023-05-29 23:00:00,P0099,Clothing,212.91,239.7,394,0.788,0,0,5,0,101,97,399
2023-05-30 00:00:00,P0168,Electronics,1516.06,1401.64,23,0.046,1,0,5,0,97,95,389
2023-05-30 01:00:00,P0142,Electronics,4361.06,4492.53,44,0.088,1,0,5,1,75,77,305
2023-05-30 02:00:00,P0035,Books,140.71,124.3,457,0.914,1,0,5,0,88,100,336
2023-05-30 03:00:00,P0176,Groceries,2749.0,2623.04,110,0.22,1,0,5,0,82,85,302
2023-05-30 04:00:00,P0084,Groceries,3652.74,4175.14,289,0.578,1,0,5,0,75,66,271
2023-05-30 05:00:00,P0056,Groceries,3128.19,2772.81,394,0.788,1,0,5,0,81,77,320
2023-05-30 06:00:00,P0177,Groceries,3814.63,4288.01,184,0.368,1,0,5,0,67,65,256
2023-05-30 07:00:00,P0141,Groceries,3642.17,3325.84,234,0.468,1,0,5,1,80,86,329
2023-05-30 08:00:00,P0189,Books,3475.55,2828.39,156,0.312,1,0,5,0,95,93,396
2023-05-30 09:00:00,P0049,Furniture,4116.62,3474.32,405,0.81,1,0,5,1,73,76,292
2023-05-30 10:00:00,P0046,Clothing,3246.17,3565.44,160,0.32,1,0,5,0,88,97,360
2023-05-30 11:00:00,P0113,Groceries,2041.97,1847.63,199,0.398,1,0,5,0,98,86,397
2023-05-30 12:00:00,P0190,Furniture,2385.95,2533.06,121,0.242,1,0,5,0,78,84,281
2023-05-30 13:00:00,P0136,Electronics,3597.79,3884.46,432,0.864,1,0,5,0,62,67,265
2023-05-30 14:00:00,P0043,Books,4387.71,4115.88,223,0.446,1,0,5,0,76,83,277
2023-05-30 15:00:00,P0148,Furniture,1397.48,1383.46,487,0.974,1,0,5,0,96,109,377
2023-05-30 16:00:00,P0124,Groceries,1743.28,1676.18,364,0.728,1,0,5,0,100,94,369
2023-05-30 17:00:00,P0097,Groceries,4657.16,5490.51,22,0.044,1,0,5,0,85,83,351
2023-05-30 18:00:00,P0090,Groceries,2913.63,2703.79,196,0.392,1,0,5,0,82,76,317
2023-05-30 19:00:00,P0039,Furniture,935.86,817.31,478,0.956,1,0,5,1,102,97,373
2023-05-30 20:00:00,P0085,Groceries,3335.29,3155.98,284,0.568,1,0,5,0,87,83,316
2023-05-30 21:00:00,P0177,Furniture,4954.27,5290.2,5,0.01,1,0,5,0,83,92,315
2023-05-30 22:00:00,P0192,Groceries,4126.1,4451.84,307,0.614,1,0,5,0,84,73,347
2023-05-30 23:00:00,P0062,Electronics,3741.42,4376.05,344,0.688,1,0,5,0,72,66,301
2023-05-31 00:00:00,P0106,Electronics,1079.83,1244.72,88,0.176,2,0,5,0,106,110,392
2023-05-31 01:00:00,P0107,Clothing,4386.89,4015.44,478,0.956,2,0,5,0,67,72,249
2023-05-31 02:00:00,P0054,Groceries,2652.65,2605.08,377,0.754,2,0,5,0,76,81,310
2023-05-31 03:00:00,P0126,Groceries,4451.99,4892.33,397,0.794,2,0,5,0,74,64,323
2023-05-31 04:00:00,P0009,Furniture,1682.65,1963.0,272,0.544,2,0,5,0,92,91,372
2023-05-31 05:00:00,P0088,Furniture,357.15,333.89,463,0.926,2,0,5,0,110,100,459
2023-05-31 06:00:00,P0037,Groceries,2406.08,2352.61,283,0.566,2,0,5,0,101,116,410
2023-05-31 07:00:00,P0049,Clothing,1385.7,1607.12,264,0.528,2,0,5,0,95,109,350
2023-05-31 08:00:00,P0041,Groceries,3590.38,3387.14,114,0.228,2,0,5,0,68,59,296
2023-05-31 09:00:00,P0017,Furniture,4787.68,4750.36,123,0.246,2,0,5,0,71,75,260
2023-05-31 10:00:00,P0088,Groceries,3470.32,4031.82,449,0.898,2,0,5,0,84,92,353
2023-05-31 11:00:00,P0021,Furniture,4440.32,4977.14,259,0.518,2,0,5,0,80,76,351
2023-05-31 12:00:00,P0051,Groceries,2292.47,2057.2,403,0.806,2,0,5,0,84,89,324
2023-05-31 13:00:00,P0059,Books,3869.62,3598.43,168,0.336,2,0,5,0,79,72,295
2023-05-31 14:00:00,P0167,Furniture,4223.07,3974.68,35,0.07,2,0,5,0,77,68,312
2023-05-31 15:00:00,P0183,Clothing,3568.83,4158.03,228,0.456,2,0,5,0,75,85,318
2023-05-31 16:00:00,P0041,Books,2563.5,3075.11,133,0.266,2,0,5,0,76,79,331
2023-05-31 17:00:00,P0039,Groceries,3148.04,3493.07,243,0.486,2,0,5,0,87,95,361
2023-05-31 18:00:00,P0141,Furniture,3517.51,3495.46,64,0.128,2,0,5,0,80,81,309
2023-05-31 19:00:00,P0192,Books,1302.77,1047.52,236,0.472,2,0,5,0,101,91,404
2023-05-31 20:00:00,P0011,Clothing,4057.42,4377.94,433,0.866,2,0,5,1,74,71,311
2023-05-31 21:00:00,P0147,Furniture,4754.11,4543.71,447,0.894,2,0,5,0,69,77,292
2023-05-31 22:00:00,P0139,Books,2352.93,2478.09,2,0.004,2,0,5,1,91,78,333
2023-05-31 23:00:00,P0077,Books,3520.28,3670.52,499,0.998,2,0,5,0,65,59,266
2023-06-01 00:00:00,P0127,Books,3698.28,3669.92,36,0.072,3,0,6,0,88,81,385
2023-06-01 01:00:00,P0046,Electronics,3328.13,3919.72,108,0.216,3,0,6,0,90,84,381
2023-06-01 02:00:00,P0045,Groceries,2758.22,2232.11,489,0.978,3,0,6,0,74,65,267
2023-06-01 03:00:00,P0001,Furniture,4414.16,4788.71,249,0.498,3,0,6,0,78,86,295
2023-06-01 04:00:00,P0168,Furniture,2272.19,2190.25,2,0.004,3,0,6,0,98,88,388
2023-06-01 05:00:00,P0108,Furniture,352.46,382.6,234,0.468,3,0,6,0,100,110,417
2023-06-01 06:00:00,P0019,Books,4230.55,4527.06,416,0.832,3,0,6,0,62,59,251
2023-06-01 07:00:00,P0076,Groceries,3386.21,2722.84,442,0.884,3,0,6,0,78,77,286
2023-06-01 08:00:00,P0072,Clothing,4253.83,3888.58,250,0.5,3,0,6,0,74,73,310
2023-06-01 09:00:00,P0200,Furniture,735.81,644.3,142,0.284,3,0,6,0,112,119,478
2023-06-01 10:00:00,P0189,Groceries,202.23,175.29,247,0.494,3,0,6,0,96,103,361
2023-06-01 11:00:00,P0109,Groceries,4675.15,5102.42,55,0.11,3,0,6,0,57,59,208
2023-06-01 12:00:00,P0012,Electronics,781.26,699.87,60,0.12,3,0,6,0,117,127,495
2023-06-01 13:00:00,P0189,Furniture,4057.78,4016.78,67,0.134,3,0,6,0,89,76,366
2023-06-01 14:00:00,P0161,Books,4124.89,3707.43,78,0.156,3,0,6,0,66,66,280
2023-06-01 15:00:00,P0045,Groceries,3558.09,3672.28,326,0.652,3,0,6,0,73,74,296
2023-06-01 16:00:00,P0090,Groceries,699.75,761.49,366,0.732,3,0,6,1,126,116,497
2023-06-01 17:00:00,P0103,Clothing,3353.62,3127.02,195,0.39,3,0,6,0,87,88,380
2023-06-01 18:00:00,P0197,Electronics,4450.98,4634.4,445,0.89,3,0,6,0,74,73,313
2023-06-01 19:00:00,P0008,Groceries,2156.38,2436.58,194,0.388,3,0,6,0,108,107,424
2023-06-01 20:00:00,P0153,Groceries,2096.91,1756.56,22,0.044,3,0,6,0,94,83,407
2023-06-01 21:00:00,P0091,Books,2242.15,2431.09,13,0.026,3,0,6,0,121,119,532
2023-06-01 22:00:00,P0174,Books,457.25,424.9,389,0.778,3,0,6,0,83,90,319
2023-06-01 23:00:00,P0087,Clothing,4465.53,3791.5,288,0.576,3,0,6,0,73,71,315
2023-06-02 00:00:00,P0158,Clothing,4352.46,4431.94,8,0.016,4,0,6,0,81,81,295
2023-06-02 01:00:00,P0175,Clothing,4989.65,4443.31,139,0.278,4,0,6,0,61,70,230
2023-06-02 02:00:00,P0177,Books,2946.66,3325.44,241,0.482,4,0,6,0,78,87,291
2023-06-02 03:00:00,P0175,Books,3768.4,3079.38,252,0.504,4,0,6,0,72,81,280
2023-06-02 04:00:00,P0084,Electronics,1053.23,884.15,226,0.452,4,0,6,0,87,76,352
2023-06-02 05:00:00,P0082,Furniture,3354.27,3382.44,372,0.744,4,0,6,0,66,68,276
2023-06-02 06:00:00,P0146,Furniture,3266.18,3382.38,94,0.188,4,0,6,0,83,76,359
2023-06-02 07:00:00,P0194,Electronics,4510.98,4925.79,178,0.356,4,0,6,0,69,67,257
2023-06-02 08:00:00,P0068,Furniture,4162.42,3761.6,2,0.004,4,0,6,0,75,79,305
2023-06-02 09:00:00,P0161,Books,4695.41,5337.29,183,0.366,4,0,6,0,76,78,307
2023-06-02 10:00:00,P0127,Furniture,4350.73,5139.33,45,0.09,4,0,6,0,71,71,282
2023-06-02 11:00:00,P0164,Books,4350.03,4348.36,291,0.582,4,0,6,0,73,80,303
2023-06-02 12:00:00,P0082,Electronics,365.43,403.51,140,0.28,4,0,6,0,111,117,445
2023-06-02 13:00:00,P0147,Clothing,4237.51,4279.63,12,0.024,4,0,6,0,77,84,311
2023-06-02 14:00:00,P0156,Electronics,3057.02,2530.56,185,0.37,4,0,6,0,73,82,316
2023-06-02 15:00:00,P0168,Furniture,1933.2,1798.74,481,0.962,4,0,6,0,84,89,360
2023-06-02 16:00:00,P0084,Books,329.75,275.34,84,0.168,4,0,6,0,106,103,431
2023-06-02 17:00:00,P0113,Furniture,3404.49,4070.24,417,0.834,4,0,6,1,82,75,305
2023-06-02 18:00:00,P0076,Furniture,1674.6,1493.09,489,0.978,4,0,6,0,93,87,406
2023-06-02 19:00:00,P0122,Clothing,2365.49,2494.08,42,0.084,4,0,6,0,90,87,369
2023-06-02 20:00:00,P0143,Furniture,3424.56,3129.15,383,0.766,4,0,6,0,69,74,293
2023-06-02 21:00:00,P0041,Clothing,4563.28,4843.0,155,0.31,4,0,6,0,66,57,241
2023-06-02 22:00:00,P0167,Books,4135.91,3656.81,183,0.366,4,0,6,1,74,81,319
2023-06-02 23:00:00,P0002,Books,2280.46,2540.68,46,0.092,4,0,6,0,107,115,445
2023-06-03 00:00:00,P0191,Clothing,1969.53,1662.92,418,0.836,5,1,6,0,112,112,465
2023-06-03 01:00:00,P0029,Electronics,1236.91,1432.42,205,0.41,5,1,6,0,85,82,313
2023-06-03 02:00:00,P0105,Books,1893.51,2151.35,209,0.418,5,1,6,0,125,110,521
2023-06-03 03:00:00,P0194,Electronics,599.68,642.57,274,0.548,5,1,6,0,118,111,432
2023-06-03 04:00:00,P0051,Books,4856.97,4016.55,82,0.164,5,1,6,0,71,63,259
2023-06-03 05:00:00,P0075,Books,2890.89,2553.89,96,0.192,5,1,6,1,102,112,394
2023-06-03 06:00:00,P0010,Groceries,682.64,780.77,178,0.356,5,1,6,0,113,113,409
2023-06-03 07:00:00,P0142,Furniture,1796.39,1524.76,354,0.708,5,1,6,0,121,112,451
2023-06-03 08:00:00,P0051,Furniture,2757.84,2378.29,147,0.294,5,1,6,0,96,82,401
2023-06-03 09:00:00,P0118,Electronics,2687.78,2735.09,284,0.568,5,1,6,0,89,90,380
2023-06-03 10:00:00,P0121,Furniture,225.74,205.35,383,0.766,5,1,6,1,143,154,535
2023-06-03 11:00:00,P0039,Electronics,4756.66,4227.86,71,0.142,5,1,6,0,87,94,371
2023-06-03 12:00:00,P0028,Books,1413.11,1455.96,216,0.432,5,1,6,0,108,99,430
2023-06-03 13:00:00,P0003,Groceries,130.11,123.48,208,0.416,5,1,6,0,151,173,659
2023-06-03 14:00:00,P0084,Groceries,428.4,366.81,320,0.64,5,1,6,0,135,138,501
2023-06-03 15:00:00,P0198,Books,2921.96,2962.7,293,0.586,5,1,6,0,90,85,328
2023-06-03 16:00:00,P0155,Clothing,732.04,698.96,432,0.864,5,1,6,0,102,99,436
2023-06-03 17:00:00,P0117,Clothing,256.54,280.61,123,0.246,5,1,6,0,131,116,510
2023-06-03 18:00:00,P0002,Furniture,1929.15,1622.61,349,0.698,5,1,6,0,101,101,401
2023-06-03 19:00:00,P0093,Electronics,3132.67,3283.81,155,0.31,5,1,6,0,91,98,365
2023-06-03 20:00:00,P0166,Groceries,603.61,588.28,32,0.064,5,1,6,0,130,126,554
2023-06-03 21:00:00,P0131,Furniture,1600.97,1540.81,268,0.536,5,1,6,0,129,143,472
2023-06-03 22:00:00,P0144,Books,2117.92,1891.12,215,0.43,5,1,6,0,118,117,477
2023-06-03 23:00:00,P0094,Groceries,839.33,681.68,427,0.854,5,1,6,0,115,129,454
2023-06-04 00:00:00,P0040,Electronics,2555.07,2910.42,100,0.2,6,1,6,0,103,109,399
2023-06-04 01:00:00,P0002,Electronics,471.81,439.05,469,0.938,6,1,6,0,111,96,431
2023-06-04 02:00:00,P0081,Clothing,280.27,300.57,179,0.358,6,1,6,0,136,118,591
2023-06-04 03:00:00,P0169,Furniture,2623.19,3092.83,126,0.252,6,1,6,0,111,121,423
2023-06-04 04:00:00,P0012,Books,1277.09,1310.29,332,0.664,6,1,6,0,111,106,440
2023-06-04 05:00:00,P0163,Groceries,522.1,500.62,487,0.974,6,1,6,0,123,112,491
2023-06-04 06:00:00,P0065,Electronics,2148.37,1949.24,459,0.918,6,1,6,0,86,95,359
2023-06-04 07:00:00,P0055,Groceries,4579.95,5375.11,376,0.752,6,1,6,0,84,96,337
2023-06-04 08:00:00,P0045,Books,3634.75,3899.47,168,0.336,6,1,6,0,98,107,402
2023-06-04 09:00:00,P0101,Groceries,4087.3,4357.52,304,0.608,6,1,6,0,72,77,282
2023-06-04 10:00:00,P0062,Furniture,4365.97,4237.01,365,0.73,6,1,6,0,74,63,309
2023-06-04 11:00:00,P0049,Clothing,4864.51,5535.91,134,0.268,6,1,6,0,93,82,369
2023-06-04 12:00:00,P0127,Groceries,3828.07,4155.25,291,0.582,6,1,6,0,91,96,344
2023-06-04 13:00:00,P0153,Clothing,3061.62,2796.1,92,0.184,6,1,6,0,100,97,425
2023-06-04 14:00:00,P0023,Books,1858.86,1932.9,220,0.44,6,1,6,0,112,96,472
2023-06-04 15:00:00,P0152,Clothing,949.13,922.63,409,0.818,6,1,6,0,110,118,451
2023-06-04 16:00:00,P0038,Groceries,3448.97,2768.27,154,0.308,6,1,6,0,98,96,394
2023-06-04 17:00:00,P0028,Groceries,4975.0,5587.17,279,0.558,6,1,6,0,82,86,309
2023-06-04 18:00:00,P0021,Electronics,2363.43,2006.86,478,0.956,6,1,6,0,111,110,477
2023-06-04 19:00:00,P0182,Groceries,3632.21,3646.67,198,0.396,6,1,6,0,83,71,305
2023-06-04 20:00:00,P0107,Clothing,2500.71,2336.89,336,0.672,6,1,6,0,109,113,426
2023-06-04 21:00:00,P0146,Electronics,2188.07,2049.86,240,0.48,6,1,6,1,101,110,432
2023-06-04 22:00:00,P0164,Groceries,2081.01,2062.17,416,0.832,6,1,6,1,87,78,355
2023-06-04 23:00:00,P0099,Groceries,2547.89,3054.43,97,0.194,6,1,6,0,120,134,474
2023-06-05 00:00:00,P0173,Books,1866.13,1797.74,249,0.498,0,0,6,1,87,79,368
2023-06-05 01:00:00,P0119,Electronics,3756.43,3279.11,401,0.802,0,0,6,0,80,78,351
2023-06-05 02:00:00,P0073,Books,4377.65,4576.58,104,0.208,0,0,6,0,83,84,311
2023-06-05 03:00:00,P0181,Books,4420.28,3954.01,260,0.52,0,0,6,0,85,80,309
2023-06-05 04:00:00,P0122,Books,1177.11,991.39,128,0.256,0,0,6,0,117,117,465
2023-06-05 05:00:00,P0030,Furniture,4484.75,3677.81,326,0.652,0,0,6,0,78,83,299
2023-06-05 06:00:00,P0188,Books,1740.68,1408.48,377,0.754,0,0,6,0,101,107,417
2023-06-05 07:00:00,P0108,Clothing,1581.07,1537.54,481,0.962,0,0,6,1,90,101,360
2023-06-05 08:00:00,P0098,Groceries,3647.44,3540.53,258,0.516,0,0,6,0,88,98,352
2023-06-05 09:00:00,P0032,Furniture,1558.25,1362.25,291,0.582,0,0,6,1,92,105,357
2023-06-05 10:00:00,P0195,Books,312.18,347.65,418,0.836,0,0,6,0,94,97,354
2023-06-05 11:00:00,P0195,Groceries,1899.41,1617.74,434,0.868,0,0,6,0,92,89,347
2023-06-05 12:00:00,P0156,Electronics,3621.25,4222.84,376,0.752,0,0,6,0,84,77,328
2023-06-05 13:00:00,P0172,Electronics,1668.44,1726.89,139,0.278,0,0,6,0,97,90,402
2023-06-05 14:00:00,P0079,Groceries,3166.32,2568.03,14,0.028,0,0,6,0,86,77,333
2023-06-05 15:00:00,P0041,Clothing,3317.59,3931.97,387,0.774,0,0,6,0,66,70,255
2023-06-05 16:00:00,P0063,Groceries,3681.99,3399.13,183,0.366,0,0,6,0,73,76,288
2023-06-05 17:00:00,P0023,Groceries,4490.8,4400.94,480,0.96,0,0,6,0,60,56,264
2023-06-05 18:00:00,P0104,Furniture,2191.19,2002.11,15,0.03,0,0,6,0,111,124,408
2023-06-05 19:00:00,P0075,Electronics,873.84,953.68,220,0.44,0,0,6,0,99,101,380
2023-06-05 20:00:00,P0048,Electronics,1628.68,1619.35,389,0.778,0,0,6,0,95,83,364
2023-06-05 21:00:00,P0160,Books,2189.23,1867.3,62,0.124,0,0,6,1,82,71,359
2023-06-05 22:00:00,P0057,Groceries,3583.76,3016.38,240,0.48,0,0,6,0,89,79,349
2023-06-05 23:00:00,P0118,Groceries,114.95,125.31,484,0.968,0,0,6,0,102,93,413
2023-06-06 00:00:00,P0100,Clothing,1613.14,1443.49,278,0.556,1,0,6,0,82,92,308
2023-06-06 01:00:00,P0124,Electronics,3910.22,3343.7,332,0.664,1,0,6,0,70,76,253
2023-06-06 02:00:00,P0161,Clothing,3370.75,3369.98,427,0.854,1,0,6,0,69,63,267
2023-06-06 03:00:00,P0152,Furniture,3672.11,4116.82,256,0.512,1,0,6,0,79,73,325
2023-06-06 04:00:00,P0167,Books,4068.46,3708.45,184,0.368,1,0,6,0,73,76,303
2023-06-06 05:00:00,P0034,Clothing,3927.02,3575.84,75,0.15,1,0,6,0,78,87,328
2023-06-06 06:00:00,P0184,Electronics,3426.81,3884.47,26,0.052,1,0,6,0,79,75,339
2023-06-06 07:00:00,P0156,Furniture,2226.32,1912.71,24,0.048,1,0,6,0,86,87,318
2023-06-06 08:00:00,P0165,Groceries,4918.81,5148.47,341,0.682,1,0,6,0,70,78,257
2023-06-06 09:00:00,P0007,Furniture,2866.91,3388.7,61,0.122,1,0,6,0,100,108,423
2023-06-06 10:00:00,P0196,Clothing,1053.71,1197.56,481,0.962,1,0,6,0,86,96,340
2023-06-06 11:00:00,P0165,Electronics,1499.42,1236.61,145,0.29,1,0,6,0,106,99,462
2023-06-06 12:00:00,P0056,Clothing,3483.13,3232.22,232,0.464,1,0,6,0,73,77,318
2023-06-06 13:00:00,P0065,Groceries,4627.46,3965.5,463,0.926,1,0,6,0,69,61,256
2023-06-06 14:00:00,P0193,Groceries,934.66,1102.61,348,0.696,1,0,6,0,97,100,403
2023-06-06 15:00:00,P0047,Electronics,457.62,546.57,285,0.57,1,0,6,0,97,91,354
2023-06-06 16:00:00,P0148,Books,4413.58,3945.73,413,0.826,1,0,6,0,60,64,235
2023-06-06 17:00:00,P0019,Furniture,4580.63,4891.56,83,0.166,1,0,6,0,82,73,350
2023-06-06 18:00:00,P0157,Furniture,1418.08,1611.86,174,0.348,1,0,6,0,86,90,341
2023-06-06 19:00:00,P0188,Groceries,1917.56,1713.29,405,0.81,1,0,6,0,87,92,316
2023-06-06 20:00:00,P0146,Clothing,3317.93,2903.43,380,0.76,1,0,6,0,62,69,235
2023-06-06 21:00:00,P0163,Clothing,1683.15,1354.07,169,0.338,1,0,6,0,89,94,327
2023-06-06 22:00:00,P0171,Books,4391.94,4237.28,289,0.578,1,0,6,0,61,61,240
2023-06-06 23:00:00,P0126,Clothing,582.51,675.58,446,0.892,1,0,6,0,74,80,308
2023-06-07 00:00:00,P0139,Furniture,238.01,276.38,3,0.006,2,0,6,0,111,104,458
2023-06-07 01:00:00,P0049,Clothing,1082.01,920.9,497,0.994,2,0,6,0,88,93,367
2023-06-07 02:00:00,P0113,Books,1466.13,1292.75,286,0.572,2,0,6,0,85,91,332
2023-06-07 03:00:00,P0038,Furniture,608.99,586.59,306,0.612,2,0,6,1,96,93,366
2023-06-07 04:00:00,P0064,Clothing,375.17,417.28,49,0.098,2,0,6,0,112,128,408
2023-06-07 05:00:00,P0069,Furniture,3790.26,3959.84,269,0.538,2,0,6,0,62,59,270
2023-06-07 06:00:00,P0136,Groceries,863.17,867.95,7,0.014,2,0,6,0,112,98,414
2023-06-07 07:00:00,P0162,Groceries,4573.91,4742.11,356,0.712,2,0,6,0,71,67,266
2023-06-07 08:00:00,P0176,Groceries,1871.6,1569.3,68,0.136,2,0,6,0,103,91,373
2023-06-07 09:00:00,P0116,Clothing,3369.5,3339.4,391,0.782,2,0,6,0,79,75,304
2023-06-07 10:00:00,P0184,Books,1165.74,1395.19,138,0.276,2,0,6,0,102,91,434
2023-06-07 11:00:00,P0065,Furniture,1239.6,1035.54,247,0.494,2,0,6,0,103,101,398
2023-06-07 12:00:00,P0031,Electronics,2894.81,2917.1,28,0.056,2,0,6,0,101,109,417
2023-06-07 13:00:00,P0132,Groceries,2825.18,2594.25,182,0.364,2,0,6,0,109,95,477
2023-06-07 14:00:00,P0113,Groceries,3855.21,3916.76,212,0.424,2,0,6,0,69,70,298
2023-06-07 15:00:00,P0109,Electronics,3801.18,3913.42,422,0.844,2,0,6,0,66,57,247
2023-06-07 16:00:00,P0178,Electronics,3369.9,3474.33,396,0.792,2,0,6,0,69,77,268
2023-06-07 17:00:00,P0069,Clothing,2273.2,2593.46,319,0.638,2,0,6,0,99,112,416
2023-06-07 18:00:00,P0158,Furniture,4458.67,4262.04,304,0.608,2,0,6,0,80,80,351
2023-06-07 19:00:00,P0120,Groceries,3131.76,3152.25,18,0.036,2,0,6,0,96,104,401
2023-06-07 20:00:00,P0088,Books,4951.48,3982.83,382,0.764,2,0,6,0,55,57,209
2023-06-07 21:00:00,P0187,Clothing,4105.88,4581.42,450,0.9,2,0,6,0,66,63,245
2023-06-07 22:00:00,P0067,Clothing,269.33,243.42,225,0.45,2,0,6,0,112,103,448
2023-06-07 23:00:00,P0075,Books,1636.94,1844.21,229,0.458,2,0,6,0,100,108,375
2023-06-08 00:00:00,P0045,Books,2880.78,2610.72,338,0.676,3,0,6,0,98,96,371
2023-06-08 01:00:00,P0004,Books,3621.27,2912.64,95,0.19,3,0,6,0,91,102,374
2023-06-08 02:00:00,P0154,Electronics,2774.17,2391.15,494,0.988,3,0,6,0,86,98,345
2023-06-08 03:00:00,P0155,Groceries,3941.35,4707.05,483,0.966,3,0,6,0,66,60,244
2023-06-08 04:00:00,P0174,Electronics,1449.15,1344.7,114,0.228,3,0,6,0,106,108,395
2023-06-08 05:00:00,P0107,Groceries,960.36,810.09,358,0.716,3,0,6,1,82,83,296
2023-06-08 06:00:00,P0192,Electronics,316.89,268.57,179,0.358,3,0,6,0,111,123,419
2023-06-08 07:00:00,P0051,Furniture,2887.9,2668.82,372,0.744,3,0,6,0,82,87,353
2023-06-08 08:00:00,P0050,Groceries,3458.57,2818.94,77,0.154,3,0,6,0,74,76,313
2023-06-08 09:00:00,P0006,Clothing,1664.44,1672.09,326,0.652,3,0,6,0,90,95,354
2023-06-08 10:00:00,P0059,Groceries,3087.24,2733.74,275,0.55,3,0,6,0,94,91,394
2023-06-08 11:00:00,P0125,Groceries,308.18,310.56,351,0.702,3,0,6,0,103,117,404
2023-06-08 12:00:00,P0143,Groceries,541.5,463.69,365,0.73,3,0,6,0,107,93,453
2023-06-08 13:00:00,P0030,Furniture,3523.69,3424.83,181,0.362,3,0,6,0,100,86,375
2023-06-08 14:00:00,P0170,Electronics,1871.95,1945.27,94,0.188,3,0,6,0,94,92,350
2023-06-08 15:00:00,P0122,Clothing,3373.1,2782.13,85,0.17,3,0,6,0,92,82,337
2023-06-08 16:00:00,P0125,Electronics,4167.02,3998.25,388,0.776,3,0,6,0,68,69,258
2023-06-08 17:00:00,P0037,Electronics,4270.48,3933.15,94,0.188,3,0,6,0,85,72,316
2023-06-08 18:00:00,P0170,Books,902.23,808.53,334,0.668,3,0,6,0,99,98,420
2023-06-08 19:00:00,P0124,Furniture,2457.11,2559.85,491,0.982,3,0,6,0,89,84,337
2023-06-08 20:00:00,P0101,Books,3682.94,3813.38,445,0.89,3,0,6,0,82,75,329
2023-06-08 21:00:00,P0035,Furniture,3881.2,4084.11,144,0.288,3,0,6,0,77,76,324
2023-06-08 22:00:00,P0087,Electronics,3934.15,3397.35,247,0.494,3,0,6,0,83,92,344
2023-06-08 23:00:00,P0134,Electronics,1179.43,1078.33,180,0.36,3,0,6,0,85,89,320
2023-06-09 00:00:00,P0196,Furniture,1003.05,886.57,292,0.584,4,0,6,0,101,91,370
2023-06-09 01:00:00,P0018,Electronics,2970.56,3018.69,18,0.036,4,0,6,0,103,103,446
2023-06-09 02:00:00,P0113,Electronics,3718.37,3660.46,137,0.274,4,0,6,0,100,113,410
2023-06-09 03:00:00,P0029,Clothing,1629.74,1519.11,43,0.086,4,0,6,0,90,88,375
2023-06-09 04:00:00,P0077,Books,568.29,633.31,225,0.45,4,0,6,0,94,93,367
2023-06-09 05:00:00,P0059,Books,3597.89,3013.55,432,0.864,4,0,6,0,69,78,262
2023-06-09 06:00:00,P0175,Books,1533.5,1824.8,344,0.688,4,0,6,0,95,85,382
2023-06-09 07:00:00,P0126,Groceries,873.5,739.52,36,0.072,4,0,6,0,103,110,377
2023-06-09 08:00:00,P0145,Clothing,781.23,866.56,313,0.626,4,0,6,0,110,103,466
2023-06-09 09:00:00,P0109,Books,1608.8,1524.0,219,0.438,4,0,6,0,94,104,388
2023-06-09 10:00:00,P0022,Books,2983.76,3419.7,127,0.254,4,0,6,0,81,70,341
2023-06-09 11:00:00,P0068,Clothing,1824.09,1513.39,142,0.284,4,0,6,0,87,100,353
2023-06-09 12:00:00,P0069,Electronics,152.28,144.65,403,0.806,4,0,6,0,103,111,418
2023-06-09 13:00:00,P0165,Books,529.7,494.83,182,0.364,4,0,6,0,113,106,461
2023-06-09 14:00:00,P0049,Electronics,1487.99,1781.52,396,0.792,4,0,6,0,100,108,423
2023-06-09 15:00:00,P0141,Books,3315.54,3959.48,403,0.806,4,0,6,0,73,82,276
2023-06-09 16:00:00,P0162,Furniture,537.65,470.94,42,0.084,4,0,6,0,119,105,493
2023-06-09 17:00:00,P0109,Groceries,2825.25,2972.1,478,0.956,4,0,6,1,90,101,364
2023-06-09 18:00:00,P0086,Books,643.44,652.58,209,0.418,4,0,6,0,119,114,476
2023-06-09 19:00:00,P0053,Furniture,1097.5,945.77,424,0.848,4,0,6,0,90,77,363
2023-06-09 20:00:00,P0123,Clothing,902.33,782.42,47,0.094,4,0,6,0,117,103,447
2023-06-09 21:00:00,P0087,Furniture,382.78,457.69,311,0.622,4,0,6,0,102,114,370
2023-06-09 22:00:00,P0179,Clothing,3373.08,3309.3,219,0.438,4,0,6,0,78,89,328
2023-06-09 23:00:00,P0131,Books,2343.85,1993.02,366,0.732,4,0,6,0,78,87,338
2023-06-10 00:00:00,P0042,Clothing,4163.71,3688.7,195,0.39,5,1,6,0,101,99,402
2023-06-10 01:00:00,P0098,Furniture,539.51,489.52,471,0.942,5,1,6,0,103,117,440
2023-06-10 02:00:00,P0160,Groceries,766.43,769.78,171,0.342,5,1,6,0,120,117,485
2023-06-10 03:00:00,P0109,Electronics,1566.97,1463.89,236,0.472,5,1,6,0,90,80,391
2023-06-10 04:00:00,P0051,Electronics,3841.04,3771.92,456,0.912,5,1,6,0,90,86,361
2023-06-10 05:00:00,P0085,Groceries,1563.51,1354.94,174,0.348,5,1,6,0,113,130,425
2023-06-10 06:00:00,P0174,Electronics,2071.67,1928.09,433,0.866,5,1,6,0,110,114,473
2023-06-10 07:00:00,P0127,Books,1542.94,1277.75,499,0.998,5,1,6,0,104,99,441
2023-06-10 08:00:00,P0021,Books,447.11,516.81,31,0.062,5,1,6,0,133,138,521
2023-06-10 09:00:00,P0044,Furniture,4700.2,4133.83,223,0.446,5,1,6,0,86,84,368
2023-06-10 10:00:00,P0139,Furniture,2765.27,3049.43,53,0.106,5,1,6,0,105,91,379
2023-06-10 11:00:00,P0103,Clothing,3949.77,3712.08,422,0.844,5,1,6,0,66,60,280
2023-06-10 12:00:00,P0068,Furniture,3308.87,3274.98,468,0.936,5,1,6,0,88,75,365
2023-06-10 13:00:00,P0129,Books,2595.56,2378.84,185,0.37,5,1,6,0,114,106,445
2023-06-10 14:00:00,P0092,Furniture,493.91,532.72,491,0.982,5,1,6,0,101,108,428
2023-06-10 15:00:00,P0191,Electronics,3231.53,3676.89,233,0.466,5,1,6,0,74,67,274
2023-06-10 16:00:00,P0024,Clothing,819.08,749.06,316,0.632,5,1,6,0,107,108,403
2023-06-10 17:00:00,P0125,Clothing,2101.2,1884.54,230,0.46,5,1,6,0,109,116,439
2023-06-10 18:00:00,P0141,Books,3164.11,3393.75,109,0.218,5,1,6,0,88,89,379
2023-06-10 19:00:00,P0111,Furniture,3922.03,3443.78,474,0.948,5,1,6,0,79,68,293
2023-06-10 20:00:00,P0098,Electronics,3440.97,3633.44,366,0.732,5,1,6,0,91,87,369
2023-06-10 21:00:00,P0139,Furniture,3374.09,2826.72,99,0.198,5,1,6,0,89,87,374
2023-06-10 22:00:00,P0179,Groceries,787.76,825.62,199,0.398,5,1,6,0,136,130,570
2023-06-10 23:00:00,P0017,Furniture,1763.34,1772.8,210,0.42,5,1,6,0,118,120,484
2023-06-11 00:00:00,P0099,Books,262.42,221.89,220,0.44,6,1,6,0,113,113,492
2023-06-11 01:00:00,P0082,Furniture,3611.41,3826.8,402,0.804,6,1,6,0,91,82,363
2023-06-11 02:00:00,P0104,Clothing,4765.3,4663.43,324,0.648,6,1,6,0,70,75,301
2023-06-11 03:00:00,P0152,Electronics,1357.35,1203.76,149,0.298,6,1,6,0,111,100,455
2023-06-11 04:00:00,P0019,Books,484.1,455.71,162,0.324,6,1,6,0,126,124,528
2023-06-11 05:00:00,P0165,Groceries,2404.07,2396.48,393,0.786,6,1,6,0,105,113,417
2023-06-11 06:00:00,P0085,Electronics,4290.66,3589.66,142,0.284,6,1,6,0,86,91,321
2023-06-11 07:00:00,P0008,Electronics,2782.27,3291.55,257,0.514,6,1,6,0,102,100,376
2023-06-11 08:00:00,P0028,Clothing,281.55,300.2,244,0.488,6,1,6,0,142,154,589
2023-06-11 09:00:00,P0005,Clothing,4872.65,4097.97,489,0.978,6,1,6,0,72,77,281
2023-06-11 10:00:00,P0145,Clothing,4151.82,4688.01,149,0.298,6,1,6,0,82,79,332
2023-06-11 11:00:00,P0101,Books,701.39,651.61,111,0.222,6,1,6,0,134,150,562
2023-06-11 12:00:00,P0164,Furniture,4612.9,4791.51,98,0.196,6,1,6,0,80,71,338
2023-06-11 13:00:00,P0118,Electronics,2280.91,2077.58,102,0.204,6,1,6,0,106,101,425
2023-06-11 14:00:00,P0147,Furniture,1890.9,2067.44,210,0.42,6,1,6,1,115,122,443
2023-06-11 15:00:00,P0064,Furniture,2332.21,2540.25,494,0.988,6,1,6,0,99,110,418
2023-06-11 16:00:00,P0091,Clothing,4181.13,4268.17,11,0.022,6,1,6,0,90,85,354
2023-06-11 17:00:00,P0117,Furniture,3314.42,2970.95,380,0.76,6,1,6,0,86,88,374
2023-06-11 18:00:00,P0098,Electronics,343.28,309.46,225,0.45,6,1,6,0,147,125,626
2023-06-11 19:00:00,P0011,Electronics,4790.14,4565.7,445,0.89,6,1,6,0,57,55,239
2023-06-11 20:00:00,P0054,Groceries,781.53,670.56,300,0.6,6,1,6,0,121,115,459
2023-06-11 21:00:00,P0173,Books,3740.56,3497.66,441,0.882,6,1,6,1,83,92,323
2023-06-11 22:00:00,P0047,Furniture,3198.88,3434.77,147,0.294,6,1,6,0,94,82,402
2023-06-11 23:00:00,P0140,Books,978.26,1107.72,178,0.356,6,1,6,0,123,107,445
2023-06-12 00:00:00,P0149,Books,895.12,835.18,6,0.012,0,0,6,0,100,98,423
2023-06-12 01:00:00,P0139,Books,4358.12,3893.7,151,0.302,0,0,6,0,65,63,255
2023-06-12 02:00:00,P0005,Books,2127.49,2410.57,322,0.644,0,0,6,0,98,88,415
2023-06-12 03:00:00,P0184,Electronics,3290.15,3804.34,69,0.138,0,0,6,0,81,75,327
2023-06-12 04:00:00,P0020,Furniture,2545.15,2453.55,352,0.704,0,0,6,0,83,95,334
2023-06-12 05:00:00,P0169,Groceries,3650.4,2959.6,52,0.104,0,0,6,0,65,65,270
2023-06-12 06:00:00,P0046,Books,2422.25,2611.15,161,0.322,0,0,6,0,76,67,323
2023-06-12 07:00:00,P0012,Groceries,1472.53,1639.83,416,0.832,0,0,6,0,93,80,386
2023-06-12 08:00:00,P0070,Electronics,1848.75,1492.33,92,0.184,0,0,6,0,110,95,436
2023-06-12 09:00:00,P0017,Electronics,4302.43,4465.98,150,0.3,0,0,6,0,70,68,270
2023-06-12 10:00:00,P0115,Clothing,2366.77,2450.43,57,0.114,0,0,6,0,111,123,475
2023-06-12 11:00:00,P0147,Books,1106.57,1052.88,195,0.39,0,0,6,0,115,126,462
2023-06-12 12:00:00,P0154,Clothing,4676.3,5143.49,324,0.648,0,0,6,0,73,70,309
2023-06-12 13:00:00,P0048,Groceries,3993.17,3878.45,481,0.962,0,0,6,0,76,82,334
2023-06-12 14:00:00,P0108,Furniture,325.55,348.57,207,0.414,0,0,6,0,123,132,506
2023-06-12 15:00:00,P0052,Clothing,4994.77,5028.97,423,0.846,0,0,6,0,59,59,226
2023-06-12 16:00:00,P0096,Electronics,3489.89,3138.76,302,0.604,0,0,6,0,74,72,318
2023-06-12 17:00:00,P0070,Books,843.32,879.25,298,0.596,0,0,6,0,108,98,412
2023-06-12 18:00:00,P0183,Groceries,1223.98,1339.97,444,0.888,0,0,6,0,81,76,308
2023-06-12 19:00:00,P0102,Electronics,3477.61,4136.83,425,0.85,0,0,6,0,77,73,282
2023-06-12 20:00:00,P0075,Furniture,3909.82,3722.32,61,0.122,0,0,6,0,84,92,308
2023-06-12 21:00:00,P0161,Books,1233.23,1018.39,194,0.388,0,0,6,0,108,110,463
2023-06-12 22:00:00,P0190,Furniture,1322.0,1580.04,54,0.108,0,0,6,0,111,101,420
2023-06-12 23:00:00,P0151,Furniture,1570.25,1648.01,362,0.724,0,0,6,0,80,70,295
2023-06-13 00:00:00,P0143,Books,3010.19,3547.75,48,0.096,1,0,6,1,74,74,287
2023-06-13 01:00:00,P0155,Books,900.49,757.79,105,0.21,1,0,6,0,108,113,450
2023-06-13 02:00:00,P0192,Furniture,566.0,530.24,432,0.864,1,0,6,1,122,134,472
2023-06-13 03:00:00,P0179,Groceries,3410.38,2911.01,77,0.154,1,0,6,0,77,84,296
2023-06-13 04:00:00,P0181,Books,3906.53,4430.8,374,0.748,1,0,6,0,70,77,279
2023-06-13 05:00:00,P0082,Electronics,2529.6,2914.45,416,0.832,1,0,6,0,85,84,307
2023-06-13 06:00:00,P0092,Clothing,1850.97,1851.94,283,0.566,1,0,6,0,88,98,351
2023-06-13 07:00:00,P0179,Groceries,2188.61,1914.25,56,0.112,1,0,6,0,104,102,457
2023-06-13 08:00:00,P0175,Books,1972.62,1678.4,168,0.336,1,0,6,1,102,92,432
2023-06-13 09:00:00,P0004,Books,4801.93,4971.27,375,0.75,1,0,6,0,75,73,274
2023-06-13 10:00:00,P0135,Groceries,3852.05,3861.87,375,0.75,1,0,6,0,77,73,318
2023-06-13 11:00:00,P0109,Clothing,1080.03,1164.18,206,0.412,1,0,6,0,99,96,393
2023-06-13 12:00:00,P0163,Furniture,1951.74,1799.67,259,0.518,1,0,6,0,101,106,430
2023-06-13 13:00:00,P0048,Electronics,2742.86,2635.74,275,0.55,1,0,6,1,85,89,313
2023-06-13 14:00:00,P0073,Books,3084.28,2493.78,372,0.744,1,0,6,0,76,70,288
2023-06-13 15:00:00,P0072,Clothing,2367.51,2471.82,344,0.688,1,0,6,0,83,78,351
2023-06-13 16:00:00,P0116,Electronics,4060.13,3935.31,162,0.324,1,0,6,0,73,75,312
2023-06-13 17:00:00,P0173,Groceries,3849.65,4496.03,243,0.486,1,0,6,1,85,74,342
2023-06-13 18:00:00,P0081,Books,2550.53,2695.18,249,0.498,1,0,6,0,97,102,351
2023-06-13 19:00:00,P0081,Furniture,4279.43,4106.02,308,0.616,1,0,6,0,73,66,315
2023-06-13 20:00:00,P0113,Groceries,3767.89,3411.58,38,0.076,1,0,6,0,79,87,309
2023-06-13 21:00:00,P0096,Books,3903.98,4536.87,308,0.616,1,0,6,1,75,73,272
2023-06-13 22:00:00,P0072,Clothing,4784.18,3858.47,120,0.24,1,0,6,0,66,60,281
2023-06-13 23:00:00,P0147,Electronics,1369.01,1274.23,85,0.17,1,0,6,0,103,108,405
2023-06-14 00:00:00,P0063,Electronics,1374.86,1618.76,98,0.196,2,0,6,0,88,89,330
2023-06-14 01:00:00,P0038,Books,4450.31,4724.51,373,0.746,2,0,6,0,67,60,284
2023-06-14 02:00:00,P0067,Groceries,3872.52,3923.2,245,0.49,2,0,6,0,83,91,329
2023-06-14 03:00:00,P0187,Furniture,4636.4,4086.59,494,0.988,2,0,6,0,60,59,245
2023-06-14 04:00:00,P0069,Clothing,362.49,410.83,347,0.694,2,0,6,0,114,102,485
2023-06-14 05:00:00,P0013,Books,3157.4,2783.82,393,0.786,2,0,6,0,83,90,333
2023-06-14 06:00:00,P0175,Clothing,765.91,688.78,207,0.414,2,0,6,0,109,97,402
2023-06-14 07:00:00,P0189,Electronics,2544.29,2230.68,112,0.224,2,0,6,1,87,99,380
2023-06-14 08:00:00,P0031,Furniture,820.95,708.69,470,0.94,2,0,6,0,86,84,329
2023-06-14 09:00:00,P0114,Clothing,683.99,808.01,82,0.164,2,0,6,0,121,129,532
2023-06-14 10:00:00,P0022,Books,110.23,114.73,64,0.128,2,0,6,0,103,102,371
2023-06-14 11:00:00,P0093,Furniture,3169.68,3344.44,0,0.0,2,0,6,0,86,78,343
2023-06-14 12:00:00,P0171,Groceries,1827.16,2159.21,436,0.872,2,0,6,0,90,97,375
2023-06-14 13:00:00,P0067,Books,570.68,509.18,173,0.346,2,0,6,0,134,126,580
2023-06-14 14:00:00,P0054,Clothing,1648.05,1322.34,249,0.498,2,0,6,0,102,108,431
2023-06-14 15:00:00,P0138,Furniture,886.27,921.33,409,0.818,2,0,6,0,90,83,342
2023-06-14 16:00:00,P0042,Books,4711.39,4726.17,225,0.45,2,0,6,0,69,64,262
2023-06-14 17:00:00,P0064,Furniture,1634.02,1619.41,385,0.77,2,0,6,0,89,88,346
2023-06-14 18:00:00,P0126,Furniture,1703.07,1404.61,283,0.566,2,0,6,0,97,106,358
2023-06-14 19:00:00,P0021,Furniture,4207.3,4130.62,83,0.166,2,0,6,0,85,88,352
2023-06-14 20:00:00,P0194,Clothing,3256.39,2979.67,489,0.978,2,0,6,1,70,61,305
2023-06-14 21:00:00,P0169,Books,3565.35,3243.85,238,0.476,2,0,6,0,81,87,333
2023-06-14 22:00:00,P0152,Electronics,3198.21,2843.06,410,0.82,2,0,6,0,85,87,342
2023-06-14 23:00:00,P0035,Electronics,4733.67,4416.57,27,0.054,2,0,6,0,65,67,260
2023-06-15 00:00:00,P0184,Clothing,1074.65,1011.52,379,0.758,3,0,6,0,95,91,387
2023-06-15 01:00:00,P0030,Clothing,4945.74,4567.44,286,0.572,3,0,6,0,63,64,263
2023-06-15 02:00:00,P0057,Furniture,4163.23,4960.49,430,0.86,3,0,6,0,68,65,288
2023-06-15 03:00:00,P0047,Books,2965.41,3478.7,390,0.78,3,0,6,0,62,54,258
2023-06-15 04:00:00,P0163,Books,3328.74,3427.95,327,0.654,3,0,6,0,73,81,304
2023-06-15 05:00:00,P0019,Groceries,3261.69,3889.31,479,0.958,3,0,6,0,59,62,257
2023-06-15 06:00:00,P0114,Groceries,339.06,405.68,458,0.916,3,0,6,0,88,92,380
2023-06-15 07:00:00,P0008,Electronics,1129.18,1064.11,303,0.606,3,0,6,0,99,90,422
2023-06-15 08:00:00,P0026,Groceries,4809.28,4703.84,281,0.562,3,0,6,0,70,73,254
2023-06-15 09:00:00,P0113,Groceries,2695.1,3189.99,182,0.364,3,0,6,0,85,78,351
2023-06-15 10:00:00,P0071,Electronics,1922.85,2006.4,344,0.688,3,0,6,0,71,75,281
2023-06-15 11:00:00,P0030,Electronics,3822.09,3383.21,134,0.268,3,0,6,0,75,71,307
2023-06-15 12:00:00,P0135,Groceries,2646.37,2846.84,467,0.934,3,0,6,0,70,63,290
2023-06-15 13:00:00,P0067,Books,115.16,101.61,360,0.72,3,0,6,0,102,114,426
2023-06-15 14:00:00,P0065,Groceries,3694.38,3456.99,56,0.112,3,0,6,0,84,74,361
2023-06-15 15:00:00,P0036,Furniture,3674.48,3274.05,114,0.228,3,0,6,0,68,73,294
2023-06-15 16:00:00,P0025,Furniture,867.49,779.0,185,0.37,3,0,6,0,101,89,413
2023-06-15 17:00:00,P0037,Furniture,4785.47,3837.29,477,0.954,3,0,6,0,49,52,211
2023-06-15 18:00:00,P0001,Clothing,1158.35,1334.75,375,0.75,3,0,6,0,93,82,392
2023-06-15 19:00:00,P0143,Furniture,2315.86,2126.88,0,0.0,3,0,6,1,96,96,361
2023-06-15 20:00:00,P0037,Books,617.94,515.7,337,0.674,3,0,6,0,86,78,312
2023-06-15 21:00:00,P0141,Clothing,3036.25,2534.65,455,0.91,3,0,6,0,66,73,238
2023-06-15 22:00:00,P0136,Clothing,1908.48,1951.24,28,0.056,3,0,6,0,119,115,484
2023-06-15 23:00:00,P0133,Furniture,1798.21,2152.76,231,0.462,3,0,6,0,98,84,394
2023-06-16 00:00:00,P0188,Groceries,4143.54,3555.19,149,0.298,4,0,6,0,71,74,295
2023-06-16 01:00:00,P0128,Electronics,97.33,81.74,479,0.958,4,0,6,0,97,95,415
2023-06-16 02:00:00,P0127,Groceries,3999.84,3901.13,423,0.846,4,0,6,0,62,69,231
2023-06-16 03:00:00,P0001,Groceries,2878.67,2951.59,189,0.378,4,0,6,0,88,86,377
2023-06-16 04:00:00,P0164,Clothing,4931.19,4525.61,269,0.538,4,0,6,0,65,63,239
2023-06-16 05:00:00,P0035,Clothing,2967.74,2733.31,247,0.494,4,0,6,0,90,89,388
2023-06-16 06:00:00,P0194,Clothing,324.13,314.34,385,0.77,4,0,6,0,112,124,479
2023-06-16 07:00:00,P0191,Books,300.69,278.34,418,0.836,4,0,6,0,114,117,474
2023-06-16 08:00:00,P0104,Books,4421.61,5156.18,326,0.652,4,0,6,0,75,79,288
2023-06-16 09:00:00,P0023,Electronics,4214.01,3441.93,194,0.388,4,0,6,0,73,78,268
2023-06-16 10:00:00,P0009,Clothing,1762.16,1575.07,380,0.76,4,0,6,0,78,88,329
2023-06-16 11:00:00,P0034,Furniture,3109.26,3493.01,254,0.508,4,0,6,0,80,88,302
2023-06-16 12:00:00,P0174,Clothing,2473.48,2803.9,78,0.156,4,0,6,0,93,105,368
2023-06-16 13:00:00,P0128,Books,4837.46,4085.83,362,0.724,4,0,6,0,67,64,270
2023-06-16 14:00:00,P0004,Clothing,4752.31,5652.9,97,0.194,4,0,6,0,68,62,282
2023-06-16 15:00:00,P0158,Books,4920.0,5300.52,149,0.298,4,0,6,0,61,56,243
2023-06-16 16:00:00,P0102,Clothing,4338.92,3944.24,273,0.546,4,0,6,0,73,81,303
2023-06-16 17:00:00,P0075,Furniture,4552.28,4472.23,301,0.602,4,0,6,0,85,93,361
2023-06-16 18:00:00,P0099,Electronics,1125.53,1034.2,337,0.674,4,0,6,0,111,116,463
2023-06-16 19:00:00,P0072,Furniture,4163.48,3580.63,446,0.892,4,0,6,0,76,66,292
2023-06-16 20:00:00,P0003,Books,3558.84,3261.57,122,0.244,4,0,6,0,79,75,341
2023-06-16 21:00:00,P0142,Groceries,4815.79,4970.07,97,0.194,4,0,6,0,66,71,267
2023-06-16 22:00:00,P0188,Furniture,2877.75,3252.97,163,0.326,4,0,6,1,94,87,373
2023-06-16 23:00:00,P0173,Clothing,471.58,445.84,45,0.09,4,0,6,0,128,133,520
2023-06-17 00:00:00,P0034,Electronics,3007.12,2824.17,358,0.716,5,1,6,0,90,91,359
2023-06-17 01:00:00,P0045,Clothing,3448.58,3404.44,238,0.476,5,1,6,0,87,81,366
2023-06-17 02:00:00,P0061,Clothing,1140.59,1206.54,229,0.458,5,1,6,0,110,124,433
2023-06-17 03:00:00,P0083,Furniture,2000.86,2202.24,292,0.584,5,1,6,0,107,99,452
2023-06-17 04:00:00,P0123,Electronics,3012.59,2803.88,243,0.486,5,1,6,0,96,107,404
2023-06-17 05:00:00,P0102,Groceries,1901.82,1967.51,17,0.034,5,1,6,0,117,118,447
2023-06-17 06:00:00,P0016,Clothing,1905.99,1821.64,170,0.34,5,1,6,0,124,109,456
2023-06-17 07:00:00,P0066,Electronics,708.78,770.13,359,0.718,5,1,6,0,125,138,535
2023-06-17 08:00:00,P0168,Groceries,4706.7,4075.39,156,0.312,5,1,6,0,80,87,299
2023-06-17 09:00:00,P0145,Clothing,3764.95,3398.88,203,0.406,5,1,6,0,90,99,326
2023-06-17 10:00:00,P0119,Electronics,56.16,54.5,145,0.29,5,1,6,0,144,150,565
2023-06-17 11:00:00,P0162,Furniture,3839.79,4437.9,478,0.956,5,1,6,0,85,90,323
2023-06-17 12:00:00,P0124,Clothing,3711.99,3820.86,142,0.284,5,1,6,0,108,121,408
2023-06-17 13:00:00,P0144,Clothing,98.17,116.45,186,0.372,5,1,6,0,137,122,512
2023-06-17 14:00:00,P0102,Electronics,1879.54,1581.28,487,0.974,5,1,6,0,101,88,424
2023-06-17 15:00:00,P0188,Clothing,3053.4,3004.76,121,0.242,5,1,6,0,95,84,402
2023-06-17 16:00:00,P0066,Groceries,2291.12,2216.96,349,0.698,5,1,6,0,84,93,306
2023-06-17 17:00:00,P0194,Clothing,3901.03,4057.39,99,0.198,5,1,6,0,102,104,412
2023-06-17 18:00:00,P0013,Books,2156.02,2425.06,283,0.566,5,1,6,0,115,104,426
2023-06-17 19:00:00,P0184,Groceries,811.62,922.47,436,0.872,5,1,6,0,125,112,500
2023-06-17 20:00:00,P0111,Electronics,4883.26,5215.7,14,0.028,5,1,6,0,73,72,283
2023-06-17 21:00:00,P0159,Groceries,1248.1,1318.76,383,0.766,5,1,6,0,113,124,425
2023-06-17 22:00:00,P0034,Books,3602.58,4249.65,42,0.084,5,1,6,1,90,98,392
2023-06-17 23:00:00,P0039,Books,758.62,723.33,288,0.576,5,1,6,0,116,128,506
2023-06-18 00:00:00,P0195,Clothing,1678.61,1902.06,385,0.77,6,1,6,0,88,95,357
2023-06-18 01:00:00,P0136,Clothing,2238.04,2615.38,186,0.372,6,1,6,0,99,86,371
2023-06-18 02:00:00,P0120,Furniture,1001.55,998.16,7,0.014,6,1,6,0,125,133,508
2023-06-18 03:00:00,P0126,Groceries,2277.3,2485.99,111,0.222,6,1,6,1,113,114,491
2023-06-18 04:00:00,P0055,Furniture,827.96,787.23,32,0.064,6,1,6,1,137,146,535
2023-06-18 05:00:00,P0027,Books,2817.08,2432.69,418,0.836,6,1,6,0,107,106,397
2023-06-18 06:00:00,P0118,Clothing,3335.38,3450.79,401,0.802,6,1,6,0,87,87,361
2023-06-18 07:00:00,P0053,Clothing,359.05,315.46,89,0.178,6,1,6,0,124,110,512
2023-06-18 08:00:00,P0039,Clothing,4362.1,4288.12,495,0.99,6,1,6,0,78,87,281
2023-06-18 09:00:00,P0065,Electronics,966.45,1110.6,148,0.296,6,1,6,0,125,120,535
2023-06-18 10:00:00,P0145,Books,1165.54,972.54,447,0.894,6,1,6,0,95,97,392
2023-06-18 11:00:00,P0158,Clothing,3323.68,2699.4,411,0.822,6,1,6,0,77,70,289
2023-06-18 12:00:00,P0181,Books,2370.32,2471.27,211,0.422,6,1,6,0,128,123,461
2023-06-18 13:00:00,P0013,Clothing,2522.01,2351.58,115,0.23,6,1,6,0,109,121,477
2023-06-18 14:00:00,P0021,Groceries,684.37,661.91,172,0.344,6,1,6,0,133,121,559
2023-06-18 15:00:00,P0147,Books,4038.39,3886.08,19,0.038,6,1,6,1,98,89,381
2023-06-18 16:00:00,P0053,Furniture,3104.42,2591.1,378,0.756,6,1,6,0,95,88,375
2023-06-18 17:00:00,P0019,Electronics,720.14,577.14,131,0.262,6,1,6,0,140,143,564
2023-06-18 18:00:00,P0057,Furniture,1901.3,2204.31,291,0.582,6,1,6,0,129,130,539
2023-06-18 19:00:00,P0025,Books,4061.53,3603.06,353,0.706,6,1,6,0,87,79,325
2023-06-18 20:00:00,P0031,Clothing,2863.36,2778.7,236,0.472,6,1,6,0,99,105,372
2023-06-18 21:00:00,P0081,Books,587.81,698.77,76,0.152,6,1,6,0,141,158,513
2023-06-18 22:00:00,P0183,Electronics,1895.25,2142.97,222,0.444,6,1,6,0,106,96,465
2023-06-18 23:00:00,P0023,Books,1251.34,1055.1,435,0.87,6,1,6,0,93,98,400
2023-06-19 00:00:00,P0032,Clothing,2611.45,2620.35,125,0.25,0,0,6,0,97,100,392
2023-06-19 01:00:00,P0190,Furniture,4224.64,4613.44,38,0.076,0,0,6,0,71,67,280
2023-06-19 02:00:00,P0074,Groceries,2209.52,2384.86,326,0.652,0,0,6,0,81,84,307
2023-06-19 03:00:00,P0010,Furniture,2195.04,2424.06,208,0.416,0,0,6,0,80,73,326
2023-06-19 04:00:00,P0200,Clothing,4531.49,4454.37,105,0.21,0,0,6,0,55,61,228
2023-06-19 05:00:00,P0054,Clothing,2902.12,2525.92,139,0.278,0,0,6,0,76,65,316
2023-06-19 06:00:00,P0052,Electronics,2852.65,2812.57,248,0.496,0,0,6,0,86,88,310
2023-06-19 07:00:00,P0148,Books,1346.45,1426.1,54,0.108,0,0,6,0,118,112,491
2023-06-19 08:00:00,P0160,Books,3058.23,3191.07,117,0.234,0,0,6,0,82,91,352
2023-06-19 09:00:00,P0114,Furniture,2900.76,2402.44,349,0.698,0,0,6,0,76,76,281
2023-06-19 10:00:00,P0014,Groceries,2014.41,1663.86,175,0.35,0,0,6,0,94,103,395
2023-06-19 11:00:00,P0178,Groceries,4953.94,5875.88,353,0.706,0,0,6,0,63,71,268
2023-06-19 12:00:00,P0156,Electronics,4415.36,3800.4,469,0.938,0,0,6,0,65,62,248
2023-06-19 13:00:00,P0110,Clothing,3760.45,3451.28,212,0.424,0,0,6,0,86,96,359
2023-06-19 14:00:00,P0053,Electronics,2709.86,2999.96,264,0.528,0,0,6,0,83,89,305
2023-06-19 15:00:00,P0152,Books,2337.2,2252.76,139,0.278,0,0,6,0,88,78,363
2023-06-19 16:00:00,P0079,Clothing,965.24,842.25,464,0.928,0,0,6,0,94,83,377
2023-06-19 17:00:00,P0022,Electronics,1563.4,1542.91,463,0.926,0,0,6,0,95,104,407
2023-06-19 18:00:00,P0030,Furniture,3881.11,3988.15,324,0.648,0,0,6,0,95,94,376
2023-06-19 19:00:00,P0191,Books,2296.06,2252.68,338,0.676,0,0,6,0,102,102,402
2023-06-19 20:00:00,P0004,Groceries,4417.23,5157.46,440,0.88,0,0,6,0,68,76,296
2023-06-19 21:00:00,P0059,Electronics,782.16,714.8,283,0.566,0,0,6,0,97,109,422
2023-06-19 22:00:00,P0008,Books,2566.32,2731.93,272,0.544,0,0,6,0,86,76,312
2023-06-19 23:00:00,P0012,Books,3252.48,2748.08,21,0.042,0,0,6,0,82,79,327
2023-06-20 00:00:00,P0119,Groceries,2608.4,2496.01,418,0.836,1,0,6,0,83,93,309
2023-06-20 01:00:00,P0159,Groceries,4451.67,4880.8,368,0.736,1,0,6,0,70,77,267
2023-06-20 02:00:00,P0034,Groceries,4948.34,4403.66,186,0.372,1,0,6,0,72,77,298
2023-06-20 03:00:00,P0082,Electronics,623.38,645.76,206,0.412,1,0,6,0,85,75,315
2023-06-20 04:00:00,P0098,Groceries,693.28,597.17,146,0.292,1,0,6,0,98,102,354
2023-06-20 05:00:00,P0127,Furniture,695.1,584.64,494,0.988,1,0,6,0,108,111,452
2023-06-20 06:00:00,P0075,Books,3421.83,3453.63,433,0.866,1,0,6,0,66,59,271
2023-06-20 07:00:00,P0105,Groceries,1894.75,2027.39,153,0.306,1,0,6,0,89,96,385
2023-06-20 08:00:00,P0049,Books,3679.91,3110.8,107,0.214,1,0,6,0,79,75,319
2023-06-20 09:00:00,P0079,Clothing,2057.08,2400.84,315,0.63,1,0,6,0,102,106,444
2023-06-20 10:00:00,P0185,Clothing,3156.65,2810.39,299,0.598,1,0,6,0,86,82,352
2023-06-20 11:00:00,P0093,Groceries,3860.8,3273.92,439,0.878,1,0,6,0,69,60,270
2023-06-20 12:00:00,P0154,Books,2763.67,2435.01,482,0.964,1,0,6,0,75,76,307
2023-06-20 13:00:00,P0018,Clothing,2720.54,2360.96,298,0.596,1,0,6,0,79,74,332
2023-06-20 14:00:00,P0096,Groceries,486.76,407.06,150,0.3,1,0,6,0,96,84,372
2023-06-20 15:00:00,P0038,Books,2083.37,2331.57,457,0.914,1,0,6,0,78,71,304
2023-06-20 16:00:00,P0087,Groceries,2751.6,2746.69,405,0.81,1,0,6,0,95,98,390
2023-06-20 17:00:00,P0088,Books,2336.81,2232.61,174,0.348,1,0,6,0,106,93,420
2023-06-20 18:00:00,P0050,Clothing,4508.87,5321.6,54,0.108,1,0,6,1,73,64,294
2023-06-20 19:00:00,P0008,Groceries,4537.33,4303.22,266,0.532,1,0,6,0,66,75,289
2023-06-20 20:00:00,P0169,Clothing,4118.49,3569.86,310,0.62,1,0,6,0,80,71,291
2023-06-20 21:00:00,P0134,Groceries,1907.73,1735.3,153,0.306,1,0,6,0,91,88,375
2023-06-20 22:00:00,P0069,Electronics,3600.63,3224.68,384,0.768,1,0,6,0,79,70,343
2023-06-20 23:00:00,P0172,Clothing,2006.68,2005.67,499,0.998,1,0,6,1,75,85,284
2023-06-21 00:00:00,P0121,Clothing,1201.34,1101.15,483,0.966,2,0,6,0,93,92,351
2023-06-21 01:00:00,P0064,Furniture,1747.37,1758.6,189,0.378,2,0,6,0,92,81,358
2023-06-21 02:00:00,P0157,Clothing,401.27,428.44,148,0.296,2,0,6,0,115,124,421
2023-06-21 03:00:00,P0156,Books,1692.3,1880.01,7,0.014,2,0,6,0,117,127,474
2023-06-21 04:00:00,P0139,Groceries,2330.67,2526.59,147,0.294,2,0,6,0,87,97,358
2023-06-21 05:00:00,P0121,Electronics,4779.63,4216.76,172,0.344,2,0,6,0,62,66,264
2023-06-21 06:00:00,P0065,Books,1601.38,1355.34,80,0.16,2,0,6,0,99,86,362
2023-06-21 07:00:00,P0107,Books,4517.15,4593.85,78,0.156,2,0,6,0,85,86,336
2023-06-21 08:00:00,P0147,Books,1182.85,1040.39,468,0.936,2,0,6,0,93,90,393
2023-06-21 09:00:00,P0137,Books,995.3,830.05,320,0.64,2,0,6,0,98,105,413
2023-06-21 10:00:00,P0155,Electronics,2619.03,2647.41,59,0.118,2,0,6,0,104,107,381
2023-06-21 11:00:00,P0162,Furniture,3378.93,3144.83,450,0.9,2,0,6,0,78,83,282
2023-06-21 12:00:00,P0172,Clothing,269.44,297.05,94,0.188,2,0,6,0,140,127,592
2023-06-21 13:00:00,P0196,Books,1144.28,1059.23,311,0.622,2,0,6,0,87,85,323
2023-06-21 14:00:00,P0100,Clothing,2305.63,2747.13,127,0.254,2,0,6,0,94,92,382
2023-06-21 15:00:00,P0082,Clothing,1688.47,1863.07,121,0.242,2,0,6,0,86,98,316
2023-06-21 16:00:00,P0143,Books,3577.47,2944.53,286,0.572,2,0,6,1,69,59,265
2023-06-21 17:00:00,P0051,Furniture,2580.24,2589.4,340,0.68,2,0,6,0,96,105,358
2023-06-21 18:00:00,P0141,Clothing,843.78,864.92,86,0.172,2,0,6,0,99,87,415
2023-06-21 19:00:00,P0083,Groceries,4477.6,4827.39,381,0.762,2,0,6,0,78,68,323
2023-06-21 20:00:00,P0177,Clothing,1499.88,1498.56,80,0.16,2,0,6,0,91,86,337
2023-06-21 21:00:00,P0198,Books,3669.1,3644.8,21,0.042,2,0,6,0,83,88,303
2023-06-21 22:00:00,P0112,Electronics,3910.58,3704.01,251,0.502,2,0,6,0,67,71,266
2023-06-21 23:00:00,P0056,Clothing,4817.63,4377.22,189,0.378,2,0,6,0,74,77,278
2023-06-22 00:00:00,P0179,Furniture,2517.61,2966.95,311,0.622,3,0,6,0,88,95,317
2023-06-22 01:00:00,P0165,Groceries,3098.39,2872.33,85,0.17,3,0,6,0,99,91,377
2023-06-22 02:00:00,P0145,Groceries,1707.64,1409.43,483,0.966,3,0,6,0,94,98,355
2023-06-22 03:00:00,P0186,Electronics,3406.99,2953.57,378,0.756,3,0,6,0,77,80,319
2023-06-22 04:00:00,P0157,Electronics,2343.75,2678.7,455,0.91,3,0,6,0,84,88,360
2023-06-22 05:00:00,P0161,Clothing,2216.38,2293.19,366,0.732,3,0,6,0,76,78,288
2023-06-22 06:00:00,P0060,Books,4284.56,4762.34,7,0.014,3,0,6,0,82,75,310
2023-06-22 07:00:00,P0120,Furniture,298.34,335.19,317,0.634,3,0,6,0,104,117,407
2023-06-22 08:00:00,P0183,Groceries,4415.71,4986.64,333,0.666,3,0,6,0,74,85,277
2023-06-22 09:00:00,P0138,Electronics,4267.75,4354.15,229,0.458,3,0,6,0,78,82,340
2023-06-22 10:00:00,P0175,Furniture,2556.51,2226.33,151,0.302,3,0,6,0,85,84,323
2023-06-22 11:00:00,P0023,Books,2476.5,2128.04,277,0.554,3,0,6,0,81,82,298
2023-06-22 12:00:00,P0149,Groceries,1840.95,1895.43,14,0.028,3,0,6,0,103,91,417
2023-06-22 13:00:00,P0013,Groceries,4971.16,4705.73,467,0.934,3,0,6,0,59,57,238
2023-06-22 14:00:00,P0101,Books,600.29,614.23,474,0.948,3,0,6,1,82,94,337
2023-06-22 15:00:00,P0161,Groceries,2971.57,2969.76,411,0.822,3,0,6,1,71,72,311
2023-06-22 16:00:00,P0024,Books,3424.32,3564.3,405,0.81,3,0,6,0,83,85,320
2023-06-22 17:00:00,P0108,Groceries,4674.93,3799.99,286,0.572,3,0,6,0,71,81,276
2023-06-22 18:00:00,P0011,Clothing,3912.01,3180.99,456,0.912,3,0,6,0,70,78,271
2023-06-22 19:00:00,P0017,Books,3237.04,3523.96,247,0.494,3,0,6,0,92,94,377
2023-06-22 20:00:00,P0196,Furniture,628.22,551.11,254,0.508,3,0,6,1,104,97,425
2023-06-22 21:00:00,P0175,Clothing,1899.98,2015.65,445,0.89,3,0,6,0,93,82,374
2023-06-22 22:00:00,P0025,Furniture,737.27,751.01,342,0.684,3,0,6,0,100,111,389
2023-06-22 23:00:00,P0094,Groceries,4412.0,5262.27,324,0.648,3,0,6,1,70,79,276
2023-06-23 00:00:00,P0021,Furniture,3760.62,4265.15,364,0.728,4,0,6,0,97,97,411
2023-06-23 01:00:00,P0084,Clothing,3799.81,3667.78,166,0.332,4,0,6,0,73,64,298
2023-06-23 02:00:00,P0140,Books,3278.67,3431.34,80,0.16,4,0,6,0,91,94,380
2023-06-23 03:00:00,P0037,Electronics,2559.87,2167.99,295,0.59,4,0,6,0,91,87,348
2023-06-23 04:00:00,P0042,Furniture,792.36,756.35,68,0.136,4,0,6,0,122,109,528
2023-06-23 05:00:00,P0145,Electronics,1681.99,1839.35,182,0.364,4,0,6,1,97,109,352
2023-06-23 06:00:00,P0101,Furniture,727.73,763.44,326,0.652,4,0,6,0,121,112,493
2023-06-23 07:00:00,P0048,Furniture,3638.32,3615.72,63,0.126,4,0,6,0,80,85,340
2023-06-23 08:00:00,P0103,Books,843.13,734.04,263,0.526,4,0,6,0,98,96,421
2023-06-23 09:00:00,P0028,Groceries,3525.46,3952.95,326,0.652,4,0,6,0,83,91,320
2023-06-23 10:00:00,P0041,Clothing,3476.66,3161.21,85,0.17,4,0,6,0,95,101,377
2023-06-23 11:00:00,P0099,Clothing,2323.56,2621.42,43,0.086,4,0,6,0,84,75,305
2023-06-23 12:00:00,P0047,Clothing,719.38,751.5,293,0.586,4,0,6,0,94,93,398
2023-06-23 13:00:00,P0146,Groceries,1608.26,1526.39,372,0.744,4,0,6,1,93,86,344
2023-06-23 14:00:00,P0105,Electronics,1634.46,1334.12,148,0.296,4,0,6,1,105,112,414
2023-06-23 15:00:00,P0124,Clothing,3516.91,3140.49,259,0.518,4,0,6,0,89,90,391
2023-06-23 16:00:00,P0199,Electronics,613.03,708.43,415,0.83,4,0,6,0,99,94,429
2023-06-23 17:00:00,P0013,Groceries,4153.89,4682.22,310,0.62,4,0,6,0,80,76,309
2023-06-23 18:00:00,P0141,Groceries,3816.99,3931.28,348,0.696,4,0,6,0,60,53,227
2023-06-23 19:00:00,P0100,Books,972.22,959.12,443,0.886,4,0,6,0,83,76,316
2023-06-23 20:00:00,P0031,Clothing,3609.86,3822.33,58,0.116,4,0,6,0,84,89,348
2023-06-23 21:00:00,P0130,Books,3359.14,3313.79,93,0.186,4,0,6,0,94,97,393
2023-06-23 22:00:00,P0016,Clothing,3753.2,3969.84,322,0.644,4,0,6,0,73,70,275
2023-06-23 23:00:00,P0137,Groceries,985.2,909.3,4,0.008,4,0,6,0,107,118,406
2023-06-24 00:00:00,P0073,Groceries,830.07,942.46,82,0.164,5,1,6,1,130,129,502
2023-06-24 01:00:00,P0166,Furniture,1220.6,1319.18,327,0.654,5,1,6,0,108,118,426
2023-06-24 02:00:00,P0054,Furniture,1861.06,1734.49,382,0.764,5,1,6,0,117,127,507
2023-06-24 03:00:00,P0184,Groceries,3978.64,4504.88,36,0.072,5,1,6,0,94,104,340
2023-06-24 04:00:00,P0100,Groceries,3702.72,3683.97,478,0.956,5,1,6,0,102,113,419
2023-06-24 05:00:00,P0109,Electronics,4630.99,4028.29,26,0.052,5,1,6,0,87,92,373
2023-06-24 06:00:00,P0087,Electronics,340.22,282.75,12,0.024,5,1,6,0,129,139,539
2023-06-24 07:00:00,P0173,Books,107.2,115.76,489,0.978,5,1,6,0,116,126,438
2023-06-24 08:00:00,P0162,Furniture,3510.74,4023.48,389,0.778,5,1,6,0,96,86,382
2023-06-24 09:00:00,P0137,Furniture,1432.47,1608.63,64,0.128,5,1,6,0,118,111,511
2023-06-24 10:00:00,P0008,Groceries,1703.69,1809.76,413,0.826,5,1,6,0,74,65,273
2023-06-24 11:00:00,P0007,Groceries,2756.67,2361.23,202,0.404,5,1,6,0,96,87,421
2023-06-24 12:00:00,P0036,Books,556.94,466.5,179,0.358,5,1,6,0,95,103,353
2023-06-24 13:00:00,P0018,Furniture,3231.34,3031.04,296,0.592,5,1,6,0,97,110,360
2023-06-24 14:00:00,P0003,Electronics,1659.48,1895.07,478,0.956,5,1,6,0,89,94,378
2023-06-24 15:00:00,P0028,Clothing,3181.94,3769.63,463,0.926,5,1,6,0,87,97,371
2023-06-24 16:00:00,P0070,Books,4178.33,3746.06,270,0.54,5,1,6,1,71,67,258
2023-06-24 17:00:00,P0172,Clothing,897.0,991.04,388,0.776,5,1,6,0,111,123,415
2023-06-24 18:00:00,P0149,Electronics,4657.82,4795.45,14,0.028,5,1,6,0,88,84,384
2023-06-24 19:00:00,P0028,Electronics,2676.91,2175.59,0,0.0,5,1,6,0,103,115,394
2023-06-24 20:00:00,P0054,Clothing,4618.49,4697.77,270,0.54,5,1,6,0,79,86,285
2023-06-24 21:00:00,P0182,Books,1078.26,1210.21,483,0.966,5,1,6,0,88,101,335
2023-06-24 22:00:00,P0065,Clothing,3042.59,2770.12,443,0.886,5,1,6,0,89,98,373
2023-06-24 23:00:00,P0100,Books,2049.24,2374.96,47,0.094,5,1,6,0,106,103,459
2023-06-25 00:00:00,P0021,Books,3882.4,3472.82,181,0.362,6,1,6,0,90,79,335
2023-06-25 01:00:00,P0013,Groceries,3049.25,2532.67,486,0.972,6,1,6,0,86,96,325
2023-06-25 02:00:00,P0057,Furniture,2497.85,2158.08,182,0.364,6,1,6,0,101,103,399
2023-06-25 03:00:00,P0049,Furniture,4569.28,5185.22,327,0.654,6,1,6,0,75,83,315
2023-06-25 04:00:00,P0118,Electronics,1916.73,1853.33,372,0.744,6,1,6,0,105,101,433
2023-06-25 05:00:00,P0054,Groceries,1138.9,1274.18,213,0.426,6,1,6,0,136,117,525
2023-06-25 06:00:00,P0138,Furniture,3060.1,3098.33,26,0.052,6,1,6,0,102,88,373
2023-06-25 07:00:00,P0053,Books,3138.94,3114.53,225,0.45,6,1,6,0,101,106,384
2023-06-25 08:00:00,P0044,Books,2223.52,2496.49,157,0.314,6,1,6,0,124,110,468
2023-06-25 09:00:00,P0047,Clothing,2458.72,2383.47,459,0.918,6,1,6,0,98,105,354
2023-06-25 10:00:00,P0053,Clothing,4799.79,5379.67,59,0.118,6,1,6,0,90,88,394
2023-06-25 11:00:00,P0074,Books,3676.79,3089.48,65,0.13,6,1,6,1,87,89,331
2023-06-25 12:00:00,P0046,Books,597.48,630.06,173,0.346,6,1,6,0,128,140,546
2023-06-25 13:00:00,P0013,Clothing,1100.04,1189.18,498,0.996,6,1,6,0,109,101,435
2023-06-25 14:00:00,P0165,Furniture,4879.1,5657.99,51,0.102,6,1,6,0,97,94,425
2023-06-25 15:00:00,P0102,Electronics,3646.0,3243.95,485,0.97,6,1,6,1,72,77,268
2023-06-25 16:00:00,P0024,Clothing,4579.47,4770.38,469,0.938,6,1,6,0,90,101,332
2023-06-25 17:00:00,P0002,Furniture,1554.11,1512.62,242,0.484,6,1,6,0,124,116,447
2023-06-25 18:00:00,P0081,Furniture,3722.24,3547.7,336,0.672,6,1,6,0,94,97,392
2023-06-25 19:00:00,P0100,Furniture,3584.31,3020.45,290,0.58,6,1,6,0,79,90,304
2023-06-25 20:00:00,P0142,Groceries,1508.72,1287.98,243,0.486,6,1,6,0,101,106,434
2023-06-25 21:00:00,P0138,Groceries,2776.54,3150.8,120,0.24,6,1,6,0,109,122,448
2023-06-25 22:00:00,P0163,Furniture,3155.7,3470.96,41,0.082,6,1,6,0,81,92,329
2023-06-25 23:00:00,P0153,Books,2431.6,2317.16,183,0.366,6,1,6,1,89,100,355
2023-06-26 00:00:00,P0131,Groceries,4144.53,4689.1,44,0.088,0,0,6,0,85,92,324
2023-06-26 01:00:00,P0111,Clothing,4172.7,3472.97,51,0.102,0,0,6,1,88,89,321
2023-06-26 02:00:00,P0102,Groceries,4260.47,4473.11,150,0.3,0,0,6,0,91,80,360
2023-06-26 03:00:00,P0017,Books,4026.95,4620.0,412,0.824,0,0,6,0,68,62,250
2023-06-26 04:00:00,P0012,Electronics,2466.01,2800.27,28,0.056,0,0,6,0,87,81,376
2023-06-26 05:00:00,P0182,Groceries,1938.12,1839.5,56,0.112,0,0,6,0,92,79,392
2023-06-26 06:00:00,P0116,Furniture,4165.31,4573.9,497,0.994,0,0,6,0,70,62,287
2023-06-26 07:00:00,P0024,Furniture,2476.5,2404.65,274,0.548,0,0,6,0,86,81,341
2023-06-26 08:00:00,P0029,Furniture,1269.54,1442.27,208,0.416,0,0,6,1,87,76,345
2023-06-26 09:00:00,P0171,Electronics,2561.35,2592.87,7,0.014,0,0,6,0,100,90,397
2023-06-26 10:00:00,P0153,Books,752.16,831.85,433,0.866,0,0,6,0,87,75,365
2023-06-26 11:00:00,P0122,Clothing,3473.57,2888.03,390,0.78,0,0,6,0,81,79,300
2023-06-26 12:00:00,P0188,Books,1712.81,1774.49,246,0.492,0,0,6,0,102,112,411
2023-06-26 13:00:00,P0090,Electronics,1340.26,1367.22,394,0.788,0,0,6,0,90,98,383
2023-06-26 14:00:00,P0065,Furniture,4784.72,4995.2,194,0.388,0,0,6,0,71,80,285
2023-06-26 15:00:00,P0084,Books,3895.56,4200.41,321,0.642,0,0,6,0,72,77,260
2023-06-26 16:00:00,P0119,Clothing,3945.99,4605.93,338,0.676,0,0,6,0,72,66,273
2023-06-26 17:00:00,P0156,Furniture,3137.42,3495.94,411,0.822,0,0,6,0,68,72,281
2023-06-26 18:00:00,P0016,Clothing,4203.91,3732.46,439,0.878,0,0,6,0,45,48,196
2023-06-26 19:00:00,P0175,Groceries,3807.85,4304.24,27,0.054,0,0,6,0,82,83,354
2023-06-26 20:00:00,P0104,Clothing,3013.93,2558.32,344,0.688,0,0,6,0,73,80,311
2023-06-26 21:00:00,P0092,Furniture,4807.57,5042.56,330,0.66,0,0,6,0,60,52,262
2023-06-26 22:00:00,P0186,Groceries,998.4,1151.26,295,0.59,0,0,6,0,90,93,344
2023-06-26 23:00:00,P0027,Furniture,4719.73,3966.69,234,0.468,0,0,6,0,75,75,271
2023-06-27 00:00:00,P0181,Furniture,2037.12,2322.07,129,0.258,1,0,6,1,106,116,412
2023-06-27 01:00:00,P0170,Groceries,2665.57,2983.97,75,0.15,1,0,6,0,95,84,386
2023-06-27 02:00:00,P0187,Clothing,657.56,658.55,444,0.888,1,0,6,0,94,86,362
2023-06-27 03:00:00,P0175,Electronics,2723.53,2515.34,232,0.464,1,0,6,0,89,91,324
2023-06-27 04:00:00,P0162,Electronics,3075.47,2959.14,229,0.458,1,0,6,0,93,105,373
2023-06-27 05:00:00,P0165,Electronics,4988.62,5923.8,331,0.662,1,0,6,0,75,66,282
2023-06-27 06:00:00,P0134,Electronics,4877.2,4295.25,369,0.738,1,0,6,0,59,63,247
2023-06-27 07:00:00,P0135,Books,4833.67,4987.58,408,0.816,1,0,6,0,54,49,198
2023-06-27 08:00:00,P0153,Electronics,1774.52,1478.7,484,0.968,1,0,6,0,89,78,389
2023-06-27 09:00:00,P0033,Groceries,4956.77,4397.43,350,0.7,1,0,6,0,52,50,224
2023-06-27 10:00:00,P0055,Electronics,2304.62,2547.36,309,0.618,1,0,6,1,90,92,387
2023-06-27 11:00:00,P0186,Furniture,4266.59,3929.7,400,0.8,1,0,6,0,70,77,296
2023-06-27 12:00:00,P0007,Electronics,1120.78,1338.55,431,0.862,1,0,6,0,92,96,378
2023-06-27 13:00:00,P0057,Clothing,2553.87,2554.7,395,0.79,1,0,6,0,98,98,357
2023-06-27 14:00:00,P0126,Groceries,4831.76,4863.73,188,0.376,1,0,6,0,70,65,289
2023-06-27 15:00:00,P0012,Groceries,4737.81,3859.07,477,0.954,1,0,6,0,66,62,277
2023-06-27 16:00:00,P0016,Books,3434.49,4061.66,1,0.002,1,0,6,0,97,105,359
2023-06-27 17:00:00,P0043,Furniture,3999.18,3478.06,335,0.67,1,0,6,0,72,64,295
2023-06-27 18:00:00,P0117,Groceries,923.31,937.47,64,0.128,1,0,6,0,104,93,414
2023-06-27 19:00:00,P0135,Clothing,3622.21,3471.05,51,0.102,1,0,6,0,81,86,322
2023-06-27 20:00:00,P0111,Electronics,3109.35,3004.36,33,0.066,1,0,6,0,93,106,350
2023-06-27 21:00:00,P0051,Groceries,503.18,532.02,300,0.6,1,0,6,0,107,95,448
2023-06-27 22:00:00,P0160,Clothing,610.14,649.7,239,0.478,1,0,6,0,123,127,534
2023-06-27 23:00:00,P0075,Electronics,586.8,505.65,128,0.256,1,0,6,0,103,95,436
2023-06-28 00:00:00,P0008,Books,3635.57,3634.97,242,0.484,2,0,6,0,76,65,296
2023-06-28 01:00:00,P0200,Groceries,751.49,838.81,355,0.71,2,0,6,0,109,120,478
2023-06-28 02:00:00,P0045,Groceries,2365.27,2311.61,307,0.614,2,0,6,0,93,93,362
2023-06-28 03:00:00,P0059,Clothing,1817.06,1574.16,322,0.644,2,0,6,0,91,78,345
2023-06-28 04:00:00,P0132,Furniture,2775.0,2567.67,97,0.194,2,0,6,0,89,100,389
2023-06-28 05:00:00,P0104,Books,3547.06,3138.98,75,0.15,2,0,6,0,80,81,339
2023-06-28 06:00:00,P0195,Furniture,3439.38,2924.6,311,0.622,2,0,6,0,71,76,299
2023-06-28 07:00:00,P0157,Groceries,2601.82,2474.42,441,0.882,2,0,6,0,81,79,297
2023-06-28 08:00:00,P0157,Furniture,2348.46,2386.91,364,0.728,2,0,6,0,91,82,342
2023-06-28 09:00:00,P0098,Electronics,2019.19,1674.11,218,0.436,2,0,6,0,97,96,351
2023-06-28 10:00:00,P0156,Books,4316.45,4495.71,305,0.61,2,0,6,1,70,66,295
2023-06-28 11:00:00,P0079,Furniture,1687.72,2020.55,100,0.2,2,0,6,0,104,98,398
2023-06-28 12:00:00,P0124,Electronics,1333.86,1581.49,118,0.236,2,0,6,0,93,97,345
2023-06-28 13:00:00,P0172,Clothing,3729.41,4220.46,408,0.816,2,0,6,1,77,68,288
2023-06-28 14:00:00,P0004,Furniture,1830.83,1659.71,139,0.278,2,0,6,0,84,81,345
2023-06-28 15:00:00,P0090,Books,4242.64,3432.14,370,0.74,2,0,6,0,71,72,280
2023-06-28 16:00:00,P0104,Electronics,1673.05,1896.26,224,0.448,2,0,6,0,102,108,444
2023-06-28 17:00:00,P0137,Furniture,3524.63,2898.26,254,0.508,2,0,6,0,80,83,311
2023-06-28 18:00:00,P0119,Clothing,273.29,241.11,72,0.144,2,0,6,0,115,128,491
2023-06-28 19:00:00,P0133,Furniture,1958.54,1993.37,448,0.896,2,0,6,0,77,88,311
2023-06-28 20:00:00,P0056,Electronics,1748.99,1523.98,311,0.622,2,0,6,1,92,104,383
2023-06-28 21:00:00,P0096,Furniture,4092.56,4638.98,305,0.61,2,0,6,0,87,94,325
2023-06-28 22:00:00,P0178,Books,4836.92,5373.16,470,0.94,2,0,6,0,62,65,260
2023-06-28 23:00:00,P0075,Groceries,2331.36,2569.88,155,0.31,2,0,6,0,90,77,330
2023-06-29 00:00:00,P0143,Electronics,4132.94,4655.55,258,0.516,3,0,6,0,62,63,257
2023-06-29 01:00:00,P0032,Electronics,3513.49,3119.56,421,0.842,3,0,6,0,77,81,306
2023-06-29 02:00:00,P0028,Electronics,4838.56,5281.56,63,0.126,3,0,6,0,75,73,284
2023-06-29 03:00:00,P0022,Electronics,4064.99,3829.68,309,0.618,3,0,6,0,69,67,275
2023-06-29 04:00:00,P0017,Furniture,433.52,462.45,35,0.07,3,0,6,0,112,113,480
2023-06-29 05:00:00,P0059,Books,3580.74,3039.36,247,0.494,3,0,6,0,68,76,253
2023-06-29 06:00:00,P0090,Clothing,2700.72,2922.81,427,0.854,3,0,6,0,82,76,306
2023-06-29 07:00:00,P0199,Books,131.36,156.17,43,0.086,3,0,6,0,123,119,495
2023-06-29 08:00:00,P0106,Electronics,1294.0,1057.77,452,0.904,3,0,6,0,71,74,291
2023-06-29 09:00:00,P0185,Furniture,4612.69,3863.27,118,0.236,3,0,6,0,72,65,283
2023-06-29 10:00:00,P0026,Furniture,4634.0,3936.37,348,0.696,3,0,6,0,78,86,297
2023-06-29 11:00:00,P0025,Electronics,4004.31,3893.09,180,0.36,3,0,6,1,78,82,285
2023-06-29 12:00:00,P0138,Furniture,4909.81,4498.92,396,0.792,3,0,6,0,66,63,240
2023-06-29 13:00:00,P0045,Electronics,4042.4,4538.68,427,0.854,3,0,6,0,77,82,280
2023-06-29 14:00:00,P0083,Books,100.51,99.46,387,0.774,3,0,6,0,110,103,475
2023-06-29 15:00:00,P0011,Groceries,1474.78,1465.66,69,0.138,3,0,6,0,100,108,371
2023-06-29 16:00:00,P0181,Furniture,201.59,219.09,434,0.868,3,0,6,0,85,74,326
2023-06-29 17:00:00,P0200,Electronics,515.83,487.35,357,0.714,3,0,6,0,129,126,566
2023-06-29 18:00:00,P0104,Electronics,1133.26,1066.72,453,0.906,3,0,6,0,100,93,434
2023-06-29 19:00:00,P0068,Furniture,2542.61,2803.92,266,0.532,3,0,6,1,94,103,342
2023-06-29 20:00:00,P0095,Clothing,4245.28,4720.82,218,0.436,3,0,6,0,81,87,327
2023-06-29 21:00:00,P0156,Electronics,4316.74,3478.25,437,0.874,3,0,6,0,75,83,308
2023-06-29 22:00:00,P0065,Furniture,3100.2,2658.47,365,0.73,3,0,6,0,86,90,313
2023-06-29 23:00:00,P0049,Electronics,4644.47,4111.47,189,0.378,3,0,6,0,71,77,297
2023-06-30 00:00:00,P0175,Clothing,2525.31,2375.41,255,0.51,4,0,6,0,85,83,373
2023-06-30 01:00:00,P0052,Groceries,4450.73,4079.45,186,0.372,4,0,6,0,78,82,308
2023-06-30 02:00:00,P0102,Clothing,2297.62,2452.5,226,0.452,4,0,6,1,92,79,364
2023-06-30 03:00:00,P0182,Books,1422.26,1608.94,60,0.12,4,0,6,0,105,117,433
2023-06-30 04:00:00,P0188,Furniture,4586.24,4021.37,167,0.334,4,0,6,0,79,83,331
2023-06-30 05:00:00,P0057,Clothing,1970.28,2019.92,131,0.262,4,0,6,0,117,130,495
2023-06-30 06:00:00,P0047,Groceries,2541.85,2407.45,154,0.308,4,0,6,0,82,89,300
2023-06-30 07:00:00,P0159,Electronics,1677.86,1681.74,271,0.542,4,0,6,0,99,93,420
2023-06-30 08:00:00,P0174,Furniture,3331.05,3491.95,209,0.418,4,0,6,0,74,69,318
2023-06-30 09:00:00,P0026,Clothing,4975.4,5758.73,6,0.012,4,0,6,0,74,81,269
2023-06-30 10:00:00,P0114,Groceries,176.29,154.59,10,0.02,4,0,6,0,98,89,356
2023-06-30 11:00:00,P0005,Clothing,4504.25,3760.16,199,0.398,4,0,6,0,67,59,271
2023-06-30 12:00:00,P0084,Books,69.43,72.96,250,0.5,4,0,6,0,110,94,440
2023-06-30 13:00:00,P0052,Furniture,1852.93,1774.46,63,0.126,4,0,6,0,111,104,487
2023-06-30 14:00:00,P0105,Electronics,884.6,765.32,179,0.358,4,0,6,0,89,78,341
2023-06-30 15:00:00,P0054,Groceries,3798.84,3216.99,127,0.254,4,0,6,0,83,91,338
2023-06-30 16:00:00,P0161,Clothing,300.52,307.6,261,0.522,4,0,6,0,107,107,429
2023-06-30 17:00:00,P0178,Furniture,2789.75,2567.1,119,0.238,4,0,6,0,103,95,415
2023-06-30 18:00:00,P0166,Clothing,1509.88,1810.3,47,0.094,4,0,6,0,100,103,413
2023-06-30 19:00:00,P0155,Furniture,711.67,684.88,68,0.136,4,0,6,1,115,100,463
2023-06-30 20:00:00,P0015,Books,3870.5,3425.06,376,0.752,4,0,6,0,71,76,256
2023-06-30 21:00:00,P0061,Clothing,1126.21,1184.25,261,0.522,4,0,6,0,90,90,385
2023-06-30 22:00:00,P0122,Books,1157.19,1038.81,229,0.458,4,0,6,0,95,81,357
2023-06-30 23:00:00,P0021,Groceries,1411.63,1408.29,251,0.502,4,0,6,0,90,85,341
2023-07-01 00:00:00,P0046,Books,2954.5,2933.91,444,0.888,5,1,7,0,74,80,305
2023-07-01 01:00:00,P0197,Furniture,3315.35,3253.76,449,0.898,5,1,7,0,100,91,398
2023-07-01 02:00:00,P0134,Groceries,137.13,153.37,478,0.956,5,1,7,0,111,126,451
2023-07-01 03:00:00,P0038,Clothing,1247.25,1105.87,230,0.46,5,1,7,0,120,134,480
2023-07-01 04:00:00,P0062,Clothing,2183.31,2536.4,223,0.446,5,1,7,0,94,102,370
2023-07-01 05:00:00,P0086,Furniture,1693.29,1890.62,456,0.912,5,1,7,0,102,89,407
2023-07-01 06:00:00,P0190,Electronics,4426.64,4131.16,206,0.412,5,1,7,0,87,83,323
2023-07-01 07:00:00,P0078,Electronics,3949.16,3444.62,340,0.68,5,1,7,0,84,79,368
2023-07-01 08:00:00,P0046,Clothing,3148.16,2870.54,365,0.73,5,1,7,1,83,74,337
2023-07-01 09:00:00,P0141,Furniture,1723.31,1607.94,436,0.872,5,1,7,0,110,126,421
2023-07-01 10:00:00,P0003,Electronics,3518.33,3598.45,27,0.054,5,1,7,1,78,70,325
2023-07-01 11:00:00,P0006,Books,4226.01,3459.19,364,0.728,5,1,7,0,68,64,293
2023-07-01 12:00:00,P0093,Clothing,2994.41,3490.71,218,0.436,5,1,7,0,96,107,368
2023-07-01 13:00:00,P0008,Books,3933.08,3301.7,388,0.776,5,1,7,0,63,56,243
2023-07-01 14:00:00,P0172,Furniture,3758.07,3426.27,336,0.672,5,1,7,0,79,78,312
2023-07-01 15:00:00,P0108,Books,2880.1,2429.98,100,0.2,5,1,7,0,98,112,370
2023-07-01 16:00:00,P0161,Electronics,1595.31,1440.04,57,0.114,5,1,7,1,136,126,578
2023-07-01 17:00:00,P0075,Electronics,3741.62,4247.0,23,0.046,5,1,7,0,90,95,366
2023-07-01 18:00:00,P0077,Groceries,1073.64,1123.1,414,0.828,5,1,7,0,103,90,376
2023-07-01 19:00:00,P0050,Clothing,3908.47,3482.17,226,0.452,5,1,7,0,71,73,312
2023-07-01 20:00:00,P0011,Furniture,4032.51,4632.16,168,0.336,5,1,7,0,89,85,361
2023-07-01 21:00:00,P0095,Clothing,4119.62,4615.15,488,0.976,5,1,7,0,78,83,336
2023-07-01 22:00:00,P0156,Books,2390.93,2633.51,245,0.49,5,1,7,0,91,89,364
2023-07-01 23:00:00,P0070,Furniture,1002.78,1142.22,323,0.646,5,1,7,0,124,117,504
2023-07-02 00:00:00,P0169,Furniture,543.63,569.65,211,0.422,6,1,7,0,133,135,527
2023-07-02 01:00:00,P0016,Electronics,3729.64,3731.78,362,0.724,6,1,7,0,80,71,315
2023-07-02 02:00:00,P0068,Books,4436.99,4213.25,464,0.928,6,1,7,0,61,67,230
2023-07-02 03:00:00,P0099,Electronics,3271.65,2910.15,429,0.858,6,1,7,0,78,84,341
2023-07-02 04:00:00,P0048,Electronics,763.59,781.13,265,0.53,6,1,7,0,136,138,509
2023-07-02 05:00:00,P0184,Groceries,4677.74,5406.52,420,0.84,6,1,7,0,75,72,302
2023-07-02 06:00:00,P0064,Electronics,4946.05,5131.99,404,0.808,6,1,7,0,67,75,246
2023-07-02 07:00:00,P0187,Clothing,2195.22,2563.67,20,0.04,6,1,7,0,128,133,563
2023-07-02 08:00:00,P0090,Furniture,2994.39,2823.01,123,0.246,6,1,7,0,99,93,400
2023-07-02 09:00:00,P0190,Electronics,3897.28,4201.48,368,0.736,6,1,7,0,83,91,353
2023-07-02 10:00:00,P0076,Clothing,3695.13,3914.87,463,0.926,6,1,7,0,102,106,413
2023-07-02 11:00:00,P0139,Books,4840.55,5170.55,96,0.192,6,1,7,0,89,79,378
2023-07-02 12:00:00,P0101,Furniture,618.67,654.56,137,0.274,6,1,7,0,122,108,491
2023-07-02 13:00:00,P0089,Books,2924.59,2598.97,491,0.982,6,1,7,0,92,104,364
2023-07-02 14:00:00,P0018,Clothing,3475.06,2979.64,337,0.674,6,1,7,0,93,87,369
2023-07-02 15:00:00,P0019,Books,4455.99,5309.1,352,0.704,6,1,7,0,85,89,306
2023-07-02 16:00:00,P0055,Books,4376.84,3580.77,92,0.184,6,1,7,0,78,67,304
2023-07-02 17:00:00,P0102,Books,4891.1,4827.98,94,0.188,6,1,7,0,95,97,414
2023-07-02 18:00:00,P0118,Electronics,2584.79,2507.33,23,0.046,6,1,7,0,124,114,513
2023-07-02 19:00:00,P0154,Electronics,4162.27,3929.21,379,0.758,6,1,7,0,73,65,316
2023-07-02 20:00:00,P0134,Electronics,2165.04,2409.24,395,0.79,6,1,7,0,99,107,372
2023-07-02 21:00:00,P0004,Furniture,2140.45,2350.51,403,0.806,6,1,7,0,100,109,399
2023-07-02 22:00:00,P0108,Clothing,1304.07,1515.45,453,0.906,6,1,7,1,107,114,388
2023-07-02 23:00:00,P0115,Electronics,4100.27,3928.86,135,0.27,6,1,7,0,95,81,393
2023-07-03 00:00:00,P0029,Books,4929.78,5056.34,333,0.666,0,0,7,0,62,58,262
2023-07-03 01:00:00,P0059,Books,1318.89,1525.85,132,0.264,0,0,7,0,107,103,449
2023-07-03 02:00:00,P0125,Books,327.85,392.61,53,0.106,0,0,7,0,122,129,448
2023-07-03 03:00:00,P0098,Books,4086.94,4854.13,291,0.582,0,0,7,0,77,83,292
2023-07-03 04:00:00,P0017,Groceries,3120.14,3392.02,111,0.222,0,0,7,0,91,94,375
2023-07-03 05:00:00,P0107,Furniture,4800.51,4115.43,421,0.842,0,0,7,0,67,73,282
2023-07-03 06:00:00,P0043,Clothing,1298.58,1050.91,130,0.26,0,0,7,0,105,103,401
2023-07-03 07:00:00,P0080,Clothing,401.59,453.83,419,0.838,0,0,7,0,81,82,318
2023-07-03 08:00:00,P0194,Electronics,2487.59,2826.84,277,0.554,0,0,7,0,78,68,303
2023-07-03 09:00:00,P0162,Groceries,473.06,519.68,263,0.526,0,0,7,0,92,90,332
2023-07-03 10:00:00,P0008,Clothing,1345.86,1227.38,444,0.888,0,0,7,0,81,79,329
2023-07-03 11:00:00,P0141,Furniture,673.59,711.26,381,0.762,0,0,7,0,89,92,368
2023-07-03 12:00:00,P0106,Books,1159.45,1074.23,77,0.154,0,0,7,0,117,113,447
2023-07-03 13:00:00,P0008,Electronics,575.42,564.06,262,0.524,0,0,7,0,118,109,490
2023-07-03 14:00:00,P0096,Furniture,4771.83,4547.43,67,0.134,0,0,7,0,77,71,292
2023-07-03 15:00:00,P0094,Clothing,1428.89,1665.31,61,0.122,0,0,7,0,94,84,392
2023-07-03 16:00:00,P0065,Groceries,2247.29,2008.32,402,0.804,0,0,7,0,77,82,305
2023-07-03 17:00:00,P0171,Electronics,4498.13,4637.77,362,0.724,0,0,7,0,63,65,271
2023-07-03 18:00:00,P0039,Clothing,3402.74,3213.52,174,0.348,0,0,7,0,76,78,307
2023-07-03 19:00:00,P0081,Electronics,3109.29,3312.1,279,0.558,0,0,7,0,93,94,349
2023-07-03 20:00:00,P0187,Clothing,3542.54,3634.03,463,0.926,0,0,7,0,63,60,268
2023-07-03 21:00:00,P0084,Books,4152.67,4856.93,389,0.778,0,0,7,0,72,78,304
2023-07-03 22:00:00,P0088,Groceries,4394.46,3694.18,235,0.47,0,0,7,0,63,71,231
2023-07-03 23:00:00,P0086,Books,3231.07,2870.02,135,0.27,0,0,7,0,89,87,324
2023-07-04 00:00:00,P0093,Clothing,4455.54,4930.23,408,0.816,1,0,7,0,64,62,237
2023-07-04 01:00:00,P0086,Furniture,2700.22,2558.5,223,0.446,1,0,7,1,77,69,329
2023-07-04 02:00:00,P0044,Books,1422.59,1232.41,88,0.176,1,0,7,0,97,102,374
2023-07-04 03:00:00,P0137,Furniture,4406.38,4412.23,457,0.914,1,0,7,0,69,70,276
2023-07-04 04:00:00,P0165,Clothing,2730.29,2896.45,106,0.212,1,0,7,0,76,87,310
2023-07-04 05:00:00,P0074,Groceries,4535.38,3709.63,40,0.08,1,0,7,0,71,73,298
2023-07-04 06:00:00,P0036,Furniture,248.83,228.09,185,0.37,1,0,7,0,108,101,461
2023-07-04 07:00:00,P0101,Clothing,2017.7,2267.43,464,0.928,1,0,7,0,73,74,293
2023-07-04 08:00:00,P0156,Furniture,4741.63,4780.03,187,0.374,1,0,7,0,63,72,248
2023-07-04 09:00:00,P0170,Books,1285.77,1046.81,365,0.73,1,0,7,0,108,115,406
2023-07-04 10:00:00,P0171,Clothing,4710.6,4299.74,386,0.772,1,0,7,1,57,51,233
2023-07-04 11:00:00,P0170,Books,4771.82,5037.4,8,0.016,1,0,7,0,70,67,283
2023-07-04 12:00:00,P0104,Electronics,4416.6,3885.48,179,0.358,1,0,7,0,77,72,295
2023-07-04 13:00:00,P0066,Clothing,2840.16,3212.1,185,0.37,1,0,7,0,86,95,340
2023-07-04 14:00:00,P0055,Furniture,3252.35,3482.06,443,0.886,1,0,7,0,71,73,298
2023-07-04 15:00:00,P0200,Electronics,4354.6,4304.75,81,0.162,1,0,7,1,82,90,336
2023-07-04 16:00:00,P0176,Books,3890.69,4537.52,176,0.352,1,0,7,0,62,56,247
2023-07-04 17:00:00,P0091,Books,3168.96,3031.81,93,0.186,1,0,7,0,93,104,355
2023-07-04 18:00:00,P0022,Furniture,4912.18,4391.63,388,0.776,1,0,7,0,57,49,236
2023-07-04 19:00:00,P0101,Electronics,3444.1,3666.46,445,0.89,1,0,7,0,55,53,226
2023-07-04 20:00:00,P0155,Groceries,4878.64,5021.67,115,0.23,1,0,7,0,86,73,341
2023-07-04 21:00:00,P0121,Furniture,334.07,312.05,159,0.318,1,0,7,0,111,100,421
2023-07-04 22:00:00,P0093,Books,737.85,691.71,244,0.488,1,0,7,0,112,128,419
2023-07-04 23:00:00,P0195,Clothing,2284.72,2191.7,282,0.564,1,0,7,0,98,86,379
2023-07-05 00:00:00,P0108,Electronics,1955.15,1791.81,212,0.424,2,0,7,0,85,76,368
2023-07-05 01:00:00,P0141,Groceries,3924.54,4254.58,151,0.302,2,0,7,0,76,86,319
2023-07-05 02:00:00,P0173,Clothing,845.04,896.2,165,0.33,2,0,7,0,105,112,453
2023-07-05 03:00:00,P0010,Electronics,4881.67,4766.03,450,0.9,2,0,7,0,58,56,248
2023-07-05 04:00:00,P0009,Furniture,1609.58,1543.82,399,0.798,2,0,7,0,101,88,401
2023-07-05 05:00:00,P0182,Furniture,2173.17,2055.86,142,0.284,2,0,7,0,107,116,431
2023-07-05 06:00:00,P0155,Electronics,1409.99,1287.87,24,0.048,2,0,7,0,104,104,389
2023-07-05 07:00:00,P0034,Groceries,2917.85,2434.3,199,0.398,2,0,7,0,90,85,376
2023-07-05 08:00:00,P0129,Electronics,340.21,308.67,232,0.464,2,0,7,0,117,112,461
2023-07-05 09:00:00,P0160,Clothing,790.9,734.34,3,0.006,2,0,7,0,115,115,429
2023-07-05 10:00:00,P0089,Clothing,3741.7,3813.07,287,0.574,2,0,7,0,72,73,265
2023-07-05 11:00:00,P0093,Furniture,973.18,1079.76,172,0.344,2,0,7,0,78,85,324
2023-07-05 12:00:00,P0071,Electronics,1215.8,1165.08,183,0.366,2,0,7,0,103,111,411
2023-07-05 13:00:00,P0067,Furniture,3975.26,4682.47,250,0.5,2,0,7,0,81,87,292
2023-07-05 14:00:00,P0148,Groceries,511.84,578.86,290,0.58,2,0,7,0,94,100,400
2023-07-05 15:00:00,P0117,Clothing,2215.5,2645.13,436,0.872,2,0,7,0,86,93,352
2023-07-05 16:00:00,P0094,Books,164.16,188.86,285,0.57,2,0,7,0,112,118,407
2023-07-05 17:00:00,P0163,Books,1766.7,1849.19,358,0.716,2,0,7,0,95,105,365
2023-07-05 18:00:00,P0099,Electronics,3509.96,3648.22,111,0.222,2,0,7,0,84,85,351
2023-07-05 19:00:00,P0113,Electronics,496.01,422.51,304,0.608,2,0,7,0,93,94,339
2023-07-05 20:00:00,P0103,Books,4447.26,4842.89,349,0.698,2,0,7,0,77,82,323
2023-07-05 21:00:00,P0091,Electronics,4552.02,4734.48,464,0.928,2,0,7,0,64,58,256
2023-07-05 22:00:00,P0090,Clothing,569.7,571.28,338,0.676,2,0,7,0,96,104,406
2023-07-05 23:00:00,P0017,Groceries,4954.13,5337.16,435,0.87,2,0,7,0,52,59,223
2023-07-06 00:00:00,P0018,Groceries,1522.77,1488.69,478,0.956,3,0,7,0,92,86,388
2023-07-06 01:00:00,P0173,Furniture,466.3,470.75,464,0.928,3,0,7,0,122,126,447
2023-07-06 02:00:00,P0116,Clothing,75.08,72.03,129,0.258,3,0,7,0,111,95,440
2023-07-06 03:00:00,P0093,Electronics,2072.19,2252.36,186,0.372,3,0,7,0,89,96,343
2023-07-06 04:00:00,P0181,Electronics,3167.56,3644.74,420,0.84,3,0,7,0,77,78,309
2023-07-06 05:00:00,P0091,Furniture,1694.29,1925.29,495,0.99,3,0,7,0,86,90,376
2023-07-06 06:00:00,P0082,Furniture,4191.75,4671.33,28,0.056,3,0,7,0,76,68,281
2023-07-06 07:00:00,P0068,Electronics,3597.2,2897.6,157,0.314,3,0,7,0,98,107,421
2023-07-06 08:00:00,P0193,Electronics,1783.3,2077.1,373,0.746,3,0,7,0,90,83,395
2023-07-06 09:00:00,P0114,Clothing,3684.83,3353.01,234,0.468,3,0,7,0,68,72,299
2023-07-06 10:00:00,P0001,Furniture,4705.41,5435.64,277,0.554,3,0,7,0,60,62,254
2023-07-06 11:00:00,P0058,Clothing,510.83,448.91,101,0.202,3,0,7,0,124,130,493
2023-07-06 12:00:00,P0154,Electronics,1565.21,1527.42,458,0.916,3,0,7,0,91,79,341
2023-07-06 13:00:00,P0109,Books,2343.46,2577.24,224,0.448,3,0,7,0,87,93,356
2023-07-06 14:00:00,P0148,Books,2515.05,2656.17,274,0.548,3,0,7,0,83,90,339
2023-07-06 15:00:00,P0116,Electronics,2733.87,2641.93,322,0.644,3,0,7,0,90,89,347
2023-07-06 16:00:00,P0087,Furniture,1538.1,1648.0,231,0.462,3,0,7,0,89,87,364
2023-07-06 17:00:00,P0010,Books,3352.94,3418.59,341,0.682,3,0,7,0,77,73,284
2023-07-06 18:00:00,P0059,Furniture,3243.17,2952.24,273,0.546,3,0,7,0,87,98,357
2023-07-06 19:00:00,P0041,Books,2910.22,3080.56,364,0.728,3,0,7,0,75,81,324
2023-07-06 20:00:00,P0105,Furniture,613.12,540.59,477,0.954,3,0,7,0,108,114,430
2023-07-06 21:00:00,P0133,Books,2410.99,2598.07,448,0.896,3,0,7,0,69,78,291
2023-07-06 22:00:00,P0122,Furniture,1813.32,1452.91,467,0.934,3,0,7,0,87,83,357
2023-07-06 23:00:00,P0193,Clothing,2480.64,2529.03,112,0.224,3,0,7,0,93,97,335
2023-07-07 00:00:00,P0145,Furniture,4613.24,4430.68,388,0.776,4,0,7,0,52,55,192
2023-07-07 01:00:00,P0022,Clothing,2428.63,2237.35,459,0.918,4,0,7,0,76,87,321
2023-07-07 02:00:00,P0098,Clothing,119.2,119.95,138,0.276,4,0,7,1,120,117,436
2023-07-07 03:00:00,P0169,Electronics,2222.24,2351.41,215,0.43,4,0,7,0,85,82,371
2023-07-07 04:00:00,P0068,Clothing,4112.21,4877.59,313,0.626,4,0,7,1,70,61,302
2023-07-07 05:00:00,P0197,Groceries,3911.3,4432.39,273,0.546,4,0,7,0,72,63,280
2023-07-07 06:00:00,P0139,Clothing,2591.28,2816.36,327,0.654,4,0,7,0,93,93,358
2023-07-07 07:00:00,P0056,Furniture,1286.36,1275.54,348,0.696,4,0,7,0,98,88,401
2023-07-07 08:00:00,P0179,Clothing,2352.19,2250.71,183,0.366,4,0,7,1,87,76,356
2023-07-07 09:00:00,P0149,Furniture,2840.33,2309.22,405,0.81,4,0,7,0,74,84,272
2023-07-07 10:00:00,P0099,Furniture,4999.36,4717.59,311,0.622,4,0,7,0,70,79,264
2023-07-07 11:00:00,P0076,Groceries,3238.68,3689.99,492,0.984,4,0,7,0,75,71,308
2023-07-07 12:00:00,P0026,Clothing,3486.61,3324.87,193,0.386,4,0,7,0,89,97,377
2023-07-07 13:00:00,P0115,Clothing,2482.7,2444.55,278,0.556,4,0,7,0,93,103,349
2023-07-07 14:00:00,P0147,Books,1804.72,1640.01,271,0.542,4,0,7,0,63,62,262
2023-07-07 15:00:00,P0109,Books,4074.12,3706.04,299,0.598,4,0,7,0,81,74,348
2023-07-07 16:00:00,P0188,Electronics,2499.92,2061.81,71,0.142,4,0,7,0,95,84,351
2023-07-07 17:00:00,P0199,Furniture,4973.72,5200.13,195,0.39,4,0,7,0,69,62,273
2023-07-07 18:00:00,P0047,Groceries,2312.75,2264.71,269,0.538,4,0,7,0,71,77,304
2023-07-07 19:00:00,P0071,Books,386.6,402.99,392,0.784,4,0,7,0,96,93,374
2023-07-07 20:00:00,P0154,Clothing,3428.76,3493.07,330,0.66,4,0,7,0,78,83,298
2023-07-07 21:00:00,P0040,Electronics,280.88,314.46,239,0.478,4,0,7,0,94,95,394
2023-07-07 22:00:00,P0133,Groceries,1289.98,1419.5,485,0.97,4,0,7,0,102,99,400
2023-07-07 23:00:00,P0149,Clothing,1801.0,1996.56,107,0.214,4,0,7,0,106,94,441
2023-07-08 00:00:00,P0132,Clothing,3710.44,3709.31,498,0.996,5,1,7,1,78,74,289
2023-07-08 01:00:00,P0023,Furniture,2496.47,2350.56,399,0.798,5,1,7,0,113,125,457
2023-07-08 02:00:00,P0106,Furniture,191.8,225.05,396,0.792,5,1,7,0,122,133,476
2023-07-08 03:00:00,P0084,Books,3103.41,2550.1,291,0.582,5,1,7,0,107,92,471
2023-07-08 04:00:00,P0143,Books,2086.61,1796.67,299,0.598,5,1,7,0,95,85,387
2023-07-08 05:00:00,P0116,Clothing,4613.08,4464.72,99,0.198,5,1,7,0,88,95,365
2023-07-08 06:00:00,P0109,Clothing,2522.83,2637.83,80,0.16,5,1,7,0,122,116,452
2023-07-08 07:00:00,P0136,Books,3559.43,2859.22,269,0.538,5,1,7,0,100,104,439
2023-07-08 08:00:00,P0041,Books,1133.4,1232.83,348,0.696,5,1,7,0,122,124,444
2023-07-08 09:00:00,P0112,Clothing,3816.82,3906.48,16,0.032,5,1,7,0,107,112,391
2023-07-08 10:00:00,P0147,Groceries,3618.73,3596.59,192,0.384,5,1,7,0,106,92,388
2023-07-08 11:00:00,P0112,Clothing,4525.2,4386.72,211,0.422,5,1,7,0,63,71,271
2023-07-08 12:00:00,P0103,Groceries,217.42,219.11,352,0.704,5,1,7,0,115,98,481
2023-07-08 13:00:00,P0046,Groceries,2265.13,1958.69,125,0.25,5,1,7,0,89,76,390
2023-07-08 14:00:00,P0156,Clothing,3411.82,2877.82,309,0.618,5,1,7,0,74,68,270
2023-07-08 15:00:00,P0068,Electronics,521.06,477.22,125,0.25,5,1,7,0,120,138,498
2023-07-08 16:00:00,P0122,Books,2082.49,2257.01,129,0.258,5,1,7,0,105,92,423
2023-07-08 17:00:00,P0015,Furniture,4713.63,4880.09,144,0.288,5,1,7,0,93,103,382
2023-07-08 18:00:00,P0165,Clothing,2207.88,2190.33,255,0.51,5,1,7,0,92,83,369
2023-07-08 19:00:00,P0129,Groceries,4927.75,5068.72,22,0.044,5,1,7,0,84,74,348
2023-07-08 20:00:00,P0195,Clothing,331.35,339.2,213,0.426,5,1,7,0,145,157,627
2023-07-08 21:00:00,P0111,Books,3603.26,3325.15,128,0.256,5,1,7,0,93,103,379
2023-07-08 22:00:00,P0024,Groceries,2926.03,2454.89,11,0.022,5,1,7,0,126,137,544
2023-07-08 23:00:00,P0027,Furniture,2527.67,2928.84,140,0.28,5,1,7,0,85,78,359
2023-07-09 00:00:00,P0040,Furniture,4855.69,5049.75,461,0.922,6,1,7,0,65,72,279
2023-07-09 01:00:00,P0191,Furniture,691.77,746.49,457,0.914,6,1,7,0,128,112,528
2023-07-09 02:00:00,P0189,Electronics,4485.19,4420.6,267,0.534,6,1,7,0,75,71,301
2023-07-09 03:00:00,P0164,Groceries,3471.64,3827.8,56,0.112,6,1,7,0,95,94,347
2023-07-09 04:00:00,P0024,Groceries,1332.03,1377.05,85,0.17,6,1,7,0,140,122,598
2023-07-09 05:00:00,P0024,Electronics,4513.26,3707.74,273,0.546,6,1,7,0,85,87,322
2023-07-09 06:00:00,P0004,Groceries,2175.01,2514.4,102,0.204,6,1,7,0,92,94,334
2023-07-09 07:00:00,P0067,Electronics,4080.43,3763.03,338,0.676,6,1,7,0,88,101,353
2023-07-09 08:00:00,P0034,Clothing,1974.74,1688.71,349,0.698,6,1,7,0,95,98,390
2023-07-09 09:00:00,P0185,Books,4262.11,3559.78,142,0.284,6,1,7,0,82,79,339
2023-07-09 10:00:00,P0177,Furniture,3201.31,3483.59,422,0.844,6,1,7,0,87,95,360
2023-07-09 11:00:00,P0181,Electronics,748.18,809.22,333,0.666,6,1,7,0,109,104,449
2023-07-09 12:00:00,P0116,Electronics,3265.83,3527.31,328,0.656,6,1,7,0,95,96,403
2023-07-09 13:00:00,P0023,Electronics,997.16,1162.99,452,0.904,6,1,7,0,98,85,413
2023-07-09 14:00:00,P0109,Clothing,2089.02,1962.8,416,0.832,6,1,7,0,102,97,434
2023-07-09 15:00:00,P0069,Electronics,892.96,914.8,175,0.35,6,1,7,0,130,131,516
2023-07-09 16:00:00,P0095,Books,158.98,166.58,132,0.264,6,1,7,0,129,137,471
2023-07-09 17:00:00,P0181,Books,1098.84,1309.59,343,0.686,6,1,7,1,112,99,461
2023-07-09 18:00:00,P0062,Furniture,2705.04,2502.0,263,0.526,6,1,7,1,100,109,377
2023-07-09 19:00:00,P0169,Clothing,2433.73,2877.96,146,0.292,6,1,7,0,107,120,459
2023-07-09 20:00:00,P0057,Books,2532.41,2176.59,435,0.87,6,1,7,0,93,87,388
2023-07-09 21:00:00,P0188,Groceries,1276.05,1410.8,11,0.022,6,1,7,0,122,132,514
2023-07-09 22:00:00,P0054,Groceries,3441.55,3624.48,327,0.654,6,1,7,0,88,80,337
2023-07-09 23:00:00,P0070,Groceries,3536.1,3984.33,391,0.782,6,1,7,1,88,89,361
2023-07-10 00:00:00,P0101,Electronics,1821.94,1478.46,54,0.108,0,0,7,0,96,105,386
2023-07-10 01:00:00,P0057,Electronics,4411.79,3667.31,229,0.458,0,0,7,0,71,69,271
2023-07-10 02:00:00,P0138,Groceries,3237.91,2680.6,467,0.934,0,0,7,0,83,71,353
2023-07-10 03:00:00,P0168,Furniture,3579.54,3712.64,121,0.242,0,0,7,0,99,100,400
2023-07-10 04:00:00,P0135,Furniture,1422.83,1481.41,348,0.696,0,0,7,0,117,129,439
2023-07-10 05:00:00,P0103,Electronics,53.03,61.64,232,0.464,0,0,7,0,112,99,431
2023-07-10 06:00:00,P0166,Groceries,4333.61,4277.45,161,0.322,0,0,7,1,67,58,253
2023-07-10 07:00:00,P0085,Furniture,4121.0,3408.97,81,0.162,0,0,7,0,76,83,293
2023-07-10 08:00:00,P0061,Electronics,659.8,583.14,448,0.896,0,0,7,0,98,91,368
2023-07-10 09:00:00,P0003,Groceries,1901.82,1527.6,458,0.916,0,0,7,1,96,92,374
2023-07-10 10:00:00,P0128,Clothing,3323.63,3691.51,46,0.092,0,0,7,0,81,71,337
2023-07-10 11:00:00,P0179,Groceries,3277.95,3691.76,363,0.726,0,0,7,0,77,68,336
2023-07-10 12:00:00,P0086,Groceries,4308.73,5166.93,290,0.58,0,0,7,0,64,66,241
2023-07-10 13:00:00,P0047,Books,744.33,718.19,498,0.996,0,0,7,0,110,112,422
2023-07-10 14:00:00,P0196,Books,2178.2,1759.37,499,0.998,0,0,7,0,87,82,313
2023-07-10 15:00:00,P0076,Clothing,531.26,474.89,159,0.318,0,0,7,0,105,104,397
2023-07-10 16:00:00,P0038,Clothing,1978.5,2047.96,178,0.356,0,0,7,0,96,93,378
2023-07-10 17:00:00,P0164,Groceries,124.78,147.84,361,0.722,0,0,7,0,90,95,357
2023-07-10 18:00:00,P0169,Furniture,4496.45,3783.45,207,0.414,0,0,7,0,75,83,286
2023-07-10 19:00:00,P0197,Clothing,2658.87,2256.39,389,0.778,0,0,7,0,85,92,316
2023-07-10 20:00:00,P0141,Groceries,4256.52,4600.04,392,0.784,0,0,7,0,57,49,231
2023-07-10 21:00:00,P0087,Electronics,346.53,369.71,39,0.078,0,0,7,0,107,94,420
2023-07-10 22:00:00,P0058,Books,1175.92,1058.57,213,0.426,0,0,7,0,98,96,386
2023-07-10 23:00:00,P0050,Furniture,1333.93,1501.02,431,0.862,0,0,7,0,89,98,384
2023-07-11 00:00:00,P0030,Groceries,1964.12,1672.47,455,0.91,1,0,7,0,81,75,328
2023-07-11 01:00:00,P0190,Electronics,4024.19,4709.5,351,0.702,1,0,7,0,73,81,285
2023-07-11 02:00:00,P0101,Books,1963.46,1728.66,153,0.306,1,0,7,0,109,96,415
2023-07-11 03:00:00,P0025,Electronics,1063.03,885.02,337,0.674,1,0,7,0,102,89,402
2023-07-11 04:00:00,P0112,Groceries,371.7,347.84,292,0.584,1,0,7,0,117,132,502
2023-07-11 05:00:00,P0155,Clothing,443.48,388.11,435,0.87,1,0,7,0,103,93,450
2023-07-11 06:00:00,P0179,Books,3812.23,3853.31,395,0.79,1,0,7,0,70,69,273
2023-07-11 07:00:00,P0185,Electronics,2251.77,2420.06,165,0.33,1,0,7,0,91,86,343
2023-07-11 08:00:00,P0126,Clothing,3644.6,3631.37,481,0.962,1,0,7,1,77,69,334
2023-07-11 09:00:00,P0123,Furniture,3427.32,3647.5,451,0.902,1,0,7,1,78,81,290
2023-07-11 10:00:00,P0047,Groceries,720.04,681.13,271,0.542,1,0,7,0,117,133,449
2023-07-11 11:00:00,P0118,Groceries,757.3,614.3,444,0.888,1,0,7,0,96,101,361
2023-07-11 12:00:00,P0039,Books,3788.94,4507.42,23,0.046,1,0,7,0,71,68,288
2023-07-11 13:00:00,P0016,Electronics,3620.28,4082.83,461,0.922,1,0,7,0,71,76,279
2023-07-11 14:00:00,P0022,Furniture,1921.25,1593.42,400,0.8,1,0,7,0,75,67,287
2023-07-11 15:00:00,P0054,Books,433.24,424.43,114,0.228,1,0,7,0,110,113,464
2023-07-11 16:00:00,P0149,Books,109.89,115.82,350,0.7,1,0,7,0,93,92,384
2023-07-11 17:00:00,P0200,Electronics,1476.38,1293.66,259,0.518,1,0,7,0,96,92,422
2023-07-11 18:00:00,P0016,Furniture,95.65,98.63,305,0.61,1,0,7,0,109,117,420
2023-07-11 19:00:00,P0059,Electronics,1188.86,1204.86,363,0.726,1,0,7,0,94,83,402
2023-07-11 20:00:00,P0031,Groceries,2126.53,1878.38,225,0.45,1,0,7,0,90,91,346
2023-07-11 21:00:00,P0170,Clothing,651.01,557.58,101,0.202,1,0,7,0,106,117,382
2023-07-11 22:00:00,P0032,Groceries,566.17,624.82,485,0.97,1,0,7,0,107,97,398
2023-07-11 23:00:00,P0187,Groceries,4487.37,4168.92,130,0.26,1,0,7,1,76,71,305
2023-07-12 00:00:00,P0162,Books,2948.08,2646.24,263,0.526,2,0,7,0,71,74,302
2023-07-12 01:00:00,P0009,Groceries,4675.56,5120.45,11,0.022,2,0,7,0,76,82,277
2023-07-12 02:00:00,P0139,Furniture,1761.84,1928.21,418,0.836,2,0,7,0,102,95,435
2023-07-12 03:00:00,P0010,Groceries,3401.87,3097.61,321,0.642,2,0,7,0,74,71,309
2023-07-12 04:00:00,P0017,Furniture,1063.22,1221.67,180,0.36,2,0,7,0,99,106,359
2023-07-12 05:00:00,P0068,Electronics,3110.78,3345.02,348,0.696,2,0,7,0,85,80,313
2023-07-12 06:00:00,P0048,Books,691.45,648.79,470,0.94,2,0,7,0,87,91,318
2023-07-12 07:00:00,P0180,Furniture,60.3,58.55,160,0.32,2,0,7,0,100,90,414
2023-07-12 08:00:00,P0111,Groceries,4661.08,5083.76,113,0.226,2,0,7,0,61,59,247
2023-07-12 09:00:00,P0153,Books,2796.73,2474.08,17,0.034,2,0,7,0,99,105,385
2023-07-12 10:00:00,P0123,Books,4638.36,4580.4,103,0.206,2,0,7,0,79,78,290
2023-07-12 11:00:00,P0149,Furniture,1702.47,1807.04,185,0.37,2,0,7,0,92,79,360
2023-07-12 12:00:00,P0101,Furniture,1672.54,1698.97,341,0.682,2,0,7,0,81,79,336
2023-07-12 13:00:00,P0102,Clothing,2033.24,2121.34,461,0.922,2,0,7,0,92,86,338
2023-07-12 14:00:00,P0065,Clothing,3544.9,3610.43,92,0.184,2,0,7,1,82,72,351
2023-07-12 15:00:00,P0191,Books,2850.75,2507.78,300,0.6,2,0,7,0,67,57,245
2023-07-12 16:00:00,P0051,Clothing,4630.51,4464.19,142,0.284,2,0,7,0,75,65,306
2023-07-12 17:00:00,P0036,Groceries,175.93,178.18,142,0.284,2,0,7,0,116,132,435
2023-07-12 18:00:00,P0081,Electronics,3555.57,3953.88,300,0.6,2,0,7,0,88,95,323
2023-07-12 19:00:00,P0127,Books,1685.12,1788.86,451,0.902,2,0,7,0,96,109,373
2023-07-12 20:00:00,P0088,Electronics,942.16,914.49,99,0.198,2,0,7,0,117,103,484
2023-07-12 21:00:00,P0194,Clothing,2576.46,3065.37,452,0.904,2,0,7,0,74,76,274
2023-07-12 22:00:00,P0104,Furniture,2550.07,2150.01,450,0.9,2,0,7,0,70,61,279
2023-07-12 23:00:00,P0015,Books,728.2,642.8,459,0.918,2,0,7,0,101,87,396
2023-07-13 00:00:00,P0096,Clothing,1049.39,982.78,61,0.122,3,0,7,0,108,107,426
2023-07-13 01:00:00,P0167,Groceries,2070.42,1845.63,83,0.166,3,0,7,0,104,109,453
2023-07-13 02:00:00,P0123,Books,2073.62,2177.67,427,0.854,3,0,7,0,87,76,337
2023-07-13 03:00:00,P0198,Books,1621.91,1323.19,275,0.55,3,0,7,0,109,105,479
2023-07-13 04:00:00,P0001,Furniture,785.3,683.98,166,0.332,3,0,7,0,102,89,411
2023-07-13 05:00:00,P0151,Books,71.65,65.73,294,0.588,3,0,7,0,108,104,462
2023-07-13 06:00:00,P0122,Furniture,4852.66,5208.55,128,0.256,3,0,7,0,66,65,256
2023-07-13 07:00:00,P0167,Clothing,4720.32,5430.0,363,0.726,3,0,7,0,60,57,220
2023-07-13 08:00:00,P0126,Groceries,2444.07,2735.88,66,0.132,3,0,7,0,107,109,392
2023-07-13 09:00:00,P0057,Groceries,4975.51,4342.79,46,0.092,3,0,7,0,70,72,284
2023-07-13 10:00:00,P0081,Books,3384.59,3473.14,456,0.912,3,0,7,0,93,88,404
2023-07-13 11:00:00,P0162,Books,390.84,317.37,373,0.746,3,0,7,0,88,85,322
2023-07-13 12:00:00,P0169,Clothing,632.71,584.76,309,0.618,3,0,7,0,103,101,428
2023-07-13 13:00:00,P0073,Furniture,4584.75,5145.89,147,0.294,3,0,7,0,73,70,296
2023-07-13 14:00:00,P0141,Groceries,3168.76,3113.83,249,0.498,3,0,7,0,92,99,379
2023-07-13 15:00:00,P0070,Furniture,4223.76,3632.33,136,0.272,3,0,7,0,69,62,260
2023-07-13 16:00:00,P0006,Clothing,4496.43,4385.91,94,0.188,3,0,7,0,70,77,256
2023-07-13 17:00:00,P0084,Groceries,2267.31,1993.45,237,0.474,3,0,7,0,78,74,285
2023-07-13 18:00:00,P0052,Groceries,290.2,277.8,283,0.566,3,0,7,0,122,130,463
2023-07-13 19:00:00,P0003,Electronics,981.99,977.21,319,0.638,3,0,7,0,82,91,309
2023-07-13 20:00:00,P0081,Clothing,379.53,356.69,34,0.068,3,0,7,0,116,129,429
2023-07-13 21:00:00,P0063,Clothing,984.26,1156.3,295,0.59,3,0,7,0,125,123,476
2023-07-13 22:00:00,P0049,Electronics,2082.14,2134.22,380,0.76,3,0,7,0,97,90,391
2023-07-13 23:00:00,P0076,Furniture,635.07,722.17,357,0.714,3,0,7,0,113,117,493
2023-07-14 00:00:00,P0112,Electronics,875.33,966.62,491,0.982,4,0,7,0,109,99,473
2023-07-14 01:00:00,P0175,Clothing,2256.82,2402.31,257,0.514,4,0,7,0,91,99,347
2023-07-14 02:00:00,P0109,Furniture,1733.85,1731.69,386,0.772,4,0,7,0,92,98,336
2023-07-14 03:00:00,P0183,Groceries,2364.91,1893.98,269,0.538,4,0,7,0,89,97,391
2023-07-14 04:00:00,P0192,Electronics,2174.4,2273.09,464,0.928,4,0,7,0,83,81,330
2023-07-14 05:00:00,P0065,Furniture,3240.17,3053.48,354,0.708,4,0,7,0,74,75,324
2023-07-14 06:00:00,P0081,Furniture,4689.09,3972.15,323,0.646,4,0,7,0,76,67,306
2023-07-14 07:00:00,P0195,Furniture,583.93,571.0,46,0.092,4,0,7,0,107,113,461
2023-07-14 08:00:00,P0015,Electronics,541.34,592.35,93,0.186,4,0,7,0,108,108,427
2023-07-14 09:00:00,P0100,Groceries,4271.39,5060.19,181,0.362,4,0,7,0,64,64,262
2023-07-14 10:00:00,P0032,Furniture,2556.66,2427.91,441,0.882,4,0,7,0,88,97,355
2023-07-14 11:00:00,P0096,Electronics,3843.7,3909.39,189,0.378,4,0,7,0,90,97,340
2023-07-14 12:00:00,P0128,Clothing,1116.34,1273.18,486,0.972,4,0,7,0,71,72,299
2023-07-14 13:00:00,P0196,Electronics,4152.87,3877.12,50,0.1,4,0,7,0,91,87,332
2023-07-14 14:00:00,P0146,Electronics,4623.04,3961.5,205,0.41,4,0,7,0,76,75,296
2023-07-14 15:00:00,P0113,Electronics,3195.64,2916.83,303,0.606,4,0,7,0,91,87,391
2023-07-14 16:00:00,P0083,Furniture,574.1,665.75,410,0.82,4,0,7,0,103,92,412
2023-07-14 17:00:00,P0043,Electronics,4481.71,3871.11,332,0.664,4,0,7,0,73,76,267
2023-07-14 18:00:00,P0116,Clothing,3972.81,3701.42,438,0.876,4,0,7,0,72,76,271
2023-07-14 19:00:00,P0163,Furniture,3766.84,3713.56,124,0.248,4,0,7,0,72,82,266
2023-07-14 20:00:00,P0078,Clothing,231.8,263.98,211,0.422,4,0,7,1,108,107,413
2023-07-14 21:00:00,P0058,Books,4004.86,4706.05,368,0.736,4,0,7,1,68,78,254
2023-07-14 22:00:00,P0033,Electronics,732.86,711.11,432,0.864,4,0,7,0,107,97,446
2023-07-14 23:00:00,P0014,Furniture,1150.81,1349.65,407,0.814,4,0,7,0,92,96,380
2023-07-15 00:00:00,P0162,Furniture,2906.82,2513.19,265,0.53,5,1,7,0,101,116,375
2023-07-15 01:00:00,P0189,Electronics,1361.65,1174.75,134,0.268,5,1,7,0,105,109,415
2023-07-15 02:00:00,P0132,Groceries,3323.67,3920.93,371,0.742,5,1,7,0,105,103,403
2023-07-15 03:00:00,P0059,Groceries,3059.95,3071.8,272,0.544,5,1,7,0,97,97,375
2023-07-15 04:00:00,P0157,Clothing,585.34,511.8,277,0.554,5,1,7,0,103,114,418
2023-07-15 05:00:00,P0083,Electronics,3297.27,3281.43,314,0.628,5,1,7,0,100,113,432
2023-07-15 06:00:00,P0134,Electronics,4623.58,5147.36,299,0.598,5,1,7,0,80,79,345
2023-07-15 07:00:00,P0121,Books,847.49,958.31,266,0.532,5,1,7,0,127,137,499
2023-07-15 08:00:00,P0177,Groceries,3005.46,3443.02,297,0.594,5,1,7,0,124,140,485
2023-07-15 09:00:00,P0168,Groceries,1742.23,1790.71,278,0.556,5,1,7,0,120,112,482
2023-07-15 10:00:00,P0083,Electronics,2325.08,2666.35,373,0.746,5,1,7,0,109,109,434
2023-07-15 11:00:00,P0193,Clothing,1470.65,1476.55,443,0.886,5,1,7,0,100,115,365
2023-07-15 12:00:00,P0197,Electronics,1802.95,1880.16,213,0.426,5,1,7,1,111,106,451
2023-07-15 13:00:00,P0027,Clothing,193.11,213.09,487,0.974,5,1,7,0,110,114,447
2023-07-15 14:00:00,P0080,Groceries,4908.68,4762.27,61,0.122,5,1,7,0,71,74,281
2023-07-15 15:00:00,P0134,Books,3142.76,2606.71,366,0.732,5,1,7,0,87,78,342
2023-07-15 16:00:00,P0013,Furniture,2528.49,2376.95,53,0.106,5,1,7,0,120,131,522
2023-07-15 17:00:00,P0064,Groceries,1949.39,2046.04,337,0.674,5,1,7,0,107,104,437
2023-07-15 18:00:00,P0190,Clothing,2719.9,2385.17,374,0.748,5,1,7,0,83,83,353
2023-07-15 19:00:00,P0147,Electronics,1931.52,1659.86,364,0.728,5,1,7,0,101,105,441
2023-07-15 20:00:00,P0080,Groceries,1831.54,1679.95,473,0.946,5,1,7,0,91,89,387
2023-07-15 21:00:00,P0123,Books,2346.54,1907.37,111,0.222,5,1,7,0,113,107,492
2023-07-15 22:00:00,P0043,Clothing,1416.12,1554.01,477,0.954,5,1,7,0,96,97,404
2023-07-15 23:00:00,P0089,Electronics,941.25,850.41,268,0.536,5,1,7,0,110,105,411
2023-07-16 00:00:00,P0148,Furniture,2805.2,2383.57,323,0.646,6,1,7,0,83,81,314
2023-07-16 01:00:00,P0095,Clothing,4221.69,4557.96,106,0.212,6,1,7,0,103,91,387
2023-07-16 02:00:00,P0196,Electronics,806.5,917.13,282,0.564,6,1,7,0,116,128,447
2023-07-16 03:00:00,P0172,Furniture,212.03,171.31,370,0.74,6,1,7,0,118,115,458
2023-07-16 04:00:00,P0151,Electronics,1271.72,1136.21,167,0.334,6,1,7,0,121,106,514
2023-07-16 05:00:00,P0002,Furniture,4899.62,5772.21,73,0.146,6,1,7,0,85,92,331
2023-07-16 06:00:00,P0120,Furniture,4152.35,3961.76,235,0.47,6,1,7,0,79,68,330
2023-07-16 07:00:00,P0022,Furniture,2999.54,3525.77,91,0.182,6,1,7,1,104,107,450
2023-07-16 08:00:00,P0115,Electronics,4649.78,4229.84,84,0.168,6,1,7,0,85,90,314
2023-07-16 09:00:00,P0057,Furniture,2254.13,1999.93,371,0.742,6,1,7,0,109,99,392
2023-07-16 10:00:00,P0072,Clothing,4917.24,4354.92,74,0.148,6,1,7,0,88,78,379
2023-07-16 11:00:00,P0007,Books,1516.7,1265.07,83,0.166,6,1,7,0,118,104,447
2023-07-16 12:00:00,P0184,Books,1239.51,1436.06,244,0.488,6,1,7,0,114,131,424
2023-07-16 13:00:00,P0119,Furniture,3208.34,3824.13,227,0.454,6,1,7,0,93,100,357
2023-07-16 14:00:00,P0195,Books,1921.86,2271.26,82,0.164,6,1,7,0,115,109,431
2023-07-16 15:00:00,P0114,Books,3150.51,3594.14,499,0.998,6,1,7,0,86,82,364
2023-07-16 16:00:00,P0016,Furniture,1559.73,1776.15,393,0.786,6,1,7,0,107,112,440
2023-07-16 17:00:00,P0083,Furniture,3108.7,3309.01,14,0.028,6,1,7,0,88,87,329
2023-07-16 18:00:00,P0179,Clothing,1414.94,1599.57,492,0.984,6,1,7,0,96,89,390
2023-07-16 19:00:00,P0072,Groceries,302.31,267.04,300,0.6,6,1,7,0,139,121,524
2023-07-16 20:00:00,P0124,Electronics,4565.07,4360.4,180,0.36,6,1,7,0,77,84,289
2023-07-16 21:00:00,P0113,Furniture,4421.87,4670.97,337,0.674,6,1,7,0,78,87,318
2023-07-16 22:00:00,P0012,Furniture,4855.45,5583.32,262,0.524,6,1,7,0,79,72,326
2023-07-16 23:00:00,P0126,Books,3596.81,3827.68,413,0.826,6,1,7,0,83,72,322
2023-07-17 00:00:00,P0053,Clothing,3429.47,3894.54,77,0.154,0,0,7,0,80,71,337
2023-07-17 01:00:00,P0075,Books,2817.07,2787.72,228,0.456,0,0,7,0,94,92,401
2023-07-17 02:00:00,P0133,Furniture,673.41,731.94,232,0.464,0,0,7,0,94,88,407
2023-07-17 03:00:00,P0027,Furniture,986.71,1176.15,29,0.058,0,0,7,0,87,76,357
2023-07-17 04:00:00,P0140,Books,1482.87,1277.34,373,0.746,0,0,7,0,105,104,396
2023-07-17 05:00:00,P0145,Furniture,4456.27,5217.26,154,0.308,0,0,7,0,64,58,269
2023-07-17 06:00:00,P0134,Groceries,906.2,914.31,304,0.608,0,0,7,0,107,93,394
2023-07-17 07:00:00,P0097,Electronics,4618.22,4882.78,184,0.368,0,0,7,0,68,71,255
2023-07-17 08:00:00,P0005,Electronics,2637.79,3036.49,447,0.894,0,0,7,0,93,95,397
2023-07-17 09:00:00,P0057,Electronics,3592.07,3462.26,356,0.712,0,0,7,0,73,80,316
2023-07-17 10:00:00,P0156,Groceries,595.71,576.34,446,0.892,0,0,7,1,92,87,336
2023-07-17 11:00:00,P0078,Furniture,1381.72,1396.74,431,0.862,0,0,7,0,100,89,385
2023-07-17 12:00:00,P0069,Books,4794.67,3872.37,254,0.508,0,0,7,0,76,73,312
2023-07-17 13:00:00,P0118,Clothing,1367.44,1365.62,168,0.336,0,0,7,0,117,127,509
2023-07-17 14:00:00,P0120,Furniture,1517.78,1390.95,80,0.16,0,0,7,0,77,71,312
2023-07-17 15:00:00,P0059,Groceries,1028.11,1204.1,285,0.57,0,0,7,0,80,74,341
2023-07-17 16:00:00,P0033,Groceries,688.91,575.3,209,0.418,0,0,7,0,94,84,408
2023-07-17 17:00:00,P0062,Electronics,1204.63,1185.03,258,0.516,0,0,7,0,88,101,353
2023-07-17 18:00:00,P0050,Furniture,3229.52,3807.56,475,0.95,0,0,7,0,71,81,298
2023-07-17 19:00:00,P0112,Electronics,2304.07,2673.68,36,0.072,0,0,7,0,97,102,401
2023-07-17 20:00:00,P0019,Clothing,2791.09,3015.88,285,0.57,0,0,7,0,86,79,356
2023-07-17 21:00:00,P0197,Electronics,655.71,679.15,53,0.106,0,0,7,0,118,127,474
2023-07-17 22:00:00,P0123,Clothing,4020.48,3667.85,468,0.936,0,0,7,0,64,66,262
2023-07-17 23:00:00,P0194,Groceries,3931.27,3722.06,368,0.736,0,0,7,0,72,77,291
2023-07-18 00:00:00,P0047,Electronics,156.87,131.15,211,0.422,1,0,7,0,109,121,448
2023-07-18 01:00:00,P0167,Electronics,1948.4,2171.38,341,0.682,1,0,7,0,90,85,360
2023-07-18 02:00:00,P0196,Books,390.41,362.9,483,0.966,1,0,7,0,93,105,351
2023-07-18 03:00:00,P0033,Groceries,3970.92,4237.42,99,0.198,1,0,7,0,81,91,337
2023-07-18 04:00:00,P0141,Books,3699.48,3488.75,84,0.168,1,0,7,0,74,75,289
2023-07-18 05:00:00,P0084,Clothing,4514.84,4450.42,471,0.942,1,0,7,0,76,80,281
2023-07-18 06:00:00,P0182,Clothing,1220.2,1247.05,212,0.424,1,0,7,0,92,90,394
2023-07-18 07:00:00,P0135,Groceries,2308.66,2587.41,390,0.78,1,0,7,1,88,92,330
2023-07-18 08:00:00,P0079,Clothing,963.21,851.92,263,0.526,1,0,7,0,98,99,395
2023-07-18 09:00:00,P0014,Groceries,1887.61,1811.17,469,0.938,1,0,7,0,82,78,343
2023-07-18 10:00:00,P0147,Clothing,2635.1,2245.19,85,0.17,1,0,7,0,78,74,321
2023-07-18 11:00:00,P0128,Furniture,313.99,260.71,62,0.124,1,0,7,0,108,113,403
2023-07-18 12:00:00,P0054,Electronics,3588.61,3738.86,446,0.892,1,0,7,0,71,81,267
2023-07-18 13:00:00,P0148,Furniture,2739.3,2398.63,191,0.382,1,0,7,0,83,76,309
2023-07-18 14:00:00,P0029,Groceries,4153.35,3422.03,413,0.826,1,0,7,0,74,72,271
2023-07-18 15:00:00,P0024,Groceries,1395.31,1616.94,481,0.962,1,0,7,0,104,114,398
2023-07-18 16:00:00,P0082,Furniture,4521.44,4583.5,92,0.184,1,0,7,0,74,66,297
2023-07-18 17:00:00,P0063,Electronics,4993.54,4263.74,252,0.504,1,0,7,0,69,79,258
2023-07-18 18:00:00,P0105,Electronics,4600.53,3778.74,137,0.274,1,0,7,0,81,85,355
2023-07-18 19:00:00,P0057,Books,3900.57,3307.47,452,0.904,1,0,7,0,63,71,262
2023-07-18 20:00:00,P0136,Clothing,4071.23,4024.55,48,0.096,1,0,7,0,94,104,382
2023-07-18 21:00:00,P0062,Books,2890.03,3084.78,120,0.24,1,0,7,0,77,83,319
2023-07-18 22:00:00,P0157,Electronics,991.26,1047.28,38,0.076,1,0,7,0,109,94,430
2023-07-18 23:00:00,P0017,Furniture,3401.35,2917.57,33,0.066,1,0,7,0,92,89,366
2023-07-19 00:00:00,P0066,Clothing,3578.13,3769.19,357,0.714,2,0,7,0,87,79,375
2023-07-19 01:00:00,P0006,Furniture,4927.66,4740.14,265,0.53,2,0,7,0,66,73,276
2023-07-19 02:00:00,P0058,Books,2729.44,2690.95,8,0.016,2,0,7,0,95,100,387
2023-07-19 03:00:00,P0069,Groceries,1393.28,1561.27,187,0.374,2,0,7,0,116,102,506
2023-07-19 04:00:00,P0156,Furniture,3434.18,3204.09,95,0.19,2,0,7,0,72,69,297
2023-07-19 05:00:00,P0062,Books,4897.91,4206.32,132,0.264,2,0,7,0,63,55,247
2023-07-19 06:00:00,P0169,Books,927.21,1065.72,162,0.324,2,0,7,0,92,99,335
2023-07-19 07:00:00,P0197,Books,1663.69,1472.12,138,0.276,2,0,7,0,88,86,344
2023-07-19 08:00:00,P0082,Groceries,2732.31,2507.2,297,0.594,2,0,7,0,77,71,334
2023-07-19 09:00:00,P0169,Groceries,892.56,966.32,79,0.158,2,0,7,0,122,123,444
2023-07-19 10:00:00,P0177,Groceries,159.99,171.74,90,0.18,2,0,7,1,132,114,495
2023-07-19 11:00:00,P0177,Clothing,1718.07,1924.51,255,0.51,2,0,7,0,98,91,416
2023-07-19 12:00:00,P0071,Groceries,4333.59,3785.59,147,0.294,2,0,7,0,82,74,319
2023-07-19 13:00:00,P0131,Groceries,265.17,249.5,178,0.356,2,0,7,0,120,136,450
2023-07-19 14:00:00,P0010,Groceries,2173.2,1847.99,256,0.512,2,0,7,0,91,88,387
2023-07-19 15:00:00,P0098,Furniture,3822.89,3885.65,217,0.434,2,0,7,0,84,86,340
2023-07-19 16:00:00,P0089,Groceries,4768.25,4372.62,266,0.532,2,0,7,1,73,73,295
2023-07-19 17:00:00,P0035,Clothing,4928.1,5300.54,316,0.632,2,0,7,0,69,72,265
2023-07-19 18:00:00,P0002,Books,2138.75,1711.29,78,0.156,2,0,7,0,98,92,406
2023-07-19 19:00:00,P0124,Furniture,4754.4,3917.02,166,0.332,2,0,7,0,72,64,309
2023-07-19 20:00:00,P0024,Electronics,225.32,219.24,103,0.206,2,0,7,0,112,98,470
2023-07-19 21:00:00,P0074,Groceries,3742.29,4428.15,303,0.606,2,0,7,0,62,56,254
2023-07-19 22:00:00,P0166,Books,3231.59,3736.82,337,0.674,2,0,7,0,78,78,303
2023-07-19 23:00:00,P0022,Books,1285.13,1539.08,471,0.942,2,0,7,0,91,84,390
2023-07-20 00:00:00,P0154,Furniture,2561.23,2476.02,283,0.566,3,0,7,0,79,77,320
2023-07-20 01:00:00,P0171,Electronics,691.29,565.91,344,0.688,3,0,7,0,96,82,414
2023-07-20 02:00:00,P0183,Clothing,4364.41,4025.66,214,0.428,3,0,7,0,78,81,297
2023-07-20 03:00:00,P0039,Books,1821.6,1949.67,74,0.148,3,0,7,0,109,121,449
2023-07-20 04:00:00,P0157,Books,3148.92,2689.38,224,0.448,3,0,7,0,69,60,300
2023-07-20 05:00:00,P0020,Books,835.94,769.06,335,0.67,3,0,7,0,93,85,363
2023-07-20 06:00:00,P0041,Books,1070.52,880.47,291,0.582,3,0,7,0,107,101,467
2023-07-20 07:00:00,P0182,Furniture,4960.18,4910.51,342,0.684,3,0,7,0,56,52,219
2023-07-20 08:00:00,P0148,Electronics,3777.78,3337.93,69,0.138,3,0,7,0,81,70,320
2023-07-20 09:00:00,P0108,Books,4811.76,4025.03,362,0.724,3,0,7,0,57,50,242
2023-07-20 10:00:00,P0147,Clothing,1514.46,1460.68,189,0.378,3,0,7,0,90,101,343
2023-07-20 11:00:00,P0084,Clothing,864.59,813.14,471,0.942,3,0,7,0,97,103,404
2023-07-20 12:00:00,P0111,Groceries,2540.19,2578.31,485,0.97,3,0,7,0,85,97,326
2023-07-20 13:00:00,P0066,Books,2498.61,2747.51,105,0.21,3,0,7,0,102,100,416
2023-07-20 14:00:00,P0158,Books,915.99,774.04,69,0.138,3,0,7,0,139,155,587
2023-07-20 15:00:00,P0053,Books,3679.44,4107.91,9,0.018,3,0,7,0,83,91,301
2023-07-20 16:00:00,P0034,Books,1840.8,1492.0,213,0.426,3,0,7,0,94,105,345
2023-07-20 17:00:00,P0150,Books,972.51,950.38,470,0.94,3,0,7,0,105,90,456
2023-07-20 18:00:00,P0067,Clothing,1693.32,1752.54,4,0.008,3,0,7,0,115,120,489
2023-07-20 19:00:00,P0134,Electronics,2840.11,3359.28,27,0.054,3,0,7,0,97,99,417
2023-07-20 20:00:00,P0027,Electronics,3646.03,3753.84,314,0.628,3,0,7,0,73,74,288
2023-07-20 21:00:00,P0010,Groceries,2435.36,2102.93,392,0.784,3,0,7,0,90,90,376
2023-07-20 22:00:00,P0073,Clothing,2651.7,2670.31,422,0.844,3,0,7,0,76,83,334
2023-07-20 23:00:00,P0096,Books,737.78,707.02,240,0.48,3,0,7,1,97,111,383
2023-07-21 00:00:00,P0048,Electronics,4577.72,4539.92,235,0.47,4,0,7,0,72,79,308
2023-07-21 01:00:00,P0070,Furniture,4647.18,4084.12,91,0.182,4,0,7,0,88,98,322
2023-07-21 02:00:00,P0187,Furniture,3432.96,3434.1,317,0.634,4,0,7,1,76,76,307
2023-07-21 03:00:00,P0100,Furniture,137.28,118.06,344,0.688,4,0,7,0,106,112,410
2023-07-21 04:00:00,P0059,Books,2708.52,2972.92,362,0.724,4,0,7,0,70,68,281
2023-07-21 05:00:00,P0002,Books,3164.63,3283.5,37,0.074,4,0,7,0,81,78,299
2023-07-21 06:00:00,P0157,Groceries,4973.54,4135.06,218,0.436,4,0,7,0,69,77,269
2023-07-21 07:00:00,P0196,Groceries,4980.53,5756.72,151,0.302,4,0,7,0,72,81,264
2023-07-21 08:00:00,P0065,Groceries,4295.18,4495.13,191,0.382,4,0,7,0,88,93,349
2023-07-21 09:00:00,P0083,Furniture,365.96,339.04,120,0.24,4,0,7,0,100,110,395
2023-07-21 10:00:00,P0154,Books,4768.72,3902.04,490,0.98,4,0,7,0,63,60,243
2023-07-21 11:00:00,P0010,Furniture,3082.67,3245.71,170,0.34,4,0,7,0,81,79,353
2023-07-21 12:00:00,P0053,Groceries,4014.39,3811.17,109,0.218,4,0,7,0,81,89,297
2023-07-21 13:00:00,P0079,Books,2065.6,2402.39,143,0.286,4,0,7,0,90,87,383
2023-07-21 14:00:00,P0059,Clothing,1632.36,1328.66,65,0.13,4,0,7,0,84,72,326
2023-07-21 15:00:00,P0150,Electronics,2343.06,1911.1,321,0.642,4,0,7,0,93,89,350
2023-07-21 16:00:00,P0179,Electronics,777.03,916.68,196,0.392,4,0,7,0,97,94,370
2023-07-21 17:00:00,P0048,Groceries,1817.48,2155.44,45,0.09,4,0,7,0,99,89,428
2023-07-21 18:00:00,P0149,Furniture,4295.21,3483.83,148,0.296,4,0,7,0,75,71,319
2023-07-21 19:00:00,P0123,Clothing,237.85,258.4,59,0.118,4,0,7,0,115,130,415
2023-07-21 20:00:00,P0022,Books,796.85,708.08,137,0.274,4,0,7,0,75,83,279
2023-07-21 21:00:00,P0100,Furniture,669.32,723.24,489,0.978,4,0,7,0,80,79,331
2023-07-21 22:00:00,P0098,Groceries,2045.22,2346.88,401,0.802,4,0,7,0,85,90,328
2023-07-21 23:00:00,P0158,Furniture,4985.09,4189.13,89,0.178,4,0,7,0,86,77,373
2023-07-22 00:00:00,P0025,Groceries,908.12,813.23,211,0.422,5,1,7,0,108,116,457
2023-07-22 01:00:00,P0028,Electronics,770.14,623.53,168,0.336,5,1,7,0,118,117,507
2023-07-22 02:00:00,P0193,Electronics,4579.53,3743.91,419,0.838,5,1,7,0,85,91,319
2023-07-22 03:00:00,P0113,Furniture,4416.15,3585.24,112,0.224,5,1,7,0,92,96,342
2023-07-22 04:00:00,P0045,Clothing,209.59,234.8,340,0.68,5,1,7,0,125,115,543
2023-07-22 05:00:00,P0068,Books,3770.94,3466.69,65,0.13,5,1,7,0,95,105,373
2023-07-22 06:00:00,P0007,Groceries,3294.56,3285.61,301,0.602,5,1,7,0,74,76,291
2023-07-22 07:00:00,P0049,Books,3850.32,4293.64,117,0.234,5,1,7,0,77,84,319
2023-07-22 08:00:00,P0137,Electronics,2497.79,2492.74,224,0.448,5,1,7,0,93,82,364
2023-07-22 09:00:00,P0164,Clothing,4957.33,4816.93,150,0.3,5,1,7,0,76,79,327
2023-07-22 10:00:00,P0083,Clothing,267.04,214.87,166,0.332,5,1,7,0,143,134,625
2023-07-22 11:00:00,P0129,Books,1210.14,1243.07,94,0.188,5,1,7,0,121,134,468
2023-07-22 12:00:00,P0138,Electronics,2012.9,1710.76,259,0.518,5,1,7,0,99,112,373
2023-07-22 13:00:00,P0164,Books,2276.4,2517.38,424,0.848,5,1,7,0,94,81,344
2023-07-22 14:00:00,P0073,Furniture,4610.77,4163.96,258,0.516,5,1,7,0,91,97,343
2023-07-22 15:00:00,P0046,Clothing,2822.02,3018.64,484,0.968,5,1,7,1,91,80,338
2023-07-22 16:00:00,P0106,Clothing,273.3,289.29,436,0.872,5,1,7,0,123,136,446
2023-07-22 17:00:00,P0160,Furniture,2068.92,2165.48,119,0.238,5,1,7,0,105,93,382
2023-07-22 18:00:00,P0032,Electronics,2111.63,1914.79,73,0.146,5,1,7,0,90,82,361
2023-07-22 19:00:00,P0006,Clothing,4829.18,4379.27,361,0.722,5,1,7,0,79,73,329
2023-07-22 20:00:00,P0176,Groceries,3016.03,3454.02,95,0.19,5,1,7,0,105,112,461
2023-07-22 21:00:00,P0166,Groceries,3196.47,2573.55,291,0.582,5,1,7,0,102,96,380
2023-07-22 22:00:00,P0145,Electronics,3580.6,3124.46,176,0.352,5,1,7,0,93,96,387
2023-07-22 23:00:00,P0074,Furniture,3861.69,4031.87,26,0.052,5,1,7,0,117,120,473
2023-07-23 00:00:00,P0114,Books,3193.5,3598.49,308,0.616,6,1,7,0,84,82,335
2023-07-23 01:00:00,P0027,Electronics,1224.11,1154.75,304,0.608,6,1,7,0,100,101,418
2023-07-23 02:00:00,P0054,Books,4376.53,4645.15,210,0.42,6,1,7,0,82,73,311
2023-07-23 03:00:00,P0178,Electronics,3673.99,3757.99,357,0.714,6,1,7,0,83,92,319
2023-07-23 04:00:00,P0163,Groceries,3722.26,3073.9,256,0.512,6,1,7,1,87,79,340
2023-07-23 05:00:00,P0085,Furniture,4982.96,5225.63,473,0.946,6,1,7,0,69,77,258
2023-07-23 06:00:00,P0127,Groceries,4022.51,4527.58,429,0.858,6,1,7,0,78,78,311
2023-07-23 07:00:00,P0153,Furniture,4154.3,4972.61,317,0.634,6,1,7,1,78,81,289
2023-07-23 08:00:00,P0156,Books,4759.46,3864.0,204,0.408,6,1,7,0,72,67,278
2023-07-23 09:00:00,P0111,Electronics,798.11,849.21,354,0.708,6,1,7,0,120,110,443
2023-07-23 10:00:00,P0015,Clothing,2513.75,2427.83,65,0.13,6,1,7,0,121,121,439
2023-07-23 11:00:00,P0132,Clothing,2923.81,2350.5,149,0.298,6,1,7,0,134,125,520
2023-07-23 12:00:00,P0093,Furniture,1679.91,1756.76,166,0.332,6,1,7,0,117,114,479
2023-07-23 13:00:00,P0123,Furniture,4205.05,3569.97,219,0.438,6,1,7,0,94,92,350
2023-07-23 14:00:00,P0073,Groceries,3823.98,3638.24,299,0.598,6,1,7,1,88,82,387
2023-07-23 15:00:00,P0155,Clothing,3618.37,3272.99,257,0.514,6,1,7,0,96,90,367
2023-07-23 16:00:00,P0154,Groceries,4985.89,4709.0,202,0.404,6,1,7,0,77,88,279
2023-07-23 17:00:00,P0147,Books,1333.94,1330.04,239,0.478,6,1,7,0,110,113,398
2023-07-23 18:00:00,P0092,Clothing,3690.51,3482.67,314,0.628,6,1,7,0,85,93,351
2023-07-23 19:00:00,P0017,Books,2779.45,2838.08,228,0.456,6,1,7,0,118,102,488
2023-07-23 20:00:00,P0043,Electronics,1599.3,1432.11,473,0.946,6,1,7,0,119,101,514
2023-07-23 21:00:00,P0121,Groceries,844.91,890.66,155,0.31,6,1,7,0,112,113,411
2023-07-23 22:00:00,P0041,Furniture,4484.62,5119.22,217,0.434,6,1,7,0,86,94,335
2023-07-23 23:00:00,P0170,Clothing,2997.5,2666.66,464,0.928,6,1,7,0,86,89,371
2023-07-24 00:00:00,P0178,Groceries,4133.42,4146.44,194,0.388,0,0,7,0,89,92,377
2023-07-24 01:00:00,P0168,Furniture,2749.46,2912.99,269,0.538,0,0,7,0,75,67,284
2023-07-24 02:00:00,P0039,Electronics,1138.89,1168.33,15,0.03,0,0,7,0,121,138,522
2023-07-24 03:00:00,P0113,Clothing,1720.87,1628.39,240,0.48,0,0,7,0,96,97,398
2023-07-24 04:00:00,P0151,Books,1938.62,2048.89,251,0.502,0,0,7,0,76,67,290
2023-07-24 05:00:00,P0111,Electronics,4866.03,3947.8,50,0.1,0,0,7,0,86,84,313
2023-07-24 06:00:00,P0180,Furniture,77.88,73.83,355,0.71,0,0,7,0,87,76,348
2023-07-24 07:00:00,P0047,Clothing,4929.05,4993.35,27,0.054,0,0,7,0,65,63,271
2023-07-24 08:00:00,P0063,Clothing,4903.29,3963.06,475,0.95,0,0,7,0,54,57,206
2023-07-24 09:00:00,P0110,Electronics,4980.95,4996.19,52,0.104,0,0,7,0,80,76,299
2023-07-24 10:00:00,P0069,Clothing,2409.11,2557.76,307,0.614,0,0,7,0,82,77,300
2023-07-24 11:00:00,P0043,Furniture,4820.85,5320.69,115,0.23,0,0,7,0,63,63,269
2023-07-24 12:00:00,P0176,Electronics,2008.22,1697.65,408,0.816,0,0,7,0,92,92,335
2023-07-24 13:00:00,P0034,Books,180.16,215.51,440,0.88,0,0,7,0,90,89,368
2023-07-24 14:00:00,P0040,Electronics,1160.52,1209.8,8,0.016,0,0,7,0,114,115,480
2023-07-24 15:00:00,P0061,Electronics,4729.22,4470.43,10,0.02,0,0,7,0,77,67,325
2023-07-24 16:00:00,P0178,Books,118.14,106.28,484,0.968,0,0,7,0,102,101,421
2023-07-24 17:00:00,P0195,Furniture,2752.67,2832.93,106,0.212,0,0,7,0,73,84,301
2023-07-24 18:00:00,P0062,Groceries,424.23,489.0,300,0.6,0,0,7,0,116,125,462
2023-07-24 19:00:00,P0058,Groceries,1467.66,1479.73,340,0.68,0,0,7,1,108,101,425
2023-07-24 20:00:00,P0161,Books,486.06,517.45,257,0.514,0,0,7,0,115,121,427
2023-07-24 21:00:00,P0075,Furniture,4304.67,4059.64,181,0.362,0,0,7,0,80,76,322
2023-07-24 22:00:00,P0016,Clothing,2975.8,2842.67,417,0.834,0,0,7,0,77,70,282
2023-07-24 23:00:00,P0082,Books,4515.43,4129.23,169,0.338,0,0,7,0,85,92,338
2023-07-25 00:00:00,P0094,Groceries,3457.35,3741.73,460,0.92,1,0,7,0,63,58,264
2023-07-25 01:00:00,P0048,Furniture,4856.59,4583.04,324,0.648,1,0,7,0,51,56,202
2023-07-25 02:00:00,P0138,Electronics,2573.89,2255.47,138,0.276,1,0,7,0,102,98,409
2023-07-25 03:00:00,P0082,Furniture,3211.62,3043.85,284,0.568,1,0,7,0,67,72,286
2023-07-25 04:00:00,P0038,Furniture,2902.73,3313.56,110,0.22,1,0,7,0,99,92,408
2023-07-25 05:00:00,P0127,Groceries,2447.09,2680.3,91,0.182,1,0,7,0,80,84,296
2023-07-25 06:00:00,P0019,Groceries,4237.5,3957.22,219,0.438,1,0,7,0,78,71,315
2023-07-25 07:00:00,P0164,Clothing,3240.4,3767.69,4,0.008,1,0,7,0,82,70,319
2023-07-25 08:00:00,P0187,Clothing,4016.5,3333.43,19,0.038,1,0,7,0,84,92,316
2023-07-25 09:00:00,P0063,Books,3942.5,3232.46,100,0.2,1,0,7,0,91,101,375
2023-07-25 10:00:00,P0077,Electronics,995.67,847.3,294,0.588,1,0,7,0,91,101,356
2023-07-25 11:00:00,P0174,Clothing,3268.31,2766.89,457,0.914,1,0,7,0,88,76,371
2023-07-25 12:00:00,P0131,Groceries,1038.26,867.09,415,0.83,1,0,7,0,95,102,387
2023-07-25 13:00:00,P0102,Furniture,2937.44,3127.01,156,0.312,1,0,7,0,88,97,324
2023-07-25 14:00:00,P0065,Books,3403.3,3540.58,449,0.898,1,0,7,0,83,78,322
2023-07-25 15:00:00,P0120,Clothing,4986.31,5280.71,382,0.764,1,0,7,0,71,70,271
2023-07-25 16:00:00,P0091,Furniture,201.18,216.34,0,0.0,1,0,7,0,117,114,435
2023-07-25 17:00:00,P0008,Furniture,501.65,553.2,211,0.422,1,0,7,0,91,89,386
2023-07-25 18:00:00,P0179,Clothing,431.28,380.76,118,0.236,1,0,7,0,112,124,437
2023-07-25 19:00:00,P0073,Electronics,2021.89,2120.8,384,0.768,1,0,7,0,75,73,307
2023-07-25 20:00:00,P0134,Electronics,4116.86,4248.68,259,0.518,1,0,7,0,73,69,314
2023-07-25 21:00:00,P0107,Books,4228.08,4978.41,398,0.796,1,0,7,0,66,59,266
2023-07-25 22:00:00,P0089,Electronics,3698.05,3302.16,174,0.348,1,0,7,0,68,72,259
2023-07-25 23:00:00,P0039,Books,4489.55,3697.1,413,0.826,1,0,7,0,60,53,254
2023-07-26 00:00:00,P0113,Groceries,1648.16,1749.35,133,0.266,2,0,7,0,112,97,442
2023-07-26 01:00:00,P0188,Clothing,486.37,533.1,101,0.202,2,0,7,0,108,114,438
2023-07-26 02:00:00,P0028,Furniture,337.86,308.56,384,0.768,2,0,7,0,97,103,419
2023-07-26 03:00:00,P0097,Books,4268.06,4389.01,454,0.908,2,0,7,0,71,65,283
2023-07-26 04:00:00,P0182,Electronics,3665.66,3019.82,61,0.122,2,0,7,0,97,110,375
2023-07-26 05:00:00,P0037,Books,3508.15,4153.71,447,0.894,2,0,7,0,69,75,289
2023-07-26 06:00:00,P0137,Books,1731.4,1461.25,388,0.776,2,0,7,0,101,107,374
2023-07-26 07:00:00,P0082,Electronics,1930.53,1596.6,53,0.106,2,0,7,0,100,108,433
2023-07-26 08:00:00,P0056,Electronics,4792.66,3918.69,304,0.608,2,0,7,0,79,77,342
2023-07-26 09:00:00,P0187,Clothing,365.83,355.19,6,0.012,2,0,7,0,129,127,524
2023-07-26 10:00:00,P0085,Furniture,3879.97,3254.77,355,0.71,2,0,7,0,70,78,261
2023-07-26 11:00:00,P0002,Clothing,1582.68,1737.56,2,0.004,2,0,7,1,108,93,428
2023-07-26 12:00:00,P0189,Clothing,243.32,282.14,331,0.662,2,0,7,0,96,105,378
2023-07-26 13:00:00,P0058,Electronics,3725.72,3368.38,378,0.756,2,0,7,0,75,74,288
2023-07-26 14:00:00,P0107,Electronics,1688.01,1774.96,444,0.888,2,0,7,0,81,80,303
2023-07-26 15:00:00,P0123,Furniture,3624.63,2961.09,334,0.668,2,0,7,0,70,66,267
2023-07-26 16:00:00,P0188,Books,3552.89,3391.68,467,0.934,2,0,7,0,81,84,328
2023-07-26 17:00:00,P0168,Clothing,2697.2,2473.81,424,0.848,2,0,7,0,83,87,344
2023-07-26 18:00:00,P0164,Furniture,3898.0,3474.86,148,0.296,2,0,7,0,81,73,355
2023-07-26 19:00:00,P0114,Clothing,2926.14,3095.53,287,0.574,2,0,7,0,79,81,298
2023-07-26 20:00:00,P0107,Books,1468.85,1251.59,11,0.022,2,0,7,0,102,101,384
2023-07-26 21:00:00,P0037,Clothing,3683.87,4215.39,484,0.968,2,0,7,0,68,74,251
2023-07-26 22:00:00,P0079,Groceries,2966.24,3161.82,103,0.206,2,0,7,0,83,84,361
2023-07-26 23:00:00,P0092,Furniture,113.0,122.53,110,0.22,2,0,7,1,107,105,418
2023-07-27 00:00:00,P0018,Electronics,4513.14,5299.05,262,0.524,3,0,7,0,64,65,278
2023-07-27 01:00:00,P0098,Clothing,2750.94,3237.72,434,0.868,3,0,7,0,69,69,297
2023-07-27 02:00:00,P0063,Furniture,4349.7,4439.57,172,0.344,3,0,7,1,73,83,265
2023-07-27 03:00:00,P0150,Furniture,4419.55,4411.38,94,0.188,3,0,7,1,68,64,260
2023-07-27 04:00:00,P0139,Clothing,2252.58,2104.25,320,0.64,3,0,7,0,102,88,392
2023-07-27 05:00:00,P0186,Electronics,2562.92,2783.92,443,0.886,3,0,7,0,70,73,268
2023-07-27 06:00:00,P0185,Electronics,2107.98,2140.2,202,0.404,3,0,7,0,89,92,351
2023-07-27 07:00:00,P0004,Clothing,2274.71,2668.58,44,0.088,3,0,7,0,104,117,416
2023-07-27 08:00:00,P0135,Furniture,4480.98,4012.5,33,0.066,3,0,7,0,60,53,252
2023-07-27 09:00:00,P0061,Electronics,3951.31,3651.41,210,0.42,3,0,7,0,82,83,313
2023-07-27 10:00:00,P0107,Clothing,676.3,626.55,394,0.788,3,0,7,0,90,81,346
2023-07-27 11:00:00,P0054,Clothing,3071.02,3446.91,224,0.448,3,0,7,0,75,74,306
2023-07-27 12:00:00,P0088,Clothing,4979.74,4181.07,416,0.832,3,0,7,0,66,72,247
2023-07-27 13:00:00,P0068,Furniture,2997.98,2944.79,263,0.526,3,0,7,0,89,99,354
2023-07-27 14:00:00,P0129,Electronics,3940.06,3825.93,300,0.6,3,0,7,0,66,73,251
2023-07-27 15:00:00,P0055,Furniture,3856.85,3198.32,455,0.91,3,0,7,0,68,69,256
2023-07-27 16:00:00,P0003,Groceries,1784.07,1720.41,225,0.45,3,0,7,0,107,111,453
2023-07-27 17:00:00,P0166,Electronics,1890.65,1900.77,103,0.206,3,0,7,0,94,95,392
2023-07-27 18:00:00,P0121,Furniture,3634.18,3001.98,474,0.948,3,0,7,0,64,65,243
2023-07-27 19:00:00,P0129,Electronics,2524.92,2534.88,220,0.44,3,0,7,0,88,98,346
2023-07-27 20:00:00,P0102,Groceries,2874.33,3402.33,333,0.666,3,0,7,0,81,74,302
2023-07-27 21:00:00,P0038,Books,3578.88,4264.47,417,0.834,3,0,7,0,72,71,262
2023-07-27 22:00:00,P0085,Clothing,3899.0,3948.41,300,0.6,3,0,7,1,78,81,317
2023-07-27 23:00:00,P0157,Furniture,1394.01,1402.43,122,0.244,3,0,7,0,96,104,374
2023-07-28 00:00:00,P0133,Groceries,776.63,710.0,484,0.968,4,0,7,0,100,108,377
2023-07-28 01:00:00,P0092,Groceries,1494.38,1791.53,448,0.896,4,0,7,0,87,77,321
2023-07-28 02:00:00,P0021,Electronics,2562.31,2330.91,456,0.912,4,0,7,0,69,63,286
2023-07-28 03:00:00,P0199,Electronics,1743.6,1710.75,435,0.87,4,0,7,0,102,115,389
2023-07-28 04:00:00,P0195,Clothing,2863.4,2294.08,393,0.786,4,0,7,0,68,65,294
2023-07-28 05:00:00,P0109,Electronics,314.66,295.68,221,0.442,4,0,7,0,117,100,439
2023-07-28 06:00:00,P0047,Furniture,2573.26,2132.14,42,0.084,4,0,7,0,92,84,349
2023-07-28 07:00:00,P0084,Furniture,1871.53,2054.06,209,0.418,4,0,7,0,95,108,407
2023-07-28 08:00:00,P0083,Furniture,2696.6,2762.41,336,0.672,4,0,7,0,76,72,308
2023-07-28 09:00:00,P0035,Books,2141.54,2203.36,453,0.906,4,0,7,0,80,83,295
2023-07-28 10:00:00,P0196,Furniture,1456.92,1332.51,10,0.02,4,0,7,0,114,122,461
2023-07-28 11:00:00,P0069,Electronics,4525.33,5095.33,215,0.43,4,0,7,0,63,66,242
2023-07-28 12:00:00,P0129,Electronics,964.59,772.93,163,0.326,4,0,7,0,99,95,415
2023-07-28 13:00:00,P0196,Furniture,3422.76,3194.94,224,0.448,4,0,7,0,89,87,326
2023-07-28 14:00:00,P0140,Groceries,4626.99,4922.19,224,0.448,4,0,7,0,66,73,286
2023-07-28 15:00:00,P0188,Groceries,2716.42,3159.66,245,0.49,4,0,7,0,86,90,343
2023-07-28 16:00:00,P0027,Groceries,4388.22,3922.39,145,0.29,4,0,7,0,75,64,314
2023-07-28 17:00:00,P0056,Clothing,668.01,678.99,190,0.38,4,0,7,0,97,88,404
2023-07-28 18:00:00,P0023,Books,2494.25,2532.15,260,0.52,4,0,7,0,91,85,341
2023-07-28 19:00:00,P0153,Furniture,2312.28,2658.36,286,0.572,4,0,7,0,88,84,379
2023-07-28 20:00:00,P0021,Clothing,90.19,73.97,15,0.03,4,0,7,0,109,112,413
2023-07-28 21:00:00,P0061,Groceries,2244.12,2176.33,193,0.386,4,0,7,0,98,94,368
2023-07-28 22:00:00,P0063,Furniture,1876.7,1638.33,8,0.016,4,0,7,0,103,113,414
2023-07-28 23:00:00,P0122,Clothing,3365.5,2721.39,1,0.002,4,0,7,0,87,86,382
2023-07-29 00:00:00,P0052,Electronics,4694.73,4031.89,292,0.584,5,1,7,0,75,75,289
2023-07-29 01:00:00,P0088,Groceries,474.67,565.14,83,0.166,5,1,7,0,110,108,481
2023-07-29 02:00:00,P0153,Clothing,1671.01,1480.41,442,0.884,5,1,7,0,100,94,395
2023-07-29 03:00:00,P0055,Electronics,2248.12,2639.32,208,0.416,5,1,7,0,82,88,350
2023-07-29 04:00:00,P0046,Groceries,2303.17,2031.63,57,0.114,5,1,7,0,119,109,479
2023-07-29 05:00:00,P0032,Books,3885.31,4555.6,472,0.944,5,1,7,0,71,75,267
2023-07-29 06:00:00,P0055,Groceries,2244.81,2383.65,338,0.676,5,1,7,0,106,107,456
2023-07-29 07:00:00,P0096,Books,184.45,155.91,105,0.21,5,1,7,0,113,100,413
2023-07-29 08:00:00,P0133,Books,3565.02,3681.83,135,0.27,5,1,7,0,82,70,340
2023-07-29 09:00:00,P0036,Books,4429.91,4108.32,307,0.614,5,1,7,0,74,67,316
2023-07-29 10:00:00,P0110,Furniture,2593.83,2472.6,330,0.66,5,1,7,0,115,124,491
2023-07-29 11:00:00,P0177,Furniture,2926.49,2856.45,460,0.92,5,1,7,1,86,83,355
2023-07-29 12:00:00,P0106,Books,856.54,830.06,76,0.152,5,1,7,0,146,159,555
2023-07-29 13:00:00,P0058,Electronics,1142.2,1217.18,456,0.912,5,1,7,0,111,111,447
2023-07-29 14:00:00,P0039,Books,1214.09,1344.42,324,0.648,5,1,7,0,108,93,443
2023-07-29 15:00:00,P0080,Clothing,2182.17,2033.06,209,0.418,5,1,7,0,108,119,466
2023-07-29 16:00:00,P0097,Books,4644.32,5432.67,231,0.462,5,1,7,0,83,94,309
2023-07-29 17:00:00,P0113,Furniture,2632.83,3094.59,124,0.248,5,1,7,0,109,95,433
2023-07-29 18:00:00,P0061,Furniture,1000.88,816.99,179,0.358,5,1,7,0,135,123,522
2023-07-29 19:00:00,P0137,Clothing,1367.13,1101.86,461,0.922,5,1,7,0,105,112,414
2023-07-29 20:00:00,P0006,Clothing,1950.87,1892.4,289,0.578,5,1,7,0,112,129,420
2023-07-29 21:00:00,P0109,Groceries,3135.13,3248.8,213,0.426,5,1,7,1,115,128,434
2023-07-29 22:00:00,P0035,Electronics,2228.16,2030.21,431,0.862,5,1,7,0,82,72,346
2023-07-29 23:00:00,P0039,Electronics,1992.6,1800.84,96,0.192,5,1,7,0,111,115,442
2023-07-30 00:00:00,P0150,Electronics,2845.41,3048.38,407,0.814,6,1,7,0,100,105,401
2023-07-30 01:00:00,P0169,Furniture,1247.08,1297.81,248,0.496,6,1,7,0,98,102,423
2023-07-30 02:00:00,P0118,Electronics,440.57,381.91,220,0.44,6,1,7,0,111,113,421
2023-07-30 03:00:00,P0005,Groceries,170.85,197.13,12,0.024,6,1,7,0,123,115,475
2023-07-30 04:00:00,P0170,Groceries,1293.73,1386.87,305,0.61,6,1,7,0,115,121,442
2023-07-30 05:00:00,P0087,Electronics,503.38,475.71,90,0.18,6,1,7,1,135,144,557
2023-07-30 06:00:00,P0076,Clothing,1714.89,1840.85,192,0.384,6,1,7,0,102,104,413
2023-07-30 07:00:00,P0195,Groceries,3876.02,3275.47,198,0.396,6,1,7,0,93,93,370
2023-07-30 08:00:00,P0158,Clothing,3595.66,3550.0,259,0.518,6,1,7,0,84,77,347
2023-07-30 09:00:00,P0057,Furniture,3074.09,2667.06,63,0.126,6,1,7,0,115,117,459
2023-07-30 10:00:00,P0127,Groceries,4269.88,3486.67,329,0.658,6,1,7,0,85,76,361
2023-07-30 11:00:00,P0029,Clothing,1446.23,1352.7,231,0.462,6,1,7,0,121,105,475
2023-07-30 12:00:00,P0165,Electronics,4431.02,3811.98,226,0.452,6,1,7,0,95,103,410
2023-07-30 13:00:00,P0087,Furniture,2026.23,2134.45,166,0.332,6,1,7,0,117,123,432
2023-07-30 14:00:00,P0141,Books,2034.42,2176.07,250,0.5,6,1,7,0,100,104,368
2023-07-30 15:00:00,P0160,Books,2056.49,1767.51,446,0.892,6,1,7,0,99,112,408
2023-07-30 16:00:00,P0046,Electronics,535.57,433.73,185,0.37,6,1,7,0,108,104,422
2023-07-30 17:00:00,P0116,Furniture,4878.68,5450.09,248,0.496,6,1,7,0,69,67,274
2023-07-30 18:00:00,P0112,Furniture,735.61,589.09,271,0.542,6,1,7,0,125,122,520
2023-07-30 19:00:00,P0151,Furniture,1737.38,1628.91,474,0.948,6,1,7,0,117,116,441
2023-07-30 20:00:00,P0045,Furniture,1630.54,1627.01,339,0.678,6,1,7,0,118,118,429
2023-07-30 21:00:00,P0145,Books,419.66,473.15,445,0.89,6,1,7,0,117,127,462
2023-07-30 22:00:00,P0104,Clothing,803.69,912.53,137,0.274,6,1,7,0,105,96,453
2023-07-30 23:00:00,P0085,Furniture,272.05,296.53,108,0.216,6,1,7,0,132,129,523
2023-07-31 00:00:00,P0194,Clothing,1497.4,1345.98,317,0.634,0,0,7,0,85,85,345
2023-07-31 01:00:00,P0134,Furniture,4339.95,4722.19,416,0.832,0,0,7,0,70,63,264
2023-07-31 02:00:00,P0108,Groceries,1730.24,1554.82,454,0.908,0,0,7,0,76,81,302
2023-07-31 03:00:00,P0018,Groceries,662.27,586.67,425,0.85,0,0,7,1,99,86,394
2023-07-31 04:00:00,P0094,Groceries,3246.18,3307.37,43,0.086,0,0,7,0,83,85,314
2023-07-31 05:00:00,P0150,Furniture,4983.17,5339.67,429,0.858,0,0,7,0,62,56,231
2023-07-31 06:00:00,P0033,Clothing,1200.0,985.46,341,0.682,0,0,7,0,91,78,353
2023-07-31 07:00:00,P0158,Books,1433.88,1181.53,490,0.98,0,0,7,0,75,71,272
2023-07-31 08:00:00,P0126,Electronics,4860.64,5413.14,336,0.672,0,0,7,0,72,70,269
2023-07-31 09:00:00,P0160,Books,934.94,1069.38,200,0.4,0,0,7,0,101,111,423
2023-07-31 10:00:00,P0170,Furniture,2580.51,2688.31,377,0.754,0,0,7,0,80,78,330
2023-07-31 11:00:00,P0122,Groceries,1236.28,1201.08,103,0.206,0,0,7,0,103,116,397
2023-07-31 12:00:00,P0138,Groceries,4665.14,5309.52,457,0.914,0,0,7,0,60,66,242
2023-07-31 13:00:00,P0115,Clothing,4908.53,5357.79,483,0.966,0,0,7,0,57,52,243
2023-07-31 14:00:00,P0164,Furniture,4082.75,4212.74,478,0.956,0,0,7,0,78,70,333
2023-07-31 15:00:00,P0162,Books,1608.18,1492.23,414,0.828,0,0,7,0,91,84,375
2023-07-31 16:00:00,P0028,Furniture,2047.26,1799.95,388,0.776,0,0,7,0,84,80,311
2023-07-31 17:00:00,P0011,Furniture,1249.41,1208.77,119,0.238,0,0,7,0,87,89,325
2023-07-31 18:00:00,P0167,Groceries,4459.25,4079.01,401,0.802,0,0,7,0,63,56,242
2023-07-31 19:00:00,P0047,Books,4577.06,4282.77,389,0.778,0,0,7,0,60,61,248
2023-07-31 20:00:00,P0127,Electronics,2123.41,2136.69,361,0.722,0,0,7,0,84,86,320
2023-07-31 21:00:00,P0147,Groceries,3299.84,2863.07,433,0.866,0,0,7,0,87,91,346
2023-07-31 22:00:00,P0118,Books,869.49,975.98,382,0.764,0,0,7,0,111,113,473
2023-07-31 23:00:00,P0143,Clothing,2202.93,1890.58,27,0.054,0,0,7,0,95,104,410
2023-08-01 00:00:00,P0126,Groceries,3175.92,3151.77,106,0.212,1,0,8,0,80,83,342
2023-08-01 01:00:00,P0156,Clothing,1957.75,2150.37,279,0.558,1,0,8,0,97,109,358
2023-08-01 02:00:00,P0152,Groceries,1820.12,1809.21,452,0.904,1,0,8,0,97,103,420
2023-08-01 03:00:00,P0072,Furniture,54.95,51.9,27,0.054,1,0,8,0,115,113,477
2023-08-01 04:00:00,P0107,Books,4031.25,3990.76,185,0.37,1,0,8,0,92,84,377
2023-08-01 05:00:00,P0137,Clothing,4452.22,5073.16,194,0.388,1,0,8,0,68,58,258
2023-08-01 06:00:00,P0175,Groceries,4848.84,5800.05,145,0.29,1,0,8,0,67,59,291
2023-08-01 07:00:00,P0033,Clothing,3610.39,3799.78,259,0.518,1,0,8,0,77,70,278
2023-08-01 08:00:00,P0190,Groceries,2766.52,3091.25,359,0.718,1,0,8,0,79,72,290
2023-08-01 09:00:00,P0019,Groceries,1382.96,1114.38,176,0.352,1,0,8,1,89,95,331
2023-08-01 10:00:00,P0195,Electronics,4996.53,5756.73,127,0.254,1,0,8,0,74,71,307
2023-08-01 11:00:00,P0074,Electronics,2969.28,3508.56,383,0.766,1,0,8,0,78,74,320
2023-08-01 12:00:00,P0168,Electronics,3421.71,3524.59,105,0.21,1,0,8,0,102,88,444
2023-08-01 13:00:00,P0175,Clothing,3427.91,3775.92,415,0.83,1,0,8,0,81,82,314
2023-08-01 14:00:00,P0193,Furniture,4234.0,4255.58,351,0.702,1,0,8,0,72,74,279
2023-08-01 15:00:00,P0157,Groceries,97.88,89.51,382,0.764,1,0,8,0,124,138,513
2023-08-01 16:00:00,P0178,Books,1140.22,1300.88,210,0.42,1,0,8,0,109,109,408
2023-08-01 17:00:00,P0098,Electronics,3344.39,3473.93,348,0.696,1,0,8,0,83,71,330
2023-08-01 18:00:00,P0141,Clothing,4480.97,4623.26,480,0.96,1,0,8,1,60,52,217
2023-08-01 19:00:00,P0129,Clothing,3442.43,3661.55,321,0.642,1,0,8,0,76,71,310
2023-08-01 20:00:00,P0162,Clothing,2096.78,2395.36,313,0.626,1,0,8,0,98,87,414
2023-08-01 21:00:00,P0093,Books,1839.7,2010.36,10,0.02,1,0,8,0,110,119,414
2023-08-01 22:00:00,P0176,Books,3702.84,3274.98,366,0.732,1,0,8,1,70,62,269
2023-08-01 23:00:00,P0048,Electronics,3719.13,3669.77,480,0.96,1,0,8,0,87,78,322
2023-08-02 00:00:00,P0177,Books,3054.94,3641.85,488,0.976,2,0,8,0,74,78,303
2023-08-02 01:00:00,P0064,Electronics,1492.76,1525.34,359,0.718,2,0,8,0,104,96,421
2023-08-02 02:00:00,P0061,Books,4629.52,5441.07,320,0.64,2,0,8,0,69,79,294
2023-08-02 03:00:00,P0157,Books,2781.81,3130.5,383,0.766,2,0,8,0,85,94,372
2023-08-02 04:00:00,P0039,Books,3962.94,4226.12,489,0.978,2,0,8,0,66,71,290
2023-08-02 05:00:00,P0128,Electronics,1110.83,1043.9,16,0.032,2,0,8,0,111,106,409
2023-08-02 06:00:00,P0088,Groceries,1753.0,1615.79,369,0.738,2,0,8,0,76,66,307
2023-08-02 07:00:00,P0026,Electronics,4379.17,4630.4,335,0.67,2,0,8,0,77,73,326
2023-08-02 08:00:00,P0017,Groceries,298.03,289.99,65,0.13,2,0,8,0,123,118,508
2023-08-02 09:00:00,P0071,Clothing,2585.96,2894.99,373,0.746,2,0,8,0,99,88,427
2023-08-02 10:00:00,P0013,Clothing,2434.44,2688.07,112,0.224,2,0,8,0,94,83,372
2023-08-02 11:00:00,P0069,Electronics,3768.59,3485.39,131,0.262,2,0,8,0,72,76,284
2023-08-02 12:00:00,P0026,Groceries,1445.37,1562.58,415,0.83,2,0,8,0,105,97,380
2023-08-02 13:00:00,P0049,Groceries,1134.38,1131.91,70,0.14,2,0,8,0,104,110,376
2023-08-02 14:00:00,P0195,Groceries,4634.36,4306.79,412,0.824,2,0,8,0,42,43,174
2023-08-02 15:00:00,P0007,Clothing,2879.96,2779.7,60,0.12,2,0,8,0,95,106,378
2023-08-02 16:00:00,P0058,Electronics,568.21,658.07,443,0.886,2,0,8,0,107,117,442
2023-08-02 17:00:00,P0049,Furniture,1005.53,949.03,456,0.912,2,0,8,0,105,94,398
2023-08-02 18:00:00,P0103,Groceries,4994.19,4569.48,313,0.626,2,0,8,0,59,61,253
2023-08-02 19:00:00,P0053,Groceries,1018.26,957.9,482,0.964,2,0,8,0,97,101,419
2023-08-02 20:00:00,P0193,Furniture,3071.85,2721.19,243,0.486,2,0,8,0,88,98,363
2023-08-02 21:00:00,P0062,Electronics,2129.63,2167.65,308,0.616,2,0,8,0,95,99,363
2023-08-02 22:00:00,P0017,Groceries,4433.72,3808.45,4,0.008,2,0,8,0,73,65,275
2023-08-02 23:00:00,P0171,Electronics,3788.08,4269.08,369,0.738,2,0,8,0,76,70,312
2023-08-03 00:00:00,P0025,Groceries,3004.91,2675.07,316,0.632,3,0,8,1,91,95,396
2023-08-03 01:00:00,P0131,Books,103.16,107.21,20,0.04,3,0,8,0,96,108,390
2023-08-03 02:00:00,P0029,Groceries,4404.99,3744.29,185,0.37,3,0,8,0,73,82,312
2023-08-03 03:00:00,P0117,Books,2251.1,2681.92,208,0.416,3,0,8,0,101,97,409
2023-08-03 04:00:00,P0160,Electronics,4661.31,4576.61,230,0.46,3,0,8,0,81,89,335
2023-08-03 05:00:00,P0026,Groceries,2502.92,2825.47,13,0.026,3,0,8,0,110,110,446
2023-08-03 06:00:00,P0124,Clothing,3486.41,3861.06,351,0.702,3,0,8,0,84,83,341
2023-08-03 07:00:00,P0144,Clothing,393.0,426.59,78,0.156,3,0,8,0,134,128,562
2023-08-03 08:00:00,P0025,Furniture,3738.5,4228.04,468,0.936,3,0,8,0,78,82,306
2023-08-03 09:00:00,P0054,Clothing,1723.08,1447.71,181,0.362,3,0,8,0,75,77,324
2023-08-03 10:00:00,P0156,Books,1789.23,1916.98,77,0.154,3,0,8,0,96,92,412
2023-08-03 11:00:00,P0073,Clothing,637.35,577.65,296,0.592,3,0,8,0,117,126,489
2023-08-03 12:00:00,P0120,Clothing,776.94,865.78,271,0.542,3,0,8,0,97,93,407
2023-08-03 13:00:00,P0056,Clothing,969.51,1146.69,50,0.1,3,0,8,0,123,126,483
2023-08-03 14:00:00,P0065,Groceries,1674.62,1943.56,256,0.512,3,0,8,0,102,99,435
2023-08-03 15:00:00,P0093,Furniture,4465.25,3777.52,295,0.59,3,0,8,0,83,73,361
2023-08-03 16:00:00,P0086,Electronics,1872.89,1775.16,17,0.034,3,0,8,0,97,87,411
2023-08-03 17:00:00,P0080,Furniture,3635.6,3438.29,289,0.578,3,0,8,0,63,66,234
2023-08-03 18:00:00,P0169,Books,459.6,390.16,217,0.434,3,0,8,0,105,115,444
2023-08-03 19:00:00,P0108,Groceries,2975.94,2497.56,444,0.888,3,0,8,0,67,66,266
2023-08-03 20:00:00,P0179,Groceries,2435.36,2323.23,99,0.198,3,0,8,0,89,84,364
2023-08-03 21:00:00,P0118,Clothing,4890.89,5853.56,148,0.296,3,0,8,0,50,48,220
2023-08-03 22:00:00,P0199,Clothing,4238.73,4355.62,384,0.768,3,0,8,0,69,71,268
2023-08-03 23:00:00,P0157,Books,2301.41,2413.52,154,0.308,3,0,8,1,97,96,376
2023-08-04 00:00:00,P0083,Groceries,3886.96,3841.9,434,0.868,4,0,8,0,74,63,282
2023-08-04 01:00:00,P0147,Electronics,1005.54,1070.83,394,0.788,4,0,8,0,105,114,389
2023-08-04 02:00:00,P0194,Furniture,2833.56,3351.15,375,0.75,4,0,8,1,84,75,314
2023-08-04 03:00:00,P0169,Groceries,419.36,434.24,101,0.202,4,0,8,0,105,111,421
2023-08-04 04:00:00,P0173,Electronics,1773.04,1464.56,114,0.228,4,0,8,1,111,106,480
2023-08-04 05:00:00,P0015,Electronics,1168.02,1164.7,269,0.538,4,0,8,0,106,108,450
2023-08-04 06:00:00,P0131,Furniture,3608.6,4319.86,91,0.182,4,0,8,0,82,91,307
2023-08-04 07:00:00,P0139,Electronics,2475.95,2364.44,438,0.876,4,0,8,0,81,73,328
2023-08-04 08:00:00,P0181,Books,3767.8,3909.29,410,0.82,4,0,8,0,68,74,291
2023-08-04 09:00:00,P0174,Electronics,2600.71,2191.5,405,0.81,4,0,8,0,93,80,375
2023-08-04 10:00:00,P0030,Books,478.1,409.48,20,0.04,4,0,8,0,115,130,498
2023-08-04 11:00:00,P0057,Electronics,3690.07,4243.11,119,0.238,4,0,8,0,88,80,381
2023-08-04 12:00:00,P0146,Clothing,4174.48,3841.1,407,0.814,4,0,8,0,55,60,213
2023-08-04 13:00:00,P0179,Electronics,4522.48,4170.54,18,0.036,4,0,8,0,77,67,331
2023-08-04 14:00:00,P0128,Books,2881.36,2751.37,23,0.046,4,0,8,0,94,89,382
2023-08-04 15:00:00,P0048,Electronics,3780.25,4485.61,25,0.05,4,0,8,0,73,76,291
2023-08-04 16:00:00,P0194,Electronics,3772.62,3145.45,152,0.304,4,0,8,0,74,78,312
2023-08-04 17:00:00,P0136,Electronics,820.96,925.64,300,0.6,4,0,8,0,109,116,461
2023-08-04 18:00:00,P0022,Books,862.89,808.2,363,0.726,4,0,8,0,104,99,431
2023-08-04 19:00:00,P0006,Electronics,400.88,456.92,412,0.824,4,0,8,0,103,108,438
2023-08-04 20:00:00,P0185,Furniture,1633.57,1954.9,201,0.402,4,0,8,0,110,108,480
2023-08-04 21:00:00,P0104,Furniture,2393.87,2248.96,498,0.996,4,0,8,0,86,88,370
2023-08-04 22:00:00,P0036,Books,4989.59,4249.85,138,0.276,4,0,8,0,78,79,285
2023-08-04 23:00:00,P0079,Clothing,2183.42,1872.83,279,0.558,4,0,8,0,82,74,351
2023-08-05 00:00:00,P0116,Furniture,3644.9,4022.13,23,0.046,5,1,8,0,99,109,418
2023-08-05 01:00:00,P0057,Groceries,3482.32,2987.72,11,0.022,5,1,8,0,100,111,434
2023-08-05 02:00:00,P0049,Furniture,1062.19,960.4,134,0.268,5,1,8,0,106,97,444
2023-08-05 03:00:00,P0173,Groceries,339.61,299.45,423,0.846,5,1,8,0,136,133,585
2023-08-05 04:00:00,P0082,Books,2752.73,2593.82,80,0.16,5,1,8,0,100,99,361
2023-08-05 05:00:00,P0066,Clothing,3516.51,2917.81,354,0.708,5,1,8,0,91,92,399
2023-08-05 06:00:00,P0077,Groceries,4991.35,5703.6,69,0.138,5,1,8,0,77,66,289
2023-08-05 07:00:00,P0045,Groceries,1825.12,2088.04,203,0.406,5,1,8,1,122,131,524
2023-08-05 08:00:00,P0079,Furniture,4487.0,4330.73,78,0.156,5,1,8,0,84,93,365
2023-08-05 09:00:00,P0020,Groceries,1940.57,2027.58,479,0.958,5,1,8,0,95,85,342
2023-08-05 10:00:00,P0192,Books,3462.59,3659.2,278,0.556,5,1,8,0,91,102,394
2023-08-05 11:00:00,P0123,Books,3011.35,3311.59,198,0.396,5,1,8,0,99,109,422
2023-08-05 12:00:00,P0067,Books,312.25,314.83,378,0.756,5,1,8,0,111,112,482
2023-08-05 13:00:00,P0083,Furniture,438.02,439.83,293,0.586,5,1,8,0,111,103,415
2023-08-05 14:00:00,P0003,Clothing,152.78,160.8,414,0.828,5,1,8,0,111,101,469
2023-08-05 15:00:00,P0182,Furniture,1885.63,2038.78,284,0.568,5,1,8,0,104,104,415
2023-08-05 16:00:00,P0064,Books,3741.72,3512.26,427,0.854,5,1,8,0,85,85,324
2023-08-05 17:00:00,P0040,Furniture,905.14,843.72,155,0.31,5,1,8,0,116,121,488
2023-08-05 18:00:00,P0059,Books,3048.97,2768.12,75,0.15,5,1,8,0,90,98,358
2023-08-05 19:00:00,P0183,Electronics,1479.7,1508.61,218,0.436,5,1,8,0,99,112,428
2023-08-05 20:00:00,P0062,Electronics,3995.11,3771.63,323,0.646,5,1,8,0,76,83,317
2023-08-05 21:00:00,P0132,Groceries,4002.06,4066.59,276,0.552,5,1,8,0,88,99,327
2023-08-05 22:00:00,P0060,Clothing,3888.3,3742.08,264,0.528,5,1,8,0,94,94,357
2023-08-05 23:00:00,P0116,Electronics,2647.93,3004.59,48,0.096,5,1,8,0,95,82,362
2023-08-06 00:00:00,P0075,Books,1458.61,1209.56,97,0.194,6,1,8,0,123,106,477
2023-08-06 01:00:00,P0122,Furniture,4056.75,4173.93,292,0.584,6,1,8,0,87,81,360
2023-08-06 02:00:00,P0107,Furniture,971.2,1000.58,20,0.04,6,1,8,0,150,155,647
2023-08-06 03:00:00,P0096,Groceries,1484.31,1415.27,443,0.886,6,1,8,0,128,122,522
2023-08-06 04:00:00,P0091,Furniture,960.54,930.19,22,0.044,6,1,8,0,140,126,588
2023-08-06 05:00:00,P0158,Electronics,3387.34,3794.0,471,0.942,6,1,8,0,91,101,351
2023-08-06 06:00:00,P0130,Furniture,3446.87,3144.47,137,0.274,6,1,8,0,100,115,402
2023-08-06 07:00:00,P0062,Electronics,3279.92,3767.19,229,0.458,6,1,8,0,87,74,348
2023-08-06 08:00:00,P0049,Electronics,2107.23,2441.3,325,0.65,6,1,8,0,91,80,379
2023-08-06 09:00:00,P0137,Clothing,545.85,578.74,404,0.808,6,1,8,0,96,96,385
2023-08-06 10:00:00,P0092,Groceries,4560.29,5058.01,356,0.712,6,1,8,0,78,74,302
2023-08-06 11:00:00,P0159,Books,2563.27,2679.08,28,0.056,6,1,8,0,101,110,383
2023-08-06 12:00:00,P0124,Electronics,2064.51,2085.37,314,0.628,6,1,8,0,111,116,422
2023-08-06 13:00:00,P0061,Groceries,2964.68,3518.1,423,0.846,6,1,8,0,80,70,351
2023-08-06 14:00:00,P0048,Books,1004.31,917.0,20,0.04,6,1,8,0,129,131,501
2023-08-06 15:00:00,P0153,Furniture,706.12,608.44,341,0.682,6,1,8,0,107,102,454
2023-08-06 16:00:00,P0164,Groceries,2057.35,1882.46,98,0.196,6,1,8,0,96,109,351
2023-08-06 17:00:00,P0136,Groceries,1174.74,1228.6,62,0.124,6,1,8,0,112,111,411
2023-08-06 18:00:00,P0058,Groceries,1259.24,1100.67,301,0.602,6,1,8,0,104,117,431
2023-08-06 19:00:00,P0101,Furniture,4467.93,5198.55,132,0.264,6,1,8,0,85,73,337
2023-08-06 20:00:00,P0112,Furniture,2677.26,2581.98,14,0.028,6,1,8,0,101,89,435
2023-08-06 21:00:00,P0173,Groceries,2443.17,2785.18,104,0.208,6,1,8,0,97,94,416
2023-08-06 22:00:00,P0062,Clothing,3462.92,3115.57,110,0.22,6,1,8,0,88,98,370
2023-08-06 23:00:00,P0039,Electronics,4760.16,4404.42,338,0.676,6,1,8,0,48,49,204
2023-08-07 00:00:00,P0058,Furniture,605.38,498.65,335,0.67,0,0,8,0,98,108,421
2023-08-07 01:00:00,P0099,Clothing,4176.0,3771.38,423,0.846,0,0,8,0,69,65,292
2023-08-07 02:00:00,P0192,Furniture,2940.89,2929.5,110,0.22,0,0,8,1,85,75,342
2023-08-07 03:00:00,P0044,Groceries,773.52,911.56,362,0.724,0,0,8,0,101,93,385
2023-08-07 04:00:00,P0029,Clothing,1520.89,1453.3,342,0.684,0,0,8,0,102,106,431
2023-08-07 05:00:00,P0059,Books,2437.69,2573.95,3,0.006,0,0,8,0,107,119,412
2023-08-07 06:00:00,P0071,Electronics,3471.33,3370.95,468,0.936,0,0,8,0,80,79,304
2023-08-07 07:00:00,P0092,Electronics,1250.9,1024.13,151,0.302,0,0,8,0,96,87,359
2023-08-07 08:00:00,P0009,Furniture,2697.65,2701.46,41,0.082,0,0,8,0,84,87,345
2023-08-07 09:00:00,P0127,Electronics,3439.12,2841.97,374,0.748,0,0,8,0,72,65,273
2023-08-07 10:00:00,P0134,Books,2271.27,2619.86,25,0.05,0,0,8,0,103,105,402
2023-08-07 11:00:00,P0157,Clothing,4321.98,4759.43,361,0.722,0,0,8,0,71,63,296
2023-08-07 12:00:00,P0186,Clothing,4353.82,4142.49,193,0.386,0,0,8,0,68,74,288
2023-08-07 13:00:00,P0145,Groceries,2379.92,2513.4,359,0.718,0,0,8,0,95,104,366
2023-08-07 14:00:00,P0144,Clothing,4865.98,4110.83,7,0.014,0,0,8,0,65,66,278
2023-08-07 15:00:00,P0131,Furniture,424.15,458.52,72,0.144,0,0,8,0,107,92,390
2023-08-07 16:00:00,P0021,Books,66.64,75.24,449,0.898,0,0,8,0,104,97,456
2023-08-07 17:00:00,P0064,Groceries,1934.31,2183.25,77,0.154,0,0,8,0,107,95,421
2023-08-07 18:00:00,P0090,Furniture,3025.43,2764.37,147,0.294,0,0,8,1,97,98,374
2023-08-07 19:00:00,P0036,Furniture,3164.54,2865.49,321,0.642,0,0,8,0,82,72,356
2023-08-07 20:00:00,P0062,Furniture,2408.41,2429.02,67,0.134,0,0,8,0,83,92,308
2023-08-07 21:00:00,P0170,Electronics,668.17,793.19,354,0.708,0,0,8,0,111,123,431
2023-08-07 22:00:00,P0076,Furniture,893.96,1044.33,182,0.364,0,0,8,0,94,84,365
2023-08-07 23:00:00,P0170,Electronics,4268.13,4028.5,333,0.666,0,0,8,0,67,71,264
2023-08-08 00:00:00,P0189,Clothing,4346.16,4832.63,84,0.168,1,0,8,0,69,73,295
2023-08-08 01:00:00,P0013,Electronics,3385.8,3956.4,495,0.99,1,0,8,0,72,70,308
2023-08-08 02:00:00,P0011,Furniture,3337.88,3018.68,78,0.156,1,0,8,0,77,69,314
2023-08-08 03:00:00,P0054,Books,3008.53,3406.01,38,0.076,1,0,8,1,94,84,413
2023-08-08 04:00:00,P0016,Books,1054.48,956.58,305,0.61,1,0,8,0,103,110,440
2023-08-08 05:00:00,P0008,Clothing,2169.84,2033.82,19,0.038,1,0,8,0,106,97,439
2023-08-08 06:00:00,P0104,Furniture,3494.68,3073.67,69,0.138,1,0,8,0,87,90,327
2023-08-08 07:00:00,P0059,Electronics,2709.4,2717.07,155,0.31,1,0,8,0,91,101,368
2023-08-08 08:00:00,P0057,Books,141.97,161.47,116,0.232,1,0,8,0,103,106,388
2023-08-08 09:00:00,P0040,Groceries,4770.11,4823.63,367,0.734,1,0,8,0,61,70,234
2023-08-08 10:00:00,P0187,Furniture,4231.84,3594.42,426,0.852,1,0,8,0,67,70,278
2023-08-08 11:00:00,P0130,Furniture,1339.7,1206.68,449,0.898,1,0,8,1,91,86,341
2023-08-08 12:00:00,P0094,Groceries,3101.47,3179.46,27,0.054,1,0,8,1,86,95,316
2023-08-08 13:00:00,P0138,Books,4620.03,4773.76,374,0.748,1,0,8,1,70,66,282
2023-08-08 14:00:00,P0044,Groceries,525.25,541.41,97,0.194,1,0,8,0,137,156,493
2023-08-08 15:00:00,P0139,Clothing,2540.0,2110.24,461,0.922,1,0,8,0,84,83,343
2023-08-08 16:00:00,P0080,Electronics,2308.4,2542.65,328,0.656,1,0,8,1,81,92,350
2023-08-08 17:00:00,P0081,Electronics,2080.51,2421.24,150,0.3,1,0,8,0,102,92,383
2023-08-08 18:00:00,P0002,Books,4186.16,4203.77,363,0.726,1,0,8,0,66,56,258
2023-08-08 19:00:00,P0178,Groceries,1934.2,2103.5,418,0.836,1,0,8,0,90,82,390
2023-08-08 20:00:00,P0140,Furniture,365.13,425.6,21,0.042,1,0,8,0,121,106,504
2023-08-08 21:00:00,P0115,Furniture,375.9,397.34,260,0.52,1,0,8,0,109,117,404
2023-08-08 22:00:00,P0090,Furniture,261.59,279.83,59,0.118,1,0,8,0,108,100,422
2023-08-08 23:00:00,P0023,Clothing,2075.27,2259.06,424,0.848,1,0,8,0,87,91,366
2023-08-09 00:00:00,P0146,Clothing,3606.11,3260.65,412,0.824,2,0,8,0,70,74,289
2023-08-09 01:00:00,P0062,Furniture,1058.43,1093.43,162,0.324,2,0,8,0,99,105,369
2023-08-09 02:00:00,P0113,Books,3250.02,3694.85,113,0.226,2,0,8,0,71,78,259
2023-08-09 03:00:00,P0128,Clothing,3451.09,3169.71,353,0.706,2,0,8,0,76,68,315
2023-08-09 04:00:00,P0062,Clothing,1313.25,1521.88,195,0.39,2,0,8,0,122,106,499
2023-08-09 05:00:00,P0038,Electronics,3022.76,3168.31,44,0.088,2,0,8,0,67,58,244
2023-08-09 06:00:00,P0195,Electronics,3440.1,3334.39,112,0.224,2,0,8,0,65,57,285
2023-08-09 07:00:00,P0166,Books,2359.74,2476.01,392,0.784,2,0,8,0,85,82,323
2023-08-09 08:00:00,P0195,Clothing,1716.75,1649.36,178,0.356,2,0,8,0,105,120,410
2023-08-09 09:00:00,P0061,Clothing,3114.8,3535.97,269,0.538,2,0,8,0,71,68,266
2023-08-09 10:00:00,P0129,Groceries,4890.34,4855.75,492,0.984,2,0,8,0,62,61,264
2023-08-09 11:00:00,P0173,Books,2162.86,2509.97,324,0.648,2,0,8,0,87,95,380
2023-08-09 12:00:00,P0156,Books,1989.09,1996.89,369,0.738,2,0,8,0,83,93,313
2023-08-09 13:00:00,P0149,Groceries,2348.12,2498.75,55,0.11,2,0,8,0,99,113,379
2023-08-09 14:00:00,P0122,Groceries,427.28,512.35,366,0.732,2,0,8,0,92,101,383
2023-08-09 15:00:00,P0110,Electronics,2788.16,2394.43,346,0.692,2,0,8,0,91,91,366
2023-08-09 16:00:00,P0013,Books,1677.05,1835.85,266,0.532,2,0,8,0,77,71,284
2023-08-09 17:00:00,P0155,Books,651.04,557.0,413,0.826,2,0,8,0,97,100,421
2023-08-09 18:00:00,P0100,Groceries,2357.97,2677.58,114,0.228,2,0,8,0,95,86,388
2023-08-09 19:00:00,P0135,Furniture,66.75,69.33,356,0.712,2,0,8,0,103,89,396
2023-08-09 20:00:00,P0022,Furniture,2038.84,2396.17,166,0.332,2,0,8,0,90,101,359
2023-08-09 21:00:00,P0074,Electronics,573.39,657.32,353,0.706,2,0,8,0,107,107,428
2023-08-09 22:00:00,P0181,Furniture,170.25,141.3,114,0.228,2,0,8,0,109,109,438
2023-08-09 23:00:00,P0132,Furniture,4131.15,3531.81,407,0.814,2,0,8,0,59,61,236
2023-08-10 00:00:00,P0023,Furniture,4585.43,4770.99,79,0.158,3,0,8,0,69,68,279
2023-08-10 01:00:00,P0119,Clothing,1077.99,1085.89,313,0.626,3,0,8,0,99,97,388
2023-08-10 02:00:00,P0070,Electronics,2719.53,2358.99,285,0.57,3,0,8,0,80,90,297
2023-08-10 03:00:00,P0084,Groceries,1425.89,1214.49,407,0.814,3,0,8,0,89,97,368
2023-08-10 04:00:00,P0101,Furniture,2493.21,2557.03,322,0.644,3,0,8,0,92,84,390
2023-08-10 05:00:00,P0084,Clothing,2211.33,1812.34,28,0.056,3,0,8,0,92,86,393
2023-08-10 06:00:00,P0161,Furniture,1381.8,1588.37,41,0.082,3,0,8,0,104,109,376
2023-08-10 07:00:00,P0028,Clothing,3516.95,3948.95,459,0.918,3,0,8,0,72,74,283
2023-08-10 08:00:00,P0136,Electronics,676.13,753.31,118,0.236,3,0,8,1,121,131,530
2023-08-10 09:00:00,P0001,Furniture,312.71,252.17,61,0.122,3,0,8,0,115,123,420
2023-08-10 10:00:00,P0165,Clothing,3849.99,3153.36,154,0.308,3,0,8,0,85,90,359
2023-08-10 11:00:00,P0063,Books,3346.35,3413.06,284,0.568,3,0,8,0,74,82,274
2023-08-10 12:00:00,P0022,Books,2517.7,3015.63,449,0.898,3,0,8,0,96,104,409
2023-08-10 13:00:00,P0070,Clothing,2365.56,2216.36,440,0.88,3,0,8,0,90,83,372
2023-08-10 14:00:00,P0125,Furniture,2512.19,2355.81,188,0.376,3,0,8,0,105,117,439
2023-08-10 15:00:00,P0149,Furniture,2213.27,1889.49,284,0.568,3,0,8,1,91,87,399
2023-08-10 16:00:00,P0096,Electronics,1994.82,2133.93,103,0.206,3,0,8,0,91,102,396
2023-08-10 17:00:00,P0163,Electronics,2523.47,2671.52,56,0.112,3,0,8,0,92,101,354
2023-08-10 18:00:00,P0079,Groceries,2666.15,2240.98,456,0.912,3,0,8,1,82,72,320
2023-08-10 19:00:00,P0005,Electronics,3474.92,3429.62,310,0.62,3,0,8,0,79,85,310
2023-08-10 20:00:00,P0060,Furniture,3570.48,3809.1,371,0.742,3,0,8,0,72,72,270
2023-08-10 21:00:00,P0120,Groceries,1919.26,1914.28,171,0.342,3,0,8,0,96,110,375
2023-08-10 22:00:00,P0046,Electronics,2097.03,2243.29,383,0.766,3,0,8,0,89,88,390
2023-08-10 23:00:00,P0178,Clothing,1899.8,2140.14,155,0.31,3,0,8,0,89,77,355
2023-08-11 00:00:00,P0176,Books,2705.85,2906.97,164,0.328,4,0,8,1,86,81,375
2023-08-11 01:00:00,P0134,Electronics,2294.1,2400.65,406,0.812,4,0,8,0,96,94,351
2023-08-11 02:00:00,P0056,Electronics,4453.5,5083.39,332,0.664,4,0,8,0,77,79,280
2023-08-11 03:00:00,P0110,Clothing,3496.99,4057.33,68,0.136,4,0,8,0,78,70,317
2023-08-11 04:00:00,P0187,Furniture,4498.35,4298.42,479,0.958,4,0,8,1,77,77,323
2023-08-11 05:00:00,P0157,Clothing,3560.23,3094.91,475,0.95,4,0,8,0,66,66,249
2023-08-11 06:00:00,P0199,Electronics,4856.41,5473.87,57,0.114,4,0,8,0,75,83,300
2023-08-11 07:00:00,P0104,Furniture,3196.9,2830.86,206,0.412,4,0,8,0,94,88,404
2023-08-11 08:00:00,P0077,Groceries,4819.57,5646.51,471,0.942,4,0,8,0,57,56,240
2023-08-11 09:00:00,P0146,Electronics,832.94,673.97,415,0.83,4,0,8,0,86,83,326
2023-08-11 10:00:00,P0002,Clothing,309.76,361.96,84,0.168,4,0,8,0,119,124,460
2023-08-11 11:00:00,P0008,Groceries,2916.67,3020.72,324,0.648,4,0,8,0,81,89,311
2023-08-11 12:00:00,P0075,Books,4918.29,5458.79,100,0.2,4,0,8,0,68,72,284
2023-08-11 13:00:00,P0182,Groceries,2117.15,2031.19,291,0.582,4,0,8,0,78,77,341
2023-08-11 14:00:00,P0125,Clothing,1099.61,1315.89,250,0.5,4,0,8,0,114,119,436
2023-08-11 15:00:00,P0038,Groceries,2631.63,2344.84,219,0.438,4,0,8,0,90,85,366
2023-08-11 16:00:00,P0176,Clothing,3261.55,2954.11,159,0.318,4,0,8,0,90,80,395
2023-08-11 17:00:00,P0027,Electronics,1610.13,1321.23,186,0.372,4,0,8,0,109,103,406
2023-08-11 18:00:00,P0020,Furniture,3588.11,4220.3,383,0.766,4,0,8,0,62,61,256
2023-08-11 19:00:00,P0140,Books,4876.82,4791.05,443,0.886,4,0,8,0,63,62,244
2023-08-11 20:00:00,P0043,Furniture,4489.97,4804.0,86,0.172,4,0,8,0,63,67,277
2023-08-11 21:00:00,P0189,Furniture,1493.35,1605.32,463,0.926,4,0,8,1,96,109,354
2023-08-11 22:00:00,P0031,Furniture,1667.28,1917.04,497,0.994,4,0,8,0,98,95,388
2023-08-11 23:00:00,P0091,Clothing,1889.13,2013.76,329,0.658,4,0,8,0,90,79,342
2023-08-12 00:00:00,P0061,Clothing,2003.04,2052.73,348,0.696,5,1,8,0,102,88,370
2023-08-12 01:00:00,P0195,Books,546.58,592.56,499,0.998,5,1,8,0,116,99,507
2023-08-12 02:00:00,P0109,Clothing,3821.72,4205.38,154,0.308,5,1,8,0,95,107,385
2023-08-12 03:00:00,P0091,Clothing,1858.43,1624.96,354,0.708,5,1,8,0,101,116,420
2023-08-12 04:00:00,P0163,Clothing,4405.11,3717.33,489,0.978,5,1,8,0,80,69,328
2023-08-12 05:00:00,P0095,Clothing,4638.36,3849.56,492,0.984,5,1,8,0,71,68,264
2023-08-12 06:00:00,P0143,Electronics,170.93,162.32,279,0.558,5,1,8,0,127,133,475
2023-08-12 07:00:00,P0144,Books,4943.09,4939.14,342,0.684,5,1,8,0,65,59,267
2023-08-12 08:00:00,P0013,Clothing,3564.61,3729.51,322,0.644,5,1,8,1,98,101,414
2023-08-12 09:00:00,P0113,Books,2625.94,3107.05,163,0.326,5,1,8,0,94,103,384
2023-08-12 10:00:00,P0035,Groceries,1978.16,1844.27,492,0.984,5,1,8,0,100,111,406
2023-08-12 11:00:00,P0187,Electronics,2616.66,2889.71,397,0.794,5,1,8,0,84,89,353
2023-08-12 12:00:00,P0149,Clothing,1656.89,1677.67,67,0.134,5,1,8,0,112,98,425
2023-08-12 13:00:00,P0182,Electronics,3132.3,2781.6,427,0.854,5,1,8,1,84,80,352
2023-08-12 14:00:00,P0158,Electronics,510.25,533.78,431,0.862,5,1,8,1,119,136,468
2023-08-12 15:00:00,P0048,Groceries,3124.56,3708.45,361,0.722,5,1,8,0,105,95,435
2023-08-12 16:00:00,P0035,Books,1412.96,1200.63,374,0.748,5,1,8,0,99,98,378
2023-08-12 17:00:00,P0086,Electronics,137.29,137.69,287,0.574,5,1,8,0,112,106,416
2023-08-12 18:00:00,P0166,Furniture,2785.89,2286.22,211,0.422,5,1,8,0,110,100,399
2023-08-12 19:00:00,P0159,Groceries,2913.32,2704.98,119,0.238,5,1,8,0,94,89,399
2023-08-12 20:00:00,P0152,Furniture,2161.52,2265.79,400,0.8,5,1,8,0,122,111,458
2023-08-12 21:00:00,P0114,Groceries,407.82,463.46,476,0.952,5,1,8,0,100,111,389
2023-08-12 22:00:00,P0177,Furniture,4472.05,4884.07,184,0.368,5,1,8,0,89,80,375
2023-08-12 23:00:00,P0100,Furniture,3076.58,3030.87,422,0.844,5,1,8,0,76,79,301
2023-08-13 00:00:00,P0160,Electronics,622.78,724.72,415,0.83,6,1,8,0,101,114,381
2023-08-13 01:00:00,P0183,Electronics,2579.11,2375.58,451,0.902,6,1,8,0,84,95,315
2023-08-13 02:00:00,P0186,Groceries,2511.41,2766.55,215,0.43,6,1,8,0,96,99,377
2023-08-13 03:00:00,P0099,Books,348.99,345.36,491,0.982,6,1,8,0,121,113,490
2023-08-13 04:00:00,P0003,Electronics,3053.96,3540.93,489,0.978,6,1,8,0,87,80,341
2023-08-13 05:00:00,P0197,Electronics,4051.22,4533.21,129,0.258,6,1,8,0,99,106,428
2023-08-13 06:00:00,P0085,Clothing,3757.59,4361.01,77,0.154,6,1,8,0,102,117,368
2023-08-13 07:00:00,P0125,Electronics,1054.7,934.15,487,0.974,6,1,8,0,95,83,373
2023-08-13 08:00:00,P0138,Books,4318.35,4608.8,169,0.338,6,1,8,0,84,91,352
2023-08-13 09:00:00,P0083,Clothing,1745.58,1912.08,37,0.074,6,1,8,0,132,117,569
2023-08-13 10:00:00,P0025,Furniture,4735.22,5194.37,54,0.108,6,1,8,0,77,72,299
2023-08-13 11:00:00,P0068,Furniture,405.15,405.8,438,0.876,6,1,8,0,121,123,501
2023-08-13 12:00:00,P0061,Clothing,2456.73,1976.44,289,0.578,6,1,8,1,93,87,378
2023-08-13 13:00:00,P0029,Clothing,3005.77,2718.94,45,0.09,6,1,8,0,93,97,350
2023-08-13 14:00:00,P0127,Clothing,1275.87,1185.69,170,0.34,6,1,8,0,113,110,468
2023-08-13 15:00:00,P0019,Groceries,3868.33,4413.05,129,0.258,6,1,8,0,81,74,308
2023-08-13 16:00:00,P0171,Books,3153.13,3583.07,163,0.326,6,1,8,0,110,111,465
2023-08-13 17:00:00,P0194,Books,139.64,117.56,69,0.138,6,1,8,0,96,82,412
2023-08-13 18:00:00,P0074,Furniture,3061.42,3612.27,291,0.582,6,1,8,1,99,106,394
2023-08-13 19:00:00,P0061,Furniture,2482.82,2167.46,405,0.81,6,1,8,0,101,102,368
2023-08-13 20:00:00,P0171,Furniture,1020.34,985.39,68,0.136,6,1,8,0,118,134,494
2023-08-13 21:00:00,P0153,Electronics,4978.95,4411.66,421,0.842,6,1,8,0,57,50,227
2023-08-13 22:00:00,P0020,Furniture,4490.95,5138.24,104,0.208,6,1,8,0,89,95,327
2023-08-13 23:00:00,P0048,Clothing,1497.91,1647.34,53,0.106,6,1,8,0,114,107,441
2023-08-14 00:00:00,P0087,Furniture,2728.3,2568.45,405,0.81,0,0,8,1,76,73,291
2023-08-14 01:00:00,P0152,Clothing,1616.69,1734.31,367,0.734,0,0,8,0,103,98,431
2023-08-14 02:00:00,P0139,Groceries,3888.7,3397.74,458,0.916,0,0,8,0,80,77,315
2023-08-14 03:00:00,P0110,Electronics,4655.14,4435.97,362,0.724,0,0,8,0,63,62,256
2023-08-14 04:00:00,P0183,Electronics,1826.2,1736.43,247,0.494,0,0,8,0,87,74,348
2023-08-14 05:00:00,P0028,Books,4037.64,3614.39,414,0.828,0,0,8,0,51,56,213
2023-08-14 06:00:00,P0197,Groceries,2517.12,2896.01,308,0.616,0,0,8,0,72,80,301
2023-08-14 07:00:00,P0191,Clothing,2013.06,2157.07,372,0.744,0,0,8,0,81,70,321
2023-08-14 08:00:00,P0059,Groceries,4695.19,4281.9,105,0.21,0,0,8,0,80,87,297
2023-08-14 09:00:00,P0133,Electronics,2576.5,2310.73,348,0.696,0,0,8,0,88,77,346
2023-08-14 10:00:00,P0051,Clothing,2363.68,1907.92,314,0.628,0,0,8,0,96,105,358
2023-08-14 11:00:00,P0149,Groceries,3378.55,3171.22,96,0.192,0,0,8,0,91,94,397
2023-08-14 12:00:00,P0012,Electronics,1343.11,1357.49,341,0.682,0,0,8,0,95,89,414
2023-08-14 13:00:00,P0050,Clothing,1657.72,1510.32,432,0.864,0,0,8,0,90,93,357
2023-08-14 14:00:00,P0132,Clothing,4663.63,5037.58,26,0.052,0,0,8,0,79,79,286
2023-08-14 15:00:00,P0113,Electronics,3408.72,3288.39,71,0.142,0,0,8,0,83,86,324
2023-08-14 16:00:00,P0170,Clothing,4141.85,3837.54,377,0.754,0,0,8,0,72,71,311
2023-08-14 17:00:00,P0166,Electronics,1392.0,1636.47,495,0.99,0,0,8,1,92,100,352
2023-08-14 18:00:00,P0153,Furniture,2741.76,2481.62,184,0.368,0,0,8,0,90,78,369
2023-08-14 19:00:00,P0014,Furniture,4858.41,4660.69,133,0.266,0,0,8,0,66,63,247
2023-08-14 20:00:00,P0032,Clothing,1627.58,1550.95,173,0.346,0,0,8,0,112,114,477
2023-08-14 21:00:00,P0139,Clothing,844.36,756.95,280,0.56,0,0,8,0,115,118,496
2023-08-14 22:00:00,P0189,Electronics,2578.89,2287.45,97,0.194,0,0,8,0,81,73,331
2023-08-14 23:00:00,P0146,Clothing,1969.71,1814.01,392,0.784,0,0,8,0,70,61,287
2023-08-15 00:00:00,P0155,Books,839.91,962.28,63,0.126,1,0,8,0,105,90,410
2023-08-15 01:00:00,P0055,Furniture,4448.33,4923.56,483,0.966,1,0,8,0,60,58,250
2023-08-15 02:00:00,P0182,Clothing,4954.08,5312.75,414,0.828,1,0,8,0,52,49,207
2023-08-15 03:00:00,P0120,Clothing,2864.48,2815.33,402,0.804,1,0,8,0,77,79,323
2023-08-15 04:00:00,P0075,Groceries,3884.65,3896.7,112,0.224,1,0,8,0,91,90,398
2023-08-15 05:00:00,P0021,Clothing,4302.24,3901.51,64,0.128,1,0,8,0,81,78,345
2023-08-15 06:00:00,P0172,Books,3519.86,2920.52,215,0.43,1,0,8,0,87,96,349
2023-08-15 07:00:00,P0133,Furniture,268.57,250.42,353,0.706,1,0,8,0,117,121,513
2023-08-15 08:00:00,P0087,Groceries,830.29,828.82,400,0.8,1,0,8,0,105,110,429
2023-08-15 09:00:00,P0169,Electronics,401.4,330.32,289,0.578,1,0,8,0,103,99,376
2023-08-15 10:00:00,P0059,Electronics,98.9,82.61,482,0.964,1,0,8,0,112,121,469
2023-08-15 11:00:00,P0089,Furniture,1564.68,1416.36,419,0.838,1,0,8,0,83,74,353
2023-08-15 12:00:00,P0182,Electronics,1992.16,1886.24,396,0.792,1,0,8,0,74,72,274
2023-08-15 13:00:00,P0150,Books,1243.1,1190.05,314,0.628,1,0,8,0,110,95,456
2023-08-15 14:00:00,P0083,Clothing,369.79,313.27,88,0.176,1,0,8,1,130,115,564
2023-08-15 15:00:00,P0065,Furniture,2672.82,2379.69,246,0.492,1,0,8,0,83,73,315
2023-08-15 16:00:00,P0064,Groceries,1402.93,1269.17,331,0.662,1,0,8,0,90,88,366
2023-08-15 17:00:00,P0071,Clothing,3990.38,3300.26,148,0.296,1,0,8,0,82,87,313
2023-08-15 18:00:00,P0004,Electronics,89.86,83.61,356,0.712,1,0,8,0,93,88,392
2023-08-15 19:00:00,P0193,Electronics,4220.51,3498.33,365,0.73,1,0,8,0,68,58,276
2023-08-15 20:00:00,P0143,Groceries,4776.03,5164.72,485,0.97,1,0,8,0,64,68,252
2023-08-15 21:00:00,P0104,Books,3594.87,3431.01,448,0.896,1,0,8,0,68,62,246
2023-08-15 22:00:00,P0150,Groceries,3681.54,3426.41,239,0.478,1,0,8,0,86,92,375
2023-08-15 23:00:00,P0175,Furniture,4671.13,3973.3,5,0.01,1,0,8,0,77,66,308
2023-08-16 00:00:00,P0093,Groceries,1084.9,966.21,236,0.472,2,0,8,0,100,94,424
2023-08-16 01:00:00,P0174,Electronics,4973.1,4441.39,364,0.728,2,0,8,0,70,73,274
2023-08-16 02:00:00,P0142,Books,3878.73,4631.52,266,0.532,2,0,8,0,77,86,330
2023-08-16 03:00:00,P0178,Books,3646.53,4135.67,335,0.67,2,0,8,0,70,75,261
2023-08-16 04:00:00,P0148,Groceries,1837.4,1481.14,405,0.81,2,0,8,0,100,98,379
2023-08-16 05:00:00,P0178,Furniture,2751.6,2880.2,237,0.474,2,0,8,1,86,92,333
2023-08-16 06:00:00,P0112,Electronics,3286.89,2965.97,138,0.276,2,0,8,0,56,57,206
2023-08-16 07:00:00,P0161,Clothing,3120.7,2626.85,164,0.328,2,0,8,0,88,96,348
2023-08-16 08:00:00,P0119,Books,3539.67,3830.77,281,0.562,2,0,8,0,63,68,251
2023-08-16 09:00:00,P0059,Groceries,457.79,390.33,184,0.368,2,0,8,0,131,150,484
2023-08-16 10:00:00,P0043,Furniture,1810.46,1769.72,153,0.306,2,0,8,1,101,89,398
2023-08-16 11:00:00,P0012,Furniture,2198.3,2314.52,105,0.21,2,0,8,1,99,94,372
2023-08-16 12:00:00,P0040,Electronics,1340.12,1369.33,148,0.296,2,0,8,0,110,100,473
2023-08-16 13:00:00,P0118,Books,904.5,1077.31,184,0.368,2,0,8,0,86,89,345
2023-08-16 14:00:00,P0020,Electronics,737.69,822.01,409,0.818,2,0,8,0,101,106,441
2023-08-16 15:00:00,P0166,Clothing,1863.6,2067.99,270,0.54,2,0,8,0,83,76,321
2023-08-16 16:00:00,P0131,Clothing,2492.54,2348.57,358,0.716,2,0,8,0,81,79,314
2023-08-16 17:00:00,P0156,Clothing,361.73,290.6,190,0.38,2,0,8,0,114,117,441
2023-08-16 18:00:00,P0184,Furniture,4734.97,5178.94,162,0.324,2,0,8,0,67,70,256
2023-08-16 19:00:00,P0090,Books,3837.95,4605.13,394,0.788,2,0,8,0,58,51,245
2023-08-16 20:00:00,P0094,Electronics,3667.72,3529.64,200,0.4,2,0,8,0,83,93,318
2023-08-16 21:00:00,P0013,Electronics,905.66,1081.55,105,0.21,2,0,8,1,115,99,440
2023-08-16 22:00:00,P0066,Clothing,3038.81,2603.3,214,0.428,2,0,8,0,75,86,273
2023-08-16 23:00:00,P0037,Books,2672.14,2454.64,323,0.646,2,0,8,0,78,74,341
2023-08-17 00:00:00,P0177,Books,4913.22,4266.1,477,0.954,3,0,8,0,60,57,259
2023-08-17 01:00:00,P0066,Groceries,3750.98,3713.73,219,0.438,3,0,8,0,93,91,357
2023-08-17 02:00:00,P0036,Books,2900.02,3244.52,344,0.688,3,0,8,0,96,102,386
2023-08-17 03:00:00,P0182,Books,4261.52,3989.91,469,0.938,3,0,8,0,74,66,295
2023-08-17 04:00:00,P0026,Electronics,817.72,950.59,216,0.432,3,0,8,0,126,117,462
2023-08-17 05:00:00,P0075,Books,125.32,127.57,499,0.998,3,0,8,0,110,125,443
2023-08-17 06:00:00,P0200,Books,3466.66,3418.72,473,0.946,3,0,8,0,75,83,277
2023-08-17 07:00:00,P0108,Electronics,536.64,598.25,433,0.866,3,0,8,1,87,79,343
2023-08-17 08:00:00,P0168,Books,621.4,522.33,28,0.056,3,0,8,0,93,95,341
2023-08-17 09:00:00,P0043,Electronics,3736.17,4145.28,237,0.474,3,0,8,0,74,67,301
2023-08-17 10:00:00,P0150,Groceries,1389.15,1246.32,63,0.126,3,0,8,0,106,108,386
2023-08-17 11:00:00,P0148,Furniture,3161.72,2884.52,424,0.848,3,0,8,0,95,91,390
2023-08-17 12:00:00,P0008,Electronics,4591.16,4773.8,95,0.19,3,0,8,0,72,69,300
2023-08-17 13:00:00,P0029,Electronics,1616.55,1876.45,153,0.306,3,0,8,0,101,105,410
2023-08-17 14:00:00,P0040,Books,1124.86,1160.14,27,0.054,3,0,8,0,112,104,445
2023-08-17 15:00:00,P0158,Electronics,577.49,611.9,339,0.678,3,0,8,0,104,101,379
2023-08-17 16:00:00,P0128,Clothing,695.79,772.77,175,0.35,3,0,8,0,126,142,455
2023-08-17 17:00:00,P0084,Clothing,358.0,323.54,250,0.5,3,0,8,0,121,130,469
2023-08-17 18:00:00,P0116,Groceries,483.83,547.16,193,0.386,3,0,8,0,108,104,455
2023-08-17 19:00:00,P0183,Electronics,2188.42,2116.6,278,0.556,3,0,8,0,84,77,346
2023-08-17 20:00:00,P0144,Books,1638.28,1425.73,38,0.076,3,0,8,0,97,102,359
2023-08-17 21:00:00,P0174,Books,3547.48,3334.8,68,0.136,3,0,8,0,84,92,349
2023-08-17 22:00:00,P0062,Furniture,4357.7,3915.19,276,0.552,3,0,8,0,66,73,268
2023-08-17 23:00:00,P0007,Groceries,3934.63,3507.67,119,0.238,3,0,8,0,86,88,321
2023-08-18 00:00:00,P0045,Books,2676.65,2443.85,85,0.17,4,0,8,1,85,85,357
2023-08-18 01:00:00,P0187,Furniture,557.09,485.99,176,0.352,4,0,8,0,125,133,533
2023-08-18 02:00:00,P0184,Books,3563.35,3802.38,458,0.916,4,0,8,1,78,70,295
2023-08-18 03:00:00,P0176,Furniture,1846.0,1905.07,93,0.186,4,0,8,0,86,95,353
2023-08-18 04:00:00,P0155,Clothing,473.97,502.11,91,0.182,4,0,8,0,128,112,500
2023-08-18 05:00:00,P0181,Clothing,4220.21,3956.4,419,0.838,4,0,8,0,59,61,215
2023-08-18 06:00:00,P0088,Books,1724.17,1910.2,80,0.16,4,0,8,0,117,120,502
2023-08-18 07:00:00,P0073,Groceries,1130.33,962.86,340,0.68,4,0,8,0,104,98,443
2023-08-18 08:00:00,P0163,Electronics,4363.69,4487.86,420,0.84,4,0,8,0,82,71,316
2023-08-18 09:00:00,P0179,Groceries,4515.56,4109.98,227,0.454,4,0,8,0,53,56,213
2023-08-18 10:00:00,P0037,Groceries,1727.91,1746.99,382,0.764,4,0,8,0,92,79,369
2023-08-18 11:00:00,P0119,Electronics,1806.27,1678.85,472,0.944,4,0,8,0,86,78,322
2023-08-18 12:00:00,P0057,Clothing,2919.16,3258.38,87,0.174,4,0,8,0,84,85,312
2023-08-18 13:00:00,P0008,Clothing,3680.54,4256.58,349,0.698,4,0,8,0,82,93,351
2023-08-18 14:00:00,P0095,Electronics,362.59,397.77,127,0.254,4,0,8,0,108,94,464
2023-08-18 15:00:00,P0117,Furniture,2987.05,2599.43,297,0.594,4,0,8,1,94,96,393
2023-08-18 16:00:00,P0110,Groceries,4766.46,4337.22,189,0.378,4,0,8,0,63,60,230
2023-08-18 17:00:00,P0020,Books,1347.36,1573.37,354,0.708,4,0,8,0,76,80,329
2023-08-18 18:00:00,P0124,Clothing,4548.69,4434.46,468,0.936,4,0,8,1,60,68,263
2023-08-18 19:00:00,P0053,Books,4753.33,5592.16,133,0.266,4,0,8,0,75,70,317
2023-08-18 20:00:00,P0119,Electronics,1382.31,1322.84,468,0.936,4,0,8,1,99,113,384
2023-08-18 21:00:00,P0012,Books,3783.3,4466.98,135,0.27,4,0,8,0,72,80,283
2023-08-18 22:00:00,P0177,Books,1231.94,1441.73,324,0.648,4,0,8,0,102,105,438
2023-08-18 23:00:00,P0017,Groceries,3701.18,3938.84,39,0.078,4,0,8,0,86,93,329
2023-08-19 00:00:00,P0064,Electronics,3997.23,3211.9,137,0.274,5,1,8,0,91,101,338
2023-08-19 01:00:00,P0042,Books,1273.67,1222.89,286,0.572,5,1,8,0,132,144,562
2023-08-19 02:00:00,P0094,Clothing,3593.55,4184.67,255,0.51,5,1,8,0,87,82,327
2023-08-19 03:00:00,P0157,Electronics,4069.92,4696.87,285,0.57,5,1,8,0,76,83,329
2023-08-19 04:00:00,P0147,Clothing,1824.97,1596.77,434,0.868,5,1,8,0,102,96,416
2023-08-19 05:00:00,P0011,Furniture,880.13,844.64,84,0.168,5,1,8,0,123,137,497
2023-08-19 06:00:00,P0098,Books,505.22,573.02,419,0.838,5,1,8,0,124,115,523
2023-08-19 07:00:00,P0178,Electronics,2898.14,2988.42,316,0.632,5,1,8,0,95,97,343
2023-08-19 08:00:00,P0071,Clothing,4891.59,5571.13,26,0.052,5,1,8,0,85,90,355
2023-08-19 09:00:00,P0108,Books,4123.6,4662.25,229,0.458,5,1,8,0,83,81,339
2023-08-19 10:00:00,P0058,Groceries,2207.41,2567.2,290,0.58,5,1,8,0,79,86,318
2023-08-19 11:00:00,P0034,Clothing,2706.27,2291.91,315,0.63,5,1,8,0,99,112,374
2023-08-19 12:00:00,P0020,Clothing,1433.66,1230.2,287,0.574,5,1,8,0,124,112,529
2023-08-19 13:00:00,P0050,Furniture,857.18,714.14,345,0.69,5,1,8,0,120,103,456
2023-08-19 14:00:00,P0102,Groceries,2436.3,2860.48,131,0.262,5,1,8,0,90,93,359
2023-08-19 15:00:00,P0138,Furniture,2344.33,2321.04,90,0.18,5,1,8,0,105,108,391
2023-08-19 16:00:00,P0160,Groceries,2633.55,2174.6,355,0.71,5,1,8,0,94,90,412
2023-08-19 17:00:00,P0052,Clothing,4766.38,4426.12,228,0.456,5,1,8,0,83,90,312
2023-08-19 18:00:00,P0015,Furniture,3039.28,2858.64,26,0.052,5,1,8,0,105,115,445
2023-08-19 19:00:00,P0084,Books,3048.57,3426.06,302,0.604,5,1,8,0,66,63,251
2023-08-19 20:00:00,P0131,Groceries,683.72,748.12,495,0.99,5,1,8,0,98,103,373
2023-08-19 21:00:00,P0037,Clothing,4982.62,5360.08,389,0.778,5,1,8,0,70,73,276
2023-08-19 22:00:00,P0126,Electronics,3875.58,3134.36,465,0.93,5,1,8,0,75,71,321
2023-08-19 23:00:00,P0040,Groceries,4392.16,5113.7,281,0.562,5,1,8,0,79,90,328
2023-08-20 00:00:00,P0072,Groceries,2100.79,1861.77,491,0.982,6,1,8,0,91,87,391
2023-08-20 01:00:00,P0040,Books,2535.53,2666.43,279,0.558,6,1,8,0,97,101,353
2023-08-20 02:00:00,P0056,Groceries,2634.31,2172.59,499,0.998,6,1,8,0,98,94,428
2023-08-20 03:00:00,P0151,Groceries,1010.77,841.58,198,0.396,6,1,8,0,132,113,483
2023-08-20 04:00:00,P0104,Books,3462.97,2783.64,374,0.748,6,1,8,0,86,75,359
2023-08-20 05:00:00,P0139,Books,4519.73,4638.92,299,0.598,6,1,8,0,84,77,316
2023-08-20 06:00:00,P0110,Furniture,860.34,904.86,397,0.794,6,1,8,0,116,127,496
2023-08-20 07:00:00,P0192,Clothing,477.28,391.46,396,0.792,6,1,8,0,131,129,562
2023-08-20 08:00:00,P0136,Clothing,3704.18,3393.75,153,0.306,6,1,8,0,98,101,396
2023-08-20 09:00:00,P0093,Furniture,1402.35,1599.49,298,0.596,6,1,8,0,133,151,522
2023-08-20 10:00:00,P0094,Clothing,3138.12,2637.66,42,0.084,6,1,8,0,109,97,462
2023-08-20 11:00:00,P0056,Groceries,3494.0,3097.85,321,0.642,6,1,8,0,74,82,318
2023-08-20 12:00:00,P0060,Furniture,1643.46,1593.76,109,0.218,6,1,8,0,131,126,549
2023-08-20 13:00:00,P0138,Furniture,4084.97,4644.24,110,0.22,6,1,8,0,98,93,424
2023-08-20 14:00:00,P0039,Clothing,2772.45,2500.58,470,0.94,6,1,8,0,99,103,406
2023-08-20 15:00:00,P0028,Electronics,4351.55,5216.88,411,0.822,6,1,8,0,67,75,277
2023-08-20 16:00:00,P0049,Clothing,3828.3,3606.66,0,0.0,6,1,8,1,106,101,430
2023-08-20 17:00:00,P0164,Electronics,4349.45,4151.9,479,0.958,6,1,8,0,83,90,331
2023-08-20 18:00:00,P0125,Furniture,149.8,127.16,139,0.278,6,1,8,0,112,96,462
2023-08-20 19:00:00,P0013,Electronics,1255.36,1345.85,365,0.73,6,1,8,0,117,121,474
2023-08-20 20:00:00,P0036,Groceries,495.54,444.69,177,0.354,6,1,8,0,128,133,536
2023-08-20 21:00:00,P0101,Books,2238.31,2353.69,436,0.872,6,1,8,0,97,99,422
2023-08-20 22:00:00,P0026,Electronics,4455.3,3961.93,59,0.118,6,1,8,0,86,97,335
2023-08-20 23:00:00,P0086,Books,2364.32,2258.28,182,0.364,6,1,8,0,85,96,334
2023-08-21 00:00:00,P0004,Groceries,4256.08,4863.29,418,0.836,0,0,8,1,68,65,246
2023-08-21 01:00:00,P0082,Books,1669.53,1829.07,444,0.888,0,0,8,0,95,94,382
2023-08-21 02:00:00,P0192,Groceries,1730.87,1491.73,281,0.562,0,0,8,0,86,94,319
2023-08-21 03:00:00,P0166,Books,4483.03,4676.17,414,0.828,0,0,8,0,66,73,275
2023-08-21 04:00:00,P0127,Books,2157.79,2268.82,312,0.624,0,0,8,0,84,82,355
2023-08-21 05:00:00,P0088,Clothing,3959.34,3310.91,395,0.79,0,0,8,0,68,65,284
2023-08-21 06:00:00,P0127,Electronics,1221.39,1204.68,220,0.44,0,0,8,0,82,90,331
2023-08-21 07:00:00,P0120,Books,4746.56,4292.16,388,0.776,0,0,8,0,69,66,278
2023-08-21 08:00:00,P0022,Furniture,2894.16,2856.11,226,0.452,0,0,8,0,85,83,350
2023-08-21 09:00:00,P0130,Clothing,3808.65,4230.76,390,0.78,0,0,8,0,67,60,271
2023-08-21 10:00:00,P0031,Electronics,493.1,425.7,143,0.286,0,0,8,0,123,125,517
2023-08-21 11:00:00,P0119,Clothing,2488.69,2113.7,223,0.446,0,0,8,0,97,92,419
2023-08-21 12:00:00,P0011,Electronics,4510.14,4093.97,51,0.102,0,0,8,0,75,77,302
2023-08-21 13:00:00,P0046,Groceries,4391.34,5185.78,80,0.16,0,0,8,0,85,84,314
2023-08-21 14:00:00,P0096,Books,281.73,309.66,148,0.296,0,0,8,1,129,139,478
2023-08-21 15:00:00,P0190,Furniture,1553.31,1254.74,26,0.052,0,0,8,0,94,88,367
2023-08-21 16:00:00,P0197,Clothing,2244.43,2155.55,231,0.462,0,0,8,0,81,73,324
2023-08-21 17:00:00,P0192,Clothing,902.71,815.11,110,0.22,0,0,8,0,83,88,314
2023-08-21 18:00:00,P0010,Clothing,3663.49,3865.93,371,0.742,0,0,8,0,69,67,273
2023-08-21 19:00:00,P0168,Clothing,963.33,947.64,78,0.156,0,0,8,0,104,106,386
2023-08-21 20:00:00,P0128,Books,1765.87,2093.97,278,0.556,0,0,8,0,78,88,296
2023-08-21 21:00:00,P0152,Electronics,3333.24,2958.56,126,0.252,0,0,8,0,77,77,322
2023-08-21 22:00:00,P0099,Books,2436.34,2521.96,455,0.91,0,0,8,0,88,79,386
2023-08-21 23:00:00,P0172,Groceries,3705.93,4002.72,280,0.56,0,0,8,0,79,77,296
2023-08-22 00:00:00,P0112,Books,4807.98,5434.1,394,0.788,1,0,8,0,59,59,228
2023-08-22 01:00:00,P0060,Books,626.91,603.58,318,0.636,1,0,8,0,115,124,446
2023-08-22 02:00:00,P0190,Groceries,3562.36,3828.71,440,0.88,1,0,8,0,63,57,238
2023-08-22 03:00:00,P0087,Books,1190.2,1096.51,340,0.68,1,0,8,0,101,96,380
2023-08-22 04:00:00,P0145,Electronics,2101.66,2047.42,181,0.362,1,0,8,0,92,80,341
2023-08-22 05:00:00,P0065,Furniture,212.67,246.33,118,0.236,1,0,8,0,114,121,493
2023-08-22 06:00:00,P0057,Groceries,722.74,852.81,265,0.53,1,0,8,0,106,114,437
2023-08-22 07:00:00,P0183,Clothing,1632.9,1775.82,177,0.354,1,0,8,0,110,109,422
2023-08-22 08:00:00,P0106,Electronics,1742.83,1655.24,200,0.4,1,0,8,1,103,104,392
2023-08-22 09:00:00,P0181,Furniture,4502.95,5079.43,367,0.734,1,0,8,0,75,81,305
2023-08-22 10:00:00,P0184,Electronics,3721.97,3016.09,384,0.768,1,0,8,0,66,61,274
2023-08-22 11:00:00,P0009,Electronics,4862.31,4089.68,469,0.938,1,0,8,0,60,62,228
2023-08-22 12:00:00,P0022,Clothing,3015.4,3210.04,69,0.138,1,0,8,0,81,92,314
2023-08-22 13:00:00,P0141,Furniture,1246.48,1142.4,157,0.314,1,0,8,0,89,93,341
2023-08-22 14:00:00,P0089,Electronics,1671.89,1973.76,310,0.62,1,0,8,0,102,89,374
2023-08-22 15:00:00,P0176,Clothing,1633.19,1591.42,97,0.194,1,0,8,0,81,76,317
2023-08-22 16:00:00,P0018,Groceries,1666.15,1619.07,204,0.408,1,0,8,0,91,92,366
2023-08-22 17:00:00,P0115,Clothing,3381.17,3622.02,85,0.17,1,0,8,0,80,70,330
2023-08-22 18:00:00,P0168,Books,2677.5,2964.07,389,0.778,1,0,8,1,80,84,315
2023-08-22 19:00:00,P0145,Clothing,1957.85,1938.71,360,0.72,1,0,8,0,79,83,347
2023-08-22 20:00:00,P0143,Clothing,787.99,697.84,493,0.986,1,0,8,0,87,97,357
2023-08-22 21:00:00,P0106,Clothing,159.59,177.04,279,0.558,1,0,8,0,127,127,547
2023-08-22 22:00:00,P0015,Electronics,1133.23,1051.8,84,0.168,1,0,8,0,103,109,446
2023-08-22 23:00:00,P0063,Furniture,581.98,506.35,358,0.716,1,0,8,0,92,83,392
2023-08-23 00:00:00,P0167,Clothing,3937.95,4145.31,214,0.428,2,0,8,1,78,66,298
2023-08-23 01:00:00,P0013,Clothing,606.86,507.45,132,0.264,2,0,8,0,110,99,434
2023-08-23 02:00:00,P0081,Books,3634.93,4320.26,390,0.78,2,0,8,0,88,76,317
2023-08-23 03:00:00,P0032,Books,1959.01,2062.76,386,0.772,2,0,8,0,86,84,341
2023-08-23 04:00:00,P0137,Groceries,413.22,493.53,246,0.492,2,0,8,0,112,111,430
2023-08-23 05:00:00,P0040,Groceries,4073.01,3810.53,140,0.28,2,0,8,0,68,71,251
2023-08-23 06:00:00,P0148,Books,2919.17,3469.38,437,0.874,2,0,8,0,73,65,312
2023-08-23 07:00:00,P0082,Furniture,1217.02,1044.48,446,0.892,2,0,8,0,86,79,356
2023-08-23 08:00:00,P0077,Groceries,4478.67,3655.84,75,0.15,2,0,8,0,64,70,282
2023-08-23 09:00:00,P0191,Furniture,274.03,222.84,389,0.778,2,0,8,0,103,105,412
2023-08-23 10:00:00,P0076,Books,1049.01,1034.27,97,0.194,2,0,8,0,109,94,421
2023-08-23 11:00:00,P0172,Groceries,3772.63,3143.36,462,0.924,2,0,8,0,72,80,274
2023-08-23 12:00:00,P0038,Clothing,3561.42,3578.75,302,0.604,2,0,8,1,65,68,257
2023-08-23 13:00:00,P0188,Books,1481.89,1379.64,465,0.93,2,0,8,0,81,73,312
2023-08-23 14:00:00,P0071,Groceries,357.02,333.55,54,0.108,2,0,8,0,110,102,483
2023-08-23 15:00:00,P0048,Furniture,4297.49,4530.6,304,0.608,2,0,8,0,63,64,236
2023-08-23 16:00:00,P0018,Furniture,1602.8,1386.81,440,0.88,2,0,8,0,71,72,257
2023-08-23 17:00:00,P0144,Groceries,1018.78,1127.4,258,0.516,2,0,8,0,110,120,407
2023-08-23 18:00:00,P0183,Furniture,2604.51,2689.97,21,0.042,2,0,8,0,109,104,470
2023-08-23 19:00:00,P0039,Groceries,4555.62,5311.75,34,0.068,2,0,8,0,84,85,349
2023-08-23 20:00:00,P0196,Groceries,265.56,251.2,27,0.054,2,0,8,0,120,123,507
2023-08-23 21:00:00,P0187,Furniture,3840.73,4582.32,488,0.976,2,0,8,0,65,66,251
2023-08-23 22:00:00,P0089,Electronics,2883.74,2971.21,169,0.338,2,0,8,0,106,92,434
2023-08-23 23:00:00,P0062,Clothing,2155.97,2564.23,139,0.278,2,0,8,0,105,102,437
2023-08-24 00:00:00,P0141,Books,3733.2,3026.97,128,0.256,3,0,8,0,74,70,286
2023-08-24 01:00:00,P0109,Clothing,4830.83,5271.36,99,0.198,3,0,8,0,82,94,343
2023-08-24 02:00:00,P0081,Books,1184.57,1334.59,477,0.954,3,0,8,0,93,92,382
2023-08-24 03:00:00,P0134,Books,761.05,625.03,372,0.744,3,0,8,0,112,110,430
2023-08-24 04:00:00,P0077,Clothing,4568.76,4713.08,246,0.492,3,0,8,1,81,81,295
2023-08-24 05:00:00,P0188,Groceries,3361.32,3767.29,22,0.044,3,0,8,0,81,91,307
2023-08-24 06:00:00,P0090,Furniture,2218.03,2272.18,356,0.712,3,0,8,0,86,89,352
2023-08-24 07:00:00,P0014,Electronics,2887.63,2383.81,283,0.566,3,0,8,0,86,83,351
2023-08-24 08:00:00,P0095,Electronics,3740.79,4030.25,112,0.224,3,0,8,1,82,92,329
2023-08-24 09:00:00,P0054,Electronics,3876.51,3195.17,372,0.744,3,0,8,0,65,73,247
2023-08-24 10:00:00,P0132,Clothing,4603.48,5188.06,196,0.392,3,0,8,0,72,67,285
2023-08-24 11:00:00,P0039,Clothing,2162.87,1767.53,163,0.326,3,0,8,0,91,88,338
2023-08-24 12:00:00,P0072,Groceries,1502.38,1284.47,380,0.76,3,0,8,0,90,103,372
2023-08-24 13:00:00,P0025,Electronics,3216.34,2927.01,309,0.618,3,0,8,0,67,68,288
2023-08-24 14:00:00,P0077,Groceries,2107.85,2220.3,430,0.86,3,0,8,0,83,81,330
2023-08-24 15:00:00,P0160,Electronics,2993.26,3563.61,55,0.11,3,0,8,0,109,99,411
2023-08-24 16:00:00,P0187,Clothing,2128.93,1803.48,9,0.018,3,0,8,0,104,100,443
2023-08-24 17:00:00,P0191,Furniture,807.33,691.95,132,0.264,3,0,8,0,104,108,400
2023-08-24 18:00:00,P0166,Furniture,2373.66,2249.16,397,0.794,3,0,8,0,89,77,363
2023-08-24 19:00:00,P0120,Furniture,3470.04,3936.72,151,0.302,3,0,8,0,94,82,344
2023-08-24 20:00:00,P0053,Furniture,4006.45,3953.93,190,0.38,3,0,8,0,71,60,296
2023-08-24 21:00:00,P0195,Books,2491.97,2314.15,283,0.566,3,0,8,0,102,93,405
2023-08-24 22:00:00,P0156,Electronics,867.93,889.18,276,0.552,3,0,8,0,91,82,358
2023-08-24 23:00:00,P0131,Furniture,2102.7,1901.28,492,0.984,3,0,8,0,80,88,348
2023-08-25 00:00:00,P0150,Books,3942.15,3786.29,242,0.484,4,0,8,0,72,65,288
2023-08-25 01:00:00,P0096,Books,2093.65,1953.46,487,0.974,4,0,8,0,94,99,340
2023-08-25 02:00:00,P0166,Books,3497.83,3923.36,331,0.662,4,0,8,0,68,60,297
2023-08-25 03:00:00,P0200,Groceries,2560.71,2995.27,275,0.55,4,0,8,0,96,99,347
2023-08-25 04:00:00,P0072,Groceries,1244.05,1373.22,189,0.378,4,0,8,0,99,97,399
2023-08-25 05:00:00,P0062,Books,3990.95,3893.7,114,0.228,4,0,8,0,80,78,329
2023-08-25 06:00:00,P0185,Furniture,466.86,467.67,351,0.702,4,0,8,0,114,126,492
2023-08-25 07:00:00,P0006,Electronics,2648.21,2251.06,306,0.612,4,0,8,0,89,80,369
2023-08-25 08:00:00,P0032,Clothing,1084.01,1191.05,357,0.714,4,0,8,0,109,112,463
2023-08-25 09:00:00,P0099,Groceries,381.97,396.71,295,0.59,4,0,8,1,116,127,489
2023-08-25 10:00:00,P0138,Furniture,2539.52,2948.32,233,0.466,4,0,8,0,111,118,419
2023-08-25 11:00:00,P0131,Furniture,2522.83,2220.71,340,0.68,4,0,8,0,95,109,395
2023-08-25 12:00:00,P0187,Clothing,3549.16,3917.88,80,0.16,4,0,8,1,85,72,349
2023-08-25 13:00:00,P0076,Clothing,3736.52,4012.53,192,0.384,4,0,8,0,79,88,300
2023-08-25 14:00:00,P0177,Furniture,3652.57,3310.46,370,0.74,4,0,8,0,87,90,322
2023-08-25 15:00:00,P0059,Clothing,2077.32,2216.4,363,0.726,4,0,8,0,91,77,382
2023-08-25 16:00:00,P0031,Furniture,3176.86,3716.13,411,0.822,4,0,8,0,81,80,355
2023-08-25 17:00:00,P0093,Clothing,2905.88,3392.25,437,0.874,4,0,8,0,88,95,369
2023-08-25 18:00:00,P0069,Clothing,2136.73,2324.44,257,0.514,4,0,8,0,88,80,370
2023-08-25 19:00:00,P0190,Furniture,3006.2,2462.77,464,0.928,4,0,8,0,71,75,265
2023-08-25 20:00:00,P0052,Books,4738.88,5444.53,230,0.46,4,0,8,0,73,65,277
2023-08-25 21:00:00,P0089,Furniture,1004.82,1068.24,13,0.026,4,0,8,0,105,115,427
2023-08-25 22:00:00,P0127,Electronics,4533.57,4189.81,13,0.026,4,0,8,0,88,90,319
2023-08-25 23:00:00,P0169,Clothing,314.6,275.24,43,0.086,4,0,8,0,88,76,364
2023-08-26 00:00:00,P0031,Groceries,1576.53,1334.5,495,0.99,5,1,8,1,96,84,357
2023-08-26 01:00:00,P0084,Clothing,1476.32,1210.72,209,0.418,5,1,8,0,117,130,460
2023-08-26 02:00:00,P0127,Electronics,3150.51,3470.73,39,0.078,5,1,8,0,96,83,370
2023-08-26 03:00:00,P0150,Groceries,699.56,625.64,33,0.066,5,1,8,0,149,140,549
2023-08-26 04:00:00,P0132,Groceries,4417.62,3576.95,234,0.468,5,1,8,0,85,87,345
2023-08-26 05:00:00,P0013,Furniture,4151.33,3980.74,320,0.64,5,1,8,0,78,71,303
2023-08-26 06:00:00,P0045,Books,3277.73,3254.93,233,0.466,5,1,8,0,97,89,353
2023-08-26 07:00:00,P0127,Furniture,2319.15,2012.31,273,0.546,5,1,8,0,89,96,352
2023-08-26 08:00:00,P0170,Groceries,4668.13,3816.75,367,0.734,5,1,8,0,81,76,330
2023-08-26 09:00:00,P0114,Groceries,4162.2,3644.63,289,0.578,5,1,8,0,95,82,352
2023-08-26 10:00:00,P0177,Books,2521.61,2702.26,342,0.684,5,1,8,0,97,103,395
2023-08-26 11:00:00,P0020,Clothing,3524.27,2935.36,432,0.864,5,1,8,0,86,98,330
2023-08-26 12:00:00,P0081,Books,2856.3,2919.18,335,0.67,5,1,8,0,85,93,324
2023-08-26 13:00:00,P0182,Furniture,2960.31,2541.62,466,0.932,5,1,8,0,83,84,352
2023-08-26 14:00:00,P0164,Clothing,1688.33,1482.82,228,0.456,5,1,8,0,123,120,489
2023-08-26 15:00:00,P0129,Furniture,2337.32,2237.36,379,0.758,5,1,8,0,98,110,382
2023-08-26 16:00:00,P0143,Books,436.7,366.97,438,0.876,5,1,8,0,141,152,599
2023-08-26 17:00:00,P0017,Clothing,1818.88,1581.12,317,0.634,5,1,8,0,113,115,489
2023-08-26 18:00:00,P0152,Books,3494.35,3283.22,127,0.254,5,1,8,1,86,96,331
2023-08-26 19:00:00,P0058,Electronics,4768.42,4443.54,325,0.65,5,1,8,0,95,98,346
2023-08-26 20:00:00,P0072,Groceries,4817.17,5297.48,407,0.814,5,1,8,0,64,73,258
2023-08-26 21:00:00,P0109,Clothing,2800.83,2324.45,208,0.416,5,1,8,0,97,107,405
2023-08-26 22:00:00,P0023,Groceries,3052.78,3492.93,303,0.606,5,1,8,1,97,98,395
2023-08-26 23:00:00,P0174,Electronics,969.32,1091.93,79,0.158,5,1,8,0,129,145,535
2023-08-27 00:00:00,P0072,Clothing,3491.78,3863.29,294,0.588,6,1,8,0,85,81,350
2023-08-27 01:00:00,P0008,Groceries,399.76,369.28,175,0.35,6,1,8,0,127,135,554
2023-08-27 02:00:00,P0059,Groceries,1459.19,1647.65,232,0.464,6,1,8,0,129,116,554
2023-08-27 03:00:00,P0111,Clothing,3358.4,2932.29,325,0.65,6,1,8,0,103,115,382
2023-08-27 04:00:00,P0187,Groceries,1586.04,1347.76,335,0.67,6,1,8,0,128,118,507
2023-08-27 05:00:00,P0013,Groceries,296.74,242.73,264,0.528,6,1,8,0,114,129,452
2023-08-27 06:00:00,P0167,Clothing,4167.76,4900.14,284,0.568,6,1,8,0,87,74,345
2023-08-27 07:00:00,P0156,Groceries,1586.13,1464.32,451,0.902,6,1,8,0,108,114,469
2023-08-27 08:00:00,P0189,Groceries,362.37,422.9,443,0.886,6,1,8,0,95,85,367
2023-08-27 09:00:00,P0016,Furniture,420.2,381.98,409,0.818,6,1,8,0,113,122,462
2023-08-27 10:00:00,P0119,Furniture,1296.21,1507.53,117,0.234,6,1,8,0,127,127,548
2023-08-27 11:00:00,P0002,Electronics,931.18,1081.63,165,0.33,6,1,8,0,120,135,437
2023-08-27 12:00:00,P0145,Furniture,3882.79,4540.81,317,0.634,6,1,8,0,80,85,344
2023-08-27 13:00:00,P0030,Furniture,1642.34,1639.81,409,0.818,6,1,8,0,109,118,459
2023-08-27 14:00:00,P0103,Electronics,4033.24,4623.62,141,0.282,6,1,8,0,101,90,380
2023-08-27 15:00:00,P0013,Groceries,910.54,1074.72,482,0.964,6,1,8,0,111,98,429
2023-08-27 16:00:00,P0096,Groceries,2489.75,2315.09,246,0.492,6,1,8,0,81,90,312
2023-08-27 17:00:00,P0094,Furniture,3455.78,3343.64,176,0.352,6,1,8,0,106,97,400
2023-08-27 18:00:00,P0082,Electronics,3277.35,3564.76,298,0.596,6,1,8,0,81,90,333
2023-08-27 19:00:00,P0013,Groceries,3025.59,2783.98,343,0.686,6,1,8,0,83,74,364
2023-08-27 20:00:00,P0171,Books,4627.87,5097.71,263,0.526,6,1,8,1,82,77,306
2023-08-27 21:00:00,P0094,Clothing,1181.2,979.87,167,0.334,6,1,8,1,122,138,462
2023-08-27 22:00:00,P0149,Clothing,2493.91,2517.35,24,0.048,6,1,8,0,103,113,395
2023-08-27 23:00:00,P0112,Clothing,4425.76,3757.14,190,0.38,6,1,8,1,90,78,392
2023-08-28 00:00:00,P0055,Furniture,435.57,399.56,387,0.774,0,0,8,0,102,100,418
2023-08-28 01:00:00,P0081,Clothing,326.65,295.11,14,0.028,0,0,8,1,99,111,373
2023-08-28 02:00:00,P0168,Clothing,1204.85,1368.19,15,0.03,0,0,8,0,98,84,416
2023-08-28 03:00:00,P0116,Books,3183.46,2793.19,309,0.618,0,0,8,0,78,69,338
2023-08-28 04:00:00,P0143,Groceries,1336.4,1501.28,126,0.252,0,0,8,0,104,109,408
2023-08-28 05:00:00,P0180,Books,991.69,1108.3,266,0.532,0,0,8,0,96,85,359
2023-08-28 06:00:00,P0108,Furniture,2321.07,2320.03,27,0.054,0,0,8,1,80,79,308
2023-08-28 07:00:00,P0053,Clothing,3087.31,2758.63,262,0.524,0,0,8,0,77,77,291
2023-08-28 08:00:00,P0128,Groceries,1280.36,1140.49,369,0.738,0,0,8,0,101,112,380
2023-08-28 09:00:00,P0180,Clothing,1538.42,1516.84,383,0.766,0,0,8,0,93,106,348
2023-08-28 10:00:00,P0158,Clothing,3087.12,2480.57,293,0.586,0,0,8,0,90,90,387
2023-08-28 11:00:00,P0161,Furniture,4731.41,4790.74,151,0.302,0,0,8,0,77,77,282
2023-08-28 12:00:00,P0057,Clothing,3389.97,4003.93,478,0.956,0,0,8,0,61,65,240
2023-08-28 13:00:00,P0052,Electronics,3925.38,3383.22,67,0.134,0,0,8,0,76,69,274
2023-08-28 14:00:00,P0137,Groceries,1865.71,1920.45,36,0.072,0,0,8,0,108,122,414
2023-08-28 15:00:00,P0182,Groceries,1397.66,1655.82,375,0.75,0,0,8,0,98,83,408
2023-08-28 16:00:00,P0111,Electronics,2298.63,2630.11,34,0.068,0,0,8,0,102,87,384
2023-08-28 17:00:00,P0001,Furniture,4045.31,4612.27,133,0.266,0,0,8,0,86,89,378
2023-08-28 18:00:00,P0044,Clothing,2308.68,2605.9,365,0.73,0,0,8,0,97,92,353
2023-08-28 19:00:00,P0075,Clothing,4241.29,3917.3,160,0.32,0,0,8,0,62,60,230
2023-08-28 20:00:00,P0098,Groceries,4944.42,5716.97,371,0.742,0,0,8,0,61,56,258
2023-08-28 21:00:00,P0009,Furniture,406.53,478.3,223,0.446,0,0,8,0,115,112,504
2023-08-28 22:00:00,P0032,Furniture,274.78,274.32,109,0.218,0,0,8,0,123,135,537
2023-08-28 23:00:00,P0015,Furniture,790.47,744.49,101,0.202,0,0,8,0,128,136,543
2023-08-29 00:00:00,P0140,Clothing,1952.63,1885.64,354,0.708,1,0,8,0,103,90,451
2023-08-29 01:00:00,P0185,Furniture,698.66,652.33,464,0.928,1,0,8,0,107,93,457
2023-08-29 02:00:00,P0136,Electronics,4359.79,3858.27,181,0.362,1,0,8,0,70,70,255
2023-08-29 03:00:00,P0072,Books,164.57,172.37,479,0.958,1,0,8,0,109,117,466
2023-08-29 04:00:00,P0155,Furniture,1613.17,1653.56,397,0.794,1,0,8,0,109,114,435
2023-08-29 05:00:00,P0190,Books,964.24,949.81,146,0.292,1,0,8,0,122,135,484
2023-08-29 06:00:00,P0012,Clothing,4661.12,3907.59,215,0.43,1,0,8,0,73,65,263
2023-08-29 07:00:00,P0065,Furniture,3363.93,3763.42,486,0.972,1,0,8,0,85,88,348
2023-08-29 08:00:00,P0107,Groceries,4564.55,3971.04,138,0.276,1,0,8,0,75,81,310
2023-08-29 09:00:00,P0042,Clothing,4863.03,4113.27,326,0.652,1,0,8,0,67,76,284
2023-08-29 10:00:00,P0190,Electronics,2510.64,2634.24,428,0.856,1,0,8,0,81,71,313
2023-08-29 11:00:00,P0115,Electronics,1209.88,1160.83,187,0.374,1,0,8,0,88,81,326
2023-08-29 12:00:00,P0139,Books,1008.96,831.31,87,0.174,1,0,8,0,118,113,466
2023-08-29 13:00:00,P0103,Books,1153.45,1086.81,246,0.492,1,0,8,0,100,101,389
2023-08-29 14:00:00,P0171,Groceries,3557.54,3944.29,185,0.37,1,0,8,0,82,80,345
2023-08-29 15:00:00,P0095,Groceries,250.21,261.74,87,0.174,1,0,8,0,121,134,458
2023-08-29 16:00:00,P0017,Electronics,304.24,287.54,333,0.666,1,0,8,0,99,112,367
2023-08-29 17:00:00,P0160,Furniture,3060.31,2683.04,151,0.302,1,0,8,0,94,82,372
2023-08-29 18:00:00,P0085,Electronics,3228.18,3398.36,266,0.532,1,0,8,0,80,85,328
2023-08-29 19:00:00,P0168,Electronics,3343.05,3861.3,199,0.398,1,0,8,0,82,73,314
2023-08-29 20:00:00,P0151,Groceries,1890.81,2001.44,382,0.764,1,0,8,0,61,68,225
2023-08-29 21:00:00,P0056,Books,4039.43,4545.01,427,0.854,1,0,8,1,71,63,281
2023-08-29 22:00:00,P0134,Groceries,2691.44,2714.62,334,0.668,1,0,8,0,76,87,332
2023-08-29 23:00:00,P0086,Groceries,572.05,621.93,489,0.978,1,0,8,0,93,91,407
2023-08-30 00:00:00,P0178,Groceries,3995.64,4628.91,245,0.49,2,0,8,0,70,68,292
2023-08-30 01:00:00,P0102,Electronics,4767.69,5288.66,449,0.898,2,0,8,0,59,61,249
2023-08-30 02:00:00,P0165,Furniture,347.18,404.1,215,0.43,2,0,8,0,107,104,403
2023-08-30 03:00:00,P0192,Electronics,1987.19,1932.45,428,0.856,2,0,8,0,91,84,355
2023-08-30 04:00:00,P0054,Clothing,2463.2,2861.47,73,0.146,2,0,8,0,109,113,445
2023-08-30 05:00:00,P0200,Groceries,775.03,812.72,159,0.318,2,0,8,0,109,116,458
2023-08-30 06:00:00,P0177,Groceries,4345.16,4988.33,254,0.508,2,0,8,0,69,78,258
2023-08-30 07:00:00,P0115,Clothing,1456.54,1188.17,16,0.032,2,0,8,0,103,100,409
2023-08-30 08:00:00,P0139,Groceries,3925.89,4173.77,437,0.874,2,0,8,0,78,83,291
2023-08-30 09:00:00,P0088,Groceries,3371.42,3840.69,137,0.274,2,0,8,0,88,97,361
2023-08-30 10:00:00,P0049,Groceries,3010.33,2618.03,469,0.938,2,0,8,0,68,75,287
2023-08-30 11:00:00,P0149,Clothing,1001.11,1065.9,5,0.01,2,0,8,0,103,89,439
2023-08-30 12:00:00,P0115,Electronics,1142.48,1290.98,218,0.436,2,0,8,1,102,98,427
2023-08-30 13:00:00,P0194,Groceries,284.37,260.25,403,0.806,2,0,8,0,100,85,373
2023-08-30 14:00:00,P0063,Furniture,1241.53,1194.47,0,0.0,2,0,8,0,102,104,435
2023-08-30 15:00:00,P0104,Clothing,1759.95,1808.89,63,0.126,2,0,8,0,99,110,383
2023-08-30 16:00:00,P0083,Books,4174.07,4206.07,208,0.416,2,0,8,1,77,84,329
2023-08-30 17:00:00,P0103,Clothing,1863.64,1520.13,0,0.0,2,0,8,0,106,116,403
2023-08-30 18:00:00,P0156,Electronics,3785.38,3177.71,356,0.712,2,0,8,0,74,71,295
2023-08-30 19:00:00,P0017,Clothing,2225.24,1869.62,188,0.376,2,0,8,0,101,87,410
2023-08-30 20:00:00,P0006,Books,3935.1,3560.9,462,0.924,2,0,8,0,73,66,265
2023-08-30 21:00:00,P0147,Furniture,4882.54,4386.21,246,0.492,2,0,8,0,60,63,259
2023-08-30 22:00:00,P0184,Books,1237.22,1357.09,256,0.512,2,0,8,0,96,85,385
2023-08-30 23:00:00,P0028,Clothing,4318.59,4444.25,464,0.928,2,0,8,0,66,59,248
2023-08-31 00:00:00,P0194,Books,3128.03,3458.32,173,0.346,3,0,8,0,84,80,313
2023-08-31 01:00:00,P0038,Clothing,4095.61,3390.99,108,0.216,3,0,8,0,72,63,299
2023-08-31 02:00:00,P0119,Furniture,3275.35,3255.98,59,0.118,3,0,8,0,82,78,301
2023-08-31 03:00:00,P0037,Furniture,2148.55,1997.1,42,0.084,3,0,8,0,107,122,423
2023-08-31 04:00:00,P0115,Electronics,1178.97,1344.0,427,0.854,3,0,8,0,84,72,339
2023-08-31 05:00:00,P0068,Furniture,396.67,429.64,37,0.074,3,0,8,0,112,123,424
2023-08-31 06:00:00,P0177,Groceries,2700.82,3099.74,362,0.724,3,0,8,0,93,107,344
2023-08-31 07:00:00,P0043,Books,4952.11,4053.65,257,0.514,3,0,8,0,66,65,264
2023-08-31 08:00:00,P0164,Books,3703.31,4030.42,81,0.162,3,0,8,0,102,116,395
2023-08-31 09:00:00,P0058,Clothing,1670.36,1697.09,395,0.79,3,0,8,0,105,97,390
2023-08-31 10:00:00,P0013,Furniture,4144.66,4683.47,220,0.44,3,0,8,0,58,66,219
2023-08-31 11:00:00,P0052,Electronics,3856.47,3867.52,406,0.812,3,0,8,0,64,71,255
2023-08-31 12:00:00,P0058,Electronics,1444.1,1467.33,110,0.22,3,0,8,0,103,115,382
2023-08-31 13:00:00,P0032,Electronics,120.82,99.16,264,0.528,3,0,8,1,105,93,457
2023-08-31 14:00:00,P0105,Groceries,634.91,677.71,135,0.27,3,0,8,0,117,130,494
2023-08-31 15:00:00,P0188,Furniture,4392.67,3994.06,433,0.866,3,0,8,0,71,80,274
2023-08-31 16:00:00,P0083,Electronics,4190.99,3385.81,335,0.67,3,0,8,0,60,66,228
2023-08-31 17:00:00,P0186,Groceries,1511.28,1249.19,317,0.634,3,0,8,0,105,92,451
2023-08-31 18:00:00,P0099,Books,1461.72,1729.09,22,0.044,3,0,8,0,126,110,497
2023-08-31 19:00:00,P0104,Clothing,3974.68,3729.96,348,0.696,3,0,8,0,63,60,270
2023-08-31 20:00:00,P0184,Furniture,4691.8,5382.57,58,0.116,3,0,8,0,71,75,298
2023-08-31 21:00:00,P0028,Furniture,3906.73,4625.06,265,0.53,3,0,8,0,73,62,268
2023-08-31 22:00:00,P0129,Books,3047.61,3587.97,139,0.278,3,0,8,0,97,110,412
2023-08-31 23:00:00,P0170,Furniture,1251.22,1442.27,445,0.89,3,0,8,0,106,107,427
2023-09-01 00:00:00,P0048,Furniture,2652.45,3071.37,380,0.76,4,0,9,0,79,76,327
2023-09-01 01:00:00,P0040,Furniture,1205.88,1104.11,115,0.23,4,0,9,0,99,101,374
2023-09-01 02:00:00,P0097,Furniture,4049.66,3485.09,203,0.406,4,0,9,0,83,88,299
2023-09-01 03:00:00,P0191,Groceries,1965.46,2074.95,157,0.314,4,0,9,0,94,88,363
2023-09-01 04:00:00,P0200,Groceries,4176.8,4156.93,329,0.658,4,0,9,0,73,68,274
2023-09-01 05:00:00,P0114,Clothing,1938.97,1627.76,461,0.922,4,0,9,0,94,93,371
2023-09-01 06:00:00,P0132,Furniture,4129.54,4422.81,195,0.39,4,0,9,0,81,85,297
2023-09-01 07:00:00,P0166,Books,1699.92,1742.66,430,0.86,4,0,9,0,91,97,393
2023-09-01 08:00:00,P0155,Electronics,2228.66,2552.32,211,0.422,4,0,9,0,80,76,296
2023-09-01 09:00:00,P0137,Clothing,3096.67,3231.91,40,0.08,4,0,9,0,94,89,396
2023-09-01 10:00:00,P0111,Electronics,397.92,409.69,358,0.716,4,0,9,0,112,112,487
2023-09-01 11:00:00,P0144,Electronics,4743.62,4631.2,6,0.012,4,0,9,0,80,81,297
2023-09-01 12:00:00,P0184,Furniture,2889.35,2846.34,349,0.698,4,0,9,0,70,73,271
2023-09-01 13:00:00,P0076,Books,2563.71,3029.67,371,0.742,4,0,9,0,90,93,377
2023-09-01 14:00:00,P0031,Electronics,4205.0,3596.87,104,0.208,4,0,9,0,71,68,296
2023-09-01 15:00:00,P0119,Electronics,4335.53,4242.26,471,0.942,4,0,9,0,50,47,181
2023-09-01 16:00:00,P0142,Clothing,2635.19,2799.44,457,0.914,4,0,9,0,79,74,289
2023-09-01 17:00:00,P0025,Books,4639.95,4515.62,307,0.614,4,0,9,0,60,63,222
2023-09-01 18:00:00,P0034,Books,370.45,338.33,44,0.088,4,0,9,0,115,113,466
2023-09-01 19:00:00,P0067,Electronics,610.47,558.55,37,0.074,4,0,9,0,99,88,361
2023-09-01 20:00:00,P0152,Books,3004.1,2684.05,163,0.326,4,0,9,0,84,72,342
2023-09-01 21:00:00,P0118,Clothing,1802.63,1690.08,80,0.16,4,0,9,0,84,72,325
2023-09-01 22:00:00,P0073,Clothing,2347.91,2696.97,340,0.68,4,0,9,0,81,90,335
2023-09-01 23:00:00,P0026,Clothing,1673.99,1677.49,57,0.114,4,0,9,0,105,104,444
2023-09-02 00:00:00,P0148,Furniture,2053.39,1840.03,301,0.602,5,1,9,0,122,128,516
2023-09-02 01:00:00,P0192,Electronics,4122.1,3931.7,122,0.244,5,1,9,0,86,97,312
2023-09-02 02:00:00,P0104,Books,2987.71,2516.64,194,0.388,5,1,9,0,98,87,427
2023-09-02 03:00:00,P0010,Clothing,4986.86,5792.81,192,0.384,5,1,9,0,84,83,342
2023-09-02 04:00:00,P0067,Electronics,3945.05,3800.18,401,0.802,5,1,9,0,85,86,367
2023-09-02 05:00:00,P0152,Electronics,1404.65,1674.56,385,0.77,5,1,9,0,112,123,458
2023-09-02 06:00:00,P0005,Furniture,1358.51,1275.66,103,0.206,5,1,9,0,127,146,506
2023-09-02 07:00:00,P0195,Books,1712.7,1943.13,111,0.222,5,1,9,1,110,117,460
2023-09-02 08:00:00,P0186,Books,4224.13,3812.51,131,0.262,5,1,9,0,80,83,302
2023-09-02 09:00:00,P0027,Clothing,185.07,153.69,95,0.19,5,1,9,0,135,152,497
2023-09-02 10:00:00,P0113,Clothing,1189.4,966.62,82,0.164,5,1,9,0,93,102,342
2023-09-02 11:00:00,P0015,Electronics,4529.35,4721.7,467,0.934,5,1,9,0,59,65,252
2023-09-02 12:00:00,P0163,Books,3217.49,2974.99,169,0.338,5,1,9,0,111,94,481
2023-09-02 13:00:00,P0105,Books,1172.89,1146.39,48,0.096,5,1,9,0,137,138,582
2023-09-02 14:00:00,P0181,Clothing,1134.77,1279.41,432,0.864,5,1,9,0,100,108,432
2023-09-02 15:00:00,P0044,Groceries,4319.96,3884.69,372,0.744,5,1,9,0,69,62,303
2023-09-02 16:00:00,P0026,Electronics,4474.1,4131.66,134,0.268,5,1,9,0,89,96,358
2023-09-02 17:00:00,P0175,Books,1317.85,1499.89,264,0.528,5,1,9,0,121,103,450
2023-09-02 18:00:00,P0162,Furniture,2131.53,2125.36,198,0.396,5,1,9,0,97,99,396
2023-09-02 19:00:00,P0095,Furniture,4181.25,4729.27,282,0.564,5,1,9,0,82,91,318
2023-09-02 20:00:00,P0178,Groceries,3866.49,3672.36,404,0.808,5,1,9,0,68,67,264
2023-09-02 21:00:00,P0084,Clothing,4078.88,3913.07,34,0.068,5,1,9,0,88,94,368
2023-09-02 22:00:00,P0140,Clothing,2616.07,2267.75,343,0.686,5,1,9,0,94,95,345
2023-09-02 23:00:00,P0132,Clothing,4562.17,5321.95,479,0.958,5,1,9,0,75,78,272
2023-09-03 00:00:00,P0087,Furniture,1663.46,1927.47,203,0.406,6,1,9,0,136,137,565
2023-09-03 01:00:00,P0176,Clothing,825.53,985.42,470,0.94,6,1,9,0,96,95,366
2023-09-03 02:00:00,P0183,Furniture,3558.23,3419.38,419,0.838,6,1,9,0,98,108,383
2023-09-03 03:00:00,P0112,Groceries,2719.8,3066.43,240,0.48,6,1,9,0,94,83,362
2023-09-03 04:00:00,P0129,Electronics,4280.2,4134.59,348,0.696,6,1,9,0,75,77,307
2023-09-03 05:00:00,P0089,Books,451.74,443.48,322,0.644,6,1,9,0,131,116,488
2023-09-03 06:00:00,P0066,Groceries,4226.28,4784.15,42,0.084,6,1,9,0,84,86,351
2023-09-03 07:00:00,P0158,Furniture,1501.81,1308.0,263,0.526,6,1,9,0,101,115,438
2023-09-03 08:00:00,P0131,Groceries,3291.54,2923.3,481,0.962,6,1,9,1,91,79,388
2023-09-03 09:00:00,P0122,Books,248.64,230.21,376,0.752,6,1,9,0,124,121,536
2023-09-03 10:00:00,P0149,Electronics,3067.43,3421.02,77,0.154,6,1,9,0,96,105,418
2023-09-03 11:00:00,P0084,Books,3600.49,3417.08,35,0.07,6,1,9,0,115,111,448
2023-09-03 12:00:00,P0177,Furniture,1875.31,1768.92,382,0.764,6,1,9,0,97,98,411
2023-09-03 13:00:00,P0116,Books,1116.28,1339.01,303,0.606,6,1,9,0,95,84,380
2023-09-03 14:00:00,P0190,Groceries,2711.27,2585.26,173,0.346,6,1,9,0,90,83,343
2023-09-03 15:00:00,P0116,Clothing,4174.29,3753.14,415,0.83,6,1,9,0,70,74,294
2023-09-03 16:00:00,P0038,Groceries,1651.56,1732.96,134,0.268,6,1,9,0,110,121,417
2023-09-03 17:00:00,P0143,Furniture,1299.72,1456.66,329,0.658,6,1,9,0,126,132,465
2023-09-03 18:00:00,P0110,Electronics,1430.73,1184.42,139,0.278,6,1,9,0,95,105,396
2023-09-03 19:00:00,P0180,Books,4748.2,4974.01,54,0.108,6,1,9,0,98,101,375
2023-09-03 20:00:00,P0046,Electronics,1828.42,1488.87,251,0.502,6,1,9,0,100,109,384
2023-09-03 21:00:00,P0025,Furniture,67.84,68.55,487,0.974,6,1,9,0,108,124,465
2023-09-03 22:00:00,P0021,Books,3919.32,3538.35,278,0.556,6,1,9,0,79,69,293
2023-09-03 23:00:00,P0121,Groceries,3511.41,3239.83,458,0.916,6,1,9,0,80,80,337
2023-09-04 00:00:00,P0122,Groceries,686.41,677.38,179,0.358,0,0,9,0,104,94,407
2023-09-04 01:00:00,P0133,Furniture,4925.28,5766.73,12,0.024,0,0,9,0,71,70,306
2023-09-04 02:00:00,P0070,Books,3059.91,3317.76,203,0.406,0,0,9,0,87,87,344
2023-09-04 03:00:00,P0113,Groceries,2528.86,2970.75,454,0.908,0,0,9,1,64,66,251
2023-09-04 04:00:00,P0107,Furniture,1941.99,2066.25,308,0.616,0,0,9,0,89,87,351
2023-09-04 05:00:00,P0112,Furniture,4498.43,3611.53,62,0.124,0,0,9,0,79,75,337
2023-09-04 06:00:00,P0108,Electronics,1257.62,1139.7,491,0.982,0,0,9,1,89,77,321
2023-09-04 07:00:00,P0047,Groceries,1464.56,1702.27,73,0.146,0,0,9,0,100,86,416
2023-09-04 08:00:00,P0196,Books,655.93,693.57,454,0.908,0,0,9,1,91,82,343
2023-09-04 09:00:00,P0091,Groceries,3807.64,4541.22,306,0.612,0,0,9,0,83,82,357
2023-09-04 10:00:00,P0018,Groceries,2997.97,2585.41,441,0.882,0,0,9,0,81,79,316
2023-09-04 11:00:00,P0149,Groceries,3064.88,2815.7,154,0.308,0,0,9,0,84,76,325
2023-09-04 12:00:00,P0104,Furniture,1131.43,1069.14,6,0.012,0,0,9,0,114,125,475
2023-09-04 13:00:00,P0151,Clothing,3273.28,3046.19,374,0.748,0,0,9,0,85,90,355
2023-09-04 14:00:00,P0192,Clothing,3839.02,3458.18,305,0.61,0,0,9,0,64,61,263
2023-09-04 15:00:00,P0195,Electronics,1821.55,1780.36,407,0.814,0,0,9,0,93,101,359
2023-09-04 16:00:00,P0040,Groceries,4016.67,4245.3,342,0.684,0,0,9,0,66,76,270
2023-09-04 17:00:00,P0138,Clothing,1776.51,1642.39,152,0.304,0,0,9,0,110,102,401
2023-09-04 18:00:00,P0089,Electronics,3802.79,3163.46,43,0.086,0,0,9,0,74,71,323
2023-09-04 19:00:00,P0180,Furniture,216.96,235.06,35,0.07,0,0,9,0,116,133,460
2023-09-04 20:00:00,P0200,Groceries,2778.26,2732.71,440,0.88,0,0,9,0,82,73,315
2023-09-04 21:00:00,P0061,Books,4849.16,4958.72,96,0.192,0,0,9,0,58,51,249
2023-09-04 22:00:00,P0192,Furniture,4907.16,4819.62,164,0.328,0,0,9,0,54,54,208
2023-09-04 23:00:00,P0005,Electronics,1444.68,1670.26,233,0.466,0,0,9,0,94,93,413
2023-09-05 00:00:00,P0122,Furniture,2234.93,2287.45,102,0.204,1,0,9,0,111,97,461
2023-09-05 01:00:00,P0181,Books,361.74,422.99,435,0.87,1,0,9,0,98,92,404
2023-09-05 02:00:00,P0055,Furniture,4373.04,4391.54,380,0.76,1,0,9,0,71,69,264
2023-09-05 03:00:00,P0037,Electronics,2864.43,2626.78,446,0.892,1,0,9,0,54,59,221
2023-09-05 04:00:00,P0056,Books,1956.25,1843.13,6,0.012,1,0,9,0,109,116,406
2023-09-05 05:00:00,P0187,Books,608.21,613.59,93,0.186,1,0,9,0,116,130,490
2023-09-05 06:00:00,P0102,Furniture,4736.5,4793.32,443,0.886,1,0,9,0,68,65,252
2023-09-05 07:00:00,P0093,Books,2674.58,2875.0,478,0.956,1,0,9,0,80,75,311
2023-09-05 08:00:00,P0197,Furniture,1450.49,1290.64,120,0.24,1,0,9,0,89,88,354
2023-09-05 09:00:00,P0073,Groceries,1783.56,1896.88,364,0.728,1,0,9,0,84,72,357
2023-09-05 10:00:00,P0059,Books,1389.95,1544.84,493,0.986,1,0,9,0,81,74,333
2023-09-05 11:00:00,P0002,Furniture,3028.96,3242.92,36,0.072,1,0,9,0,95,87,399
2023-09-05 12:00:00,P0193,Groceries,4653.32,4619.5,20,0.04,1,0,9,1,73,63,277
2023-09-05 13:00:00,P0104,Books,4290.63,5134.48,97,0.194,1,0,9,0,83,82,315
2023-09-05 14:00:00,P0188,Groceries,2328.89,2240.22,301,0.602,1,0,9,0,93,104,363
2023-09-05 15:00:00,P0051,Books,4141.17,3489.5,20,0.04,1,0,9,0,94,80,340
2023-09-05 16:00:00,P0030,Electronics,2144.37,2420.14,231,0.462,1,0,9,0,93,97,397
2023-09-05 17:00:00,P0011,Electronics,1298.92,1149.39,467,0.934,1,0,9,0,89,99,347
2023-09-05 18:00:00,P0108,Furniture,4917.9,5337.47,353,0.706,1,0,9,0,65,57,238
2023-09-05 19:00:00,P0076,Clothing,1554.24,1354.66,71,0.142,1,0,9,0,75,84,322
2023-09-05 20:00:00,P0167,Electronics,1652.43,1333.1,351,0.702,1,0,9,0,89,98,389
2023-09-05 21:00:00,P0090,Clothing,4948.98,4275.52,51,0.102,1,0,9,0,76,69,313
2023-09-05 22:00:00,P0123,Groceries,712.94,677.86,221,0.442,1,0,9,0,102,114,396
2023-09-05 23:00:00,P0200,Groceries,3814.64,3214.4,284,0.568,1,0,9,0,74,81,291
2023-09-06 00:00:00,P0191,Clothing,4682.27,4116.05,324,0.648,2,0,9,0,65,57,247
2023-09-06 01:00:00,P0192,Furniture,2583.39,2856.84,477,0.954,2,0,9,0,93,102,388
2023-09-06 02:00:00,P0189,Books,62.48,69.22,459,0.918,2,0,9,0,104,105,404
2023-09-06 03:00:00,P0125,Clothing,1906.54,2148.66,166,0.332,2,0,9,0,94,103,341
2023-09-06 04:00:00,P0182,Clothing,602.27,684.46,282,0.564,2,0,9,0,128,133,466
2023-09-06 05:00:00,P0122,Clothing,2110.13,2042.97,204,0.408,2,0,9,1,81,78,331
2023-09-06 06:00:00,P0094,Clothing,3960.63,4542.92,366,0.732,2,0,9,0,67,69,257
2023-09-06 07:00:00,P0103,Clothing,2221.62,2244.67,137,0.274,2,0,9,1,84,87,314
2023-09-06 08:00:00,P0186,Furniture,2188.03,2162.3,35,0.07,2,0,9,1,90,97,364
2023-09-06 09:00:00,P0184,Electronics,2806.11,3051.4,94,0.188,2,0,9,0,101,111,386
2023-09-06 10:00:00,P0162,Books,2929.37,2594.04,15,0.03,2,0,9,0,82,86,300
2023-09-06 11:00:00,P0031,Electronics,4288.67,4785.29,486,0.972,2,0,9,0,66,76,248
2023-09-06 12:00:00,P0052,Clothing,1576.36,1531.89,236,0.472,2,0,9,0,101,109,426
2023-09-06 13:00:00,P0089,Electronics,4117.27,3503.46,163,0.326,2,0,9,0,81,91,347
2023-09-06 14:00:00,P0076,Furniture,2851.37,2417.18,89,0.178,2,0,9,0,84,79,361
2023-09-06 15:00:00,P0129,Groceries,1537.62,1331.52,107,0.214,2,0,9,1,107,101,431
2023-09-06 16:00:00,P0183,Electronics,1510.87,1746.91,83,0.166,2,0,9,0,98,94,427
2023-09-06 17:00:00,P0022,Books,1837.63,2198.49,254,0.508,2,0,9,0,94,92,350
2023-09-06 18:00:00,P0040,Furniture,3132.33,2953.13,417,0.834,2,0,9,0,69,79,286
2023-09-06 19:00:00,P0101,Groceries,1192.52,1093.37,164,0.328,2,0,9,0,89,78,371
2023-09-06 20:00:00,P0111,Furniture,4605.65,4087.55,199,0.398,2,0,9,0,73,73,266
2023-09-06 21:00:00,P0129,Clothing,2895.82,3270.91,323,0.646,2,0,9,0,102,92,390
2023-09-06 22:00:00,P0065,Groceries,4604.08,4068.55,314,0.628,2,0,9,0,66,72,288
2023-09-06 23:00:00,P0191,Books,279.7,327.15,156,0.312,2,0,9,0,111,95,467
2023-09-07 00:00:00,P0182,Groceries,1745.93,1862.8,30,0.06,3,0,9,0,108,107,394
2023-09-07 01:00:00,P0170,Books,162.9,188.78,65,0.13,3,0,9,0,128,124,516
2023-09-07 02:00:00,P0149,Clothing,1397.65,1427.84,88,0.176,3,0,9,0,115,101,474
2023-09-07 03:00:00,P0079,Books,4316.93,4646.19,485,0.97,3,0,9,0,69,66,302
2023-09-07 04:00:00,P0022,Furniture,231.22,242.27,258,0.516,3,0,9,0,106,116,442
2023-09-07 05:00:00,P0166,Electronics,2208.93,2501.57,252,0.504,3,0,9,0,97,86,399
2023-09-07 06:00:00,P0099,Furniture,631.96,716.86,493,0.986,3,0,9,0,99,113,428
2023-09-07 07:00:00,P0008,Furniture,2113.36,2189.27,233,0.466,3,0,9,0,91,79,376
2023-09-07 08:00:00,P0190,Groceries,4202.32,4425.06,106,0.212,3,0,9,0,84,79,365
2023-09-07 09:00:00,P0175,Clothing,3134.2,3663.1,68,0.136,3,0,9,0,92,100,367
2023-09-07 10:00:00,P0017,Electronics,3696.94,4332.62,277,0.554,3,0,9,0,71,68,296
2023-09-07 11:00:00,P0017,Books,1778.07,1894.89,335,0.67,3,0,9,0,82,82,337
2023-09-07 12:00:00,P0090,Groceries,4724.77,3794.47,200,0.4,3,0,9,0,59,53,238
2023-09-07 13:00:00,P0141,Clothing,3560.85,2997.4,52,0.104,3,0,9,0,76,81,293
2023-09-07 14:00:00,P0145,Electronics,2137.9,2444.0,431,0.862,3,0,9,0,85,77,367
2023-09-07 15:00:00,P0166,Furniture,2161.0,1802.03,456,0.912,3,0,9,0,93,103,355
2023-09-07 16:00:00,P0081,Clothing,4597.49,4070.65,240,0.48,3,0,9,0,69,70,257
2023-09-07 17:00:00,P0078,Clothing,2903.2,2590.29,331,0.662,3,0,9,0,84,85,350
2023-09-07 18:00:00,P0173,Clothing,3546.58,3688.78,174,0.348,3,0,9,0,86,97,347
2023-09-07 19:00:00,P0006,Furniture,2114.32,2179.13,41,0.082,3,0,9,0,86,93,328
2023-09-07 20:00:00,P0163,Books,1157.28,1059.8,259,0.518,3,0,9,0,95,102,408
2023-09-07 21:00:00,P0110,Groceries,3631.62,3206.88,368,0.736,3,0,9,0,66,73,253
2023-09-07 22:00:00,P0014,Books,3058.73,3382.38,209,0.418,3,0,9,0,81,71,296
2023-09-07 23:00:00,P0072,Electronics,2531.65,2972.62,465,0.93,3,0,9,0,83,89,300
2023-09-08 00:00:00,P0189,Groceries,3138.9,2577.42,41,0.082,4,0,9,0,89,82,386
2023-09-08 01:00:00,P0143,Electronics,1081.01,922.4,426,0.852,4,0,9,0,86,80,337
2023-09-08 02:00:00,P0054,Furniture,3980.0,4206.33,352,0.704,4,0,9,0,76,65,287
2023-09-08 03:00:00,P0027,Books,4743.41,5321.05,169,0.338,4,0,9,0,72,81,292
2023-09-08 04:00:00,P0013,Clothing,4460.96,4980.55,381,0.762,4,0,9,0,70,75,279
2023-09-08 05:00:00,P0159,Groceries,1641.11,1785.32,258,0.516,4,0,9,0,97,87,427
2023-09-08 06:00:00,P0163,Clothing,2059.73,2378.93,442,0.884,4,0,9,0,79,75,341
2023-09-08 07:00:00,P0060,Electronics,4051.59,3593.52,485,0.97,4,0,9,0,60,60,229
2023-09-08 08:00:00,P0006,Clothing,2995.83,2525.23,336,0.672,4,0,9,0,84,84,349
2023-09-08 09:00:00,P0197,Clothing,2762.18,2889.64,203,0.406,4,0,9,0,91,94,356
2023-09-08 10:00:00,P0058,Furniture,4636.88,5234.62,394,0.788,4,0,9,1,66,65,257
2023-09-08 11:00:00,P0049,Furniture,2703.32,2792.04,336,0.672,4,0,9,0,101,106,393
2023-09-08 12:00:00,P0151,Books,2598.95,3080.27,162,0.324,4,0,9,0,86,96,354
2023-09-08 13:00:00,P0162,Electronics,257.99,288.49,104,0.208,4,0,9,0,117,113,472
2023-09-08 14:00:00,P0026,Furniture,393.61,425.22,177,0.354,4,0,9,1,111,124,467
2023-09-08 15:00:00,P0047,Furniture,86.73,71.47,190,0.38,4,0,9,0,111,102,413
2023-09-08 16:00:00,P0005,Books,4570.56,3853.42,123,0.246,4,0,9,0,65,58,256
2023-09-08 17:00:00,P0020,Groceries,2071.51,2307.53,197,0.394,4,0,9,0,91,84,390
2023-09-08 18:00:00,P0134,Books,2369.38,2083.38,98,0.196,4,0,9,0,103,94,371
2023-09-08 19:00:00,P0198,Clothing,4234.67,3436.58,5,0.01,4,0,9,0,84,96,344
2023-09-08 20:00:00,P0059,Clothing,3065.77,3569.49,287,0.574,4,0,9,0,89,86,376
2023-09-08 21:00:00,P0192,Furniture,3067.03,3546.47,266,0.532,4,0,9,0,78,82,305
2023-09-08 22:00:00,P0146,Furniture,1517.85,1346.93,42,0.084,4,0,9,1,114,121,491
2023-09-08 23:00:00,P0132,Books,4177.85,4646.11,294,0.588,4,0,9,0,64,63,268
2023-09-09 00:00:00,P0017,Books,870.86,713.4,140,0.28,5,1,9,0,120,110,490
2023-09-09 01:00:00,P0014,Electronics,313.09,286.17,268,0.536,5,1,9,0,110,108,413
2023-09-09 02:00:00,P0013,Clothing,998.44,1047.83,38,0.076,5,1,9,0,148,147,612
2023-09-09 03:00:00,P0135,Books,1375.3,1520.08,429,0.858,5,1,9,0,107,122,457
2023-09-09 04:00:00,P0128,Groceries,1447.44,1163.97,161,0.322,5,1,9,0,126,129,527
2023-09-09 05:00:00,P0044,Electronics,3369.04,3134.84,194,0.388,5,1,9,0,98,112,398
2023-09-09 06:00:00,P0119,Books,1128.23,999.32,415,0.83,5,1,9,0,114,117,476
2023-09-09 07:00:00,P0143,Furniture,3399.46,4077.69,323,0.646,5,1,9,0,80,71,351
2023-09-09 08:00:00,P0019,Books,501.1,535.37,103,0.206,5,1,9,0,127,123,458
2023-09-09 09:00:00,P0063,Furniture,778.65,749.27,244,0.488,5,1,9,0,106,115,438
2023-09-09 10:00:00,P0163,Furniture,2568.67,2132.67,64,0.128,5,1,9,0,102,100,432
2023-09-09 11:00:00,P0081,Clothing,4613.38,4795.46,200,0.4,5,1,9,0,81,71,333
2023-09-09 12:00:00,P0163,Clothing,4304.86,4548.86,368,0.736,5,1,9,0,72,63,275
2023-09-09 13:00:00,P0147,Books,4845.33,5458.57,241,0.482,5,1,9,1,68,63,290
2023-09-09 14:00:00,P0148,Books,3269.87,2993.34,6,0.012,5,1,9,0,89,91,385
2023-09-09 15:00:00,P0100,Groceries,3395.28,4049.11,218,0.436,5,1,9,0,99,109,411
2023-09-09 16:00:00,P0163,Electronics,3143.86,3067.74,2,0.004,5,1,9,1,100,101,401
2023-09-09 17:00:00,P0160,Electronics,3132.95,2877.23,341,0.682,5,1,9,0,80,86,311
2023-09-09 18:00:00,P0122,Books,778.25,731.07,463,0.926,5,1,9,0,109,114,421
2023-09-09 19:00:00,P0176,Clothing,2741.51,2762.99,455,0.91,5,1,9,0,98,99,410
2023-09-09 20:00:00,P0044,Groceries,1961.04,2303.6,452,0.904,5,1,9,0,97,89,396
2023-09-09 21:00:00,P0104,Electronics,2240.56,2451.31,304,0.608,5,1,9,0,87,97,324
2023-09-09 22:00:00,P0152,Books,2641.82,2723.3,313,0.626,5,1,9,0,95,89,353
2023-09-09 23:00:00,P0061,Clothing,685.56,593.09,477,0.954,5,1,9,0,100,93,366
2023-09-10 00:00:00,P0125,Clothing,1829.46,1572.86,283,0.566,6,1,9,0,109,101,452
2023-09-10 01:00:00,P0145,Clothing,364.08,364.4,370,0.74,6,1,9,0,113,99,435
2023-09-10 02:00:00,P0071,Furniture,4899.36,5347.57,410,0.82,6,1,9,0,74,74,268
2023-09-10 03:00:00,P0107,Clothing,636.71,700.64,497,0.994,6,1,9,1,90,85,348
2023-09-10 04:00:00,P0050,Books,1329.7,1183.92,21,0.042,6,1,9,0,123,124,525
2023-09-10 05:00:00,P0065,Groceries,4461.9,3748.17,93,0.186,6,1,9,0,83,82,315
2023-09-10 06:00:00,P0099,Books,2439.41,2326.67,356,0.712,6,1,9,1,89,90,366
2023-09-10 07:00:00,P0032,Clothing,721.4,842.07,70,0.14,6,1,9,0,127,119,502
2023-09-10 08:00:00,P0164,Groceries,1951.94,1987.36,369,0.738,6,1,9,0,98,107,396
2023-09-10 09:00:00,P0141,Electronics,623.55,578.68,221,0.442,6,1,9,0,120,121,489
2023-09-10 10:00:00,P0198,Electronics,1041.07,967.63,12,0.024,6,1,9,0,113,103,448
2023-09-10 11:00:00,P0058,Books,307.55,262.29,405,0.81,6,1,9,0,117,131,427
2023-09-10 12:00:00,P0128,Groceries,2219.23,2195.46,458,0.916,6,1,9,0,78,69,316
2023-09-10 13:00:00,P0142,Books,4042.85,4514.02,4,0.008,6,1,9,0,91,97,357
2023-09-10 14:00:00,P0165,Groceries,2950.55,3503.55,21,0.042,6,1,9,0,104,110,391
2023-09-10 15:00:00,P0112,Groceries,3051.41,3053.36,462,0.924,6,1,9,0,102,89,440
2023-09-10 16:00:00,P0068,Books,1042.89,904.07,382,0.764,6,1,9,0,107,120,448
2023-09-10 17:00:00,P0040,Groceries,1752.27,1880.5,308,0.616,6,1,9,0,123,116,471
2023-09-10 18:00:00,P0187,Clothing,4233.95,4668.85,294,0.588,6,1,9,0,91,98,367
2023-09-10 19:00:00,P0144,Groceries,484.89,401.82,36,0.072,6,1,9,0,128,119,559
2023-09-10 20:00:00,P0190,Groceries,4296.76,4898.55,30,0.06,6,1,9,0,89,90,338
2023-09-10 21:00:00,P0132,Books,2444.27,2766.25,61,0.122,6,1,9,0,96,110,418
2023-09-10 22:00:00,P0173,Electronics,4193.88,4147.82,220,0.44,6,1,9,0,79,82,328
2023-09-10 23:00:00,P0090,Furniture,1624.13,1663.38,358,0.716,6,1,9,0,107,100,431
2023-09-11 00:00:00,P0028,Groceries,1727.27,1874.72,80,0.16,0,0,9,0,97,96,425
2023-09-11 01:00:00,P0096,Furniture,3770.44,4037.01,382,0.764,0,0,9,0,79,83,305
2023-09-11 02:00:00,P0194,Groceries,3935.73,3174.62,232,0.464,0,0,9,0,80,79,306
2023-09-11 03:00:00,P0031,Books,1186.74,1007.51,5,0.01,0,0,9,0,111,125,430
2023-09-11 04:00:00,P0003,Books,4865.71,4209.02,104,0.208,0,0,9,0,75,83,315
2023-09-11 05:00:00,P0136,Groceries,468.23,516.12,336,0.672,0,0,9,0,106,95,410
2023-09-11 06:00:00,P0024,Books,389.09,379.76,161,0.322,0,0,9,0,110,119,405
2023-09-11 07:00:00,P0015,Books,2997.75,3052.31,342,0.684,0,0,9,0,75,85,309
2023-09-11 08:00:00,P0171,Groceries,3627.57,4023.25,51,0.102,0,0,9,0,99,94,374
2023-09-11 09:00:00,P0159,Electronics,4806.39,4500.67,157,0.314,0,0,9,0,74,68,267
2023-09-11 10:00:00,P0045,Groceries,2054.48,2259.02,12,0.024,0,0,9,0,103,88,387
2023-09-11 11:00:00,P0194,Electronics,175.19,171.15,185,0.37,0,0,9,0,102,90,434
2023-09-11 12:00:00,P0008,Books,3034.34,2885.27,221,0.442,0,0,9,0,104,118,453
2023-09-11 13:00:00,P0071,Electronics,1484.0,1384.89,240,0.48,0,0,9,0,90,87,372
2023-09-11 14:00:00,P0108,Books,2193.09,2600.96,308,0.616,0,0,9,0,89,86,343
2023-09-11 15:00:00,P0115,Electronics,2467.92,2736.4,147,0.294,0,0,9,0,92,86,363
2023-09-11 16:00:00,P0103,Electronics,369.34,298.46,389,0.778,0,0,9,0,88,79,330
2023-09-11 17:00:00,P0125,Groceries,2455.61,2904.9,54,0.108,0,0,9,0,99,99,426
2023-09-11 18:00:00,P0057,Electronics,2160.28,2398.29,414,0.828,0,0,9,0,88,94,364
2023-09-11 19:00:00,P0030,Books,3577.09,3075.12,58,0.116,0,0,9,0,75,76,275
2023-09-11 20:00:00,P0146,Groceries,3246.05,2695.96,402,0.804,0,0,9,0,83,71,323
2023-09-11 21:00:00,P0114,Electronics,966.82,892.64,197,0.394,0,0,9,0,93,101,375
2023-09-11 22:00:00,P0197,Groceries,1070.39,1123.56,97,0.194,0,0,9,0,103,116,436
2023-09-11 23:00:00,P0117,Furniture,1292.48,1352.73,155,0.31,0,0,9,0,94,92,408
2023-09-12 00:00:00,P0167,Groceries,935.8,851.9,249,0.498,1,0,9,0,108,104,400
2023-09-12 01:00:00,P0060,Furniture,3303.21,3231.43,396,0.792,1,0,9,0,80,74,341
2023-09-12 02:00:00,P0098,Furniture,4972.43,4399.39,179,0.358,1,0,9,0,60,56,219
2023-09-12 03:00:00,P0171,Groceries,3277.94,2688.67,73,0.146,1,0,9,0,81,85,307
2023-09-12 04:00:00,P0126,Books,3053.07,3073.79,60,0.12,1,0,9,0,84,91,304
2023-09-12 05:00:00,P0173,Books,2079.14,1951.89,424,0.848,1,0,9,0,91,86,332
2023-09-12 06:00:00,P0151,Books,1597.27,1624.67,44,0.088,1,0,9,0,96,91,348
2023-09-12 07:00:00,P0197,Clothing,4559.82,5374.22,134,0.268,1,0,9,0,72,71,268
2023-09-12 08:00:00,P0094,Furniture,4846.56,4155.19,209,0.418,1,0,9,0,67,60,288
2023-09-12 09:00:00,P0134,Groceries,2509.04,2009.2,85,0.17,1,0,9,0,90,102,344
2023-09-12 10:00:00,P0184,Books,1486.49,1234.9,269,0.538,1,0,9,0,113,120,450
2023-09-12 11:00:00,P0122,Books,3862.1,3804.49,291,0.582,1,0,9,0,70,69,279
2023-09-12 12:00:00,P0108,Groceries,705.66,764.07,263,0.526,1,0,9,0,101,90,444
2023-09-12 13:00:00,P0004,Furniture,3839.66,3963.7,267,0.534,1,0,9,0,78,86,304
2023-09-12 14:00:00,P0093,Groceries,4103.79,4095.41,423,0.846,1,0,9,1,66,66,252
2023-09-12 15:00:00,P0151,Clothing,668.27,629.23,495,0.99,1,0,9,0,89,97,389
2023-09-12 16:00:00,P0006,Clothing,4885.46,4514.11,224,0.448,1,0,9,0,70,60,285
2023-09-12 17:00:00,P0032,Groceries,4928.29,4684.41,215,0.43,1,0,9,0,73,68,280
2023-09-12 18:00:00,P0106,Furniture,4686.76,4896.04,361,0.722,1,0,9,0,75,78,287
2023-09-12 19:00:00,P0146,Books,2505.37,2172.41,230,0.46,1,0,9,0,87,87,319
2023-09-12 20:00:00,P0015,Clothing,1268.07,1405.71,189,0.378,1,0,9,0,93,87,376
2023-09-12 21:00:00,P0168,Clothing,2930.95,3019.18,141,0.282,1,0,9,0,81,74,338
2023-09-12 22:00:00,P0122,Furniture,2128.67,1932.11,176,0.352,1,0,9,0,107,101,426
2023-09-12 23:00:00,P0096,Clothing,1069.45,1069.94,50,0.1,1,0,9,0,111,119,478
2023-09-13 00:00:00,P0006,Clothing,2147.2,2544.67,189,0.378,2,0,9,0,85,77,339
2023-09-13 01:00:00,P0112,Furniture,3336.25,2696.35,4,0.008,2,0,9,0,82,84,318
2023-09-13 02:00:00,P0120,Groceries,401.02,352.82,210,0.42,2,0,9,0,96,94,365
2023-09-13 03:00:00,P0123,Books,1700.42,1665.31,194,0.388,2,0,9,0,96,104,364
2023-09-13 04:00:00,P0191,Books,138.08,145.73,0,0.0,2,0,9,0,124,113,478
2023-09-13 05:00:00,P0067,Clothing,3760.0,3327.19,103,0.206,2,0,9,0,94,88,413
2023-09-13 06:00:00,P0106,Books,3221.42,3777.31,360,0.72,2,0,9,0,87,84,338
2023-09-13 07:00:00,P0139,Groceries,360.23,380.77,100,0.2,2,0,9,0,113,102,454
2023-09-13 08:00:00,P0043,Clothing,4825.45,5553.96,127,0.254,2,0,9,0,66,65,252
2023-09-13 09:00:00,P0145,Books,161.98,150.92,352,0.704,2,0,9,0,109,106,405
2023-09-13 10:00:00,P0096,Electronics,2970.31,3361.15,304,0.608,2,0,9,0,68,78,280
2023-09-13 11:00:00,P0132,Electronics,3893.02,3703.38,248,0.496,2,0,9,0,70,72,283
2023-09-13 12:00:00,P0191,Electronics,3950.09,3559.43,493,0.986,2,0,9,0,73,64,267
2023-09-13 13:00:00,P0196,Electronics,219.71,255.89,400,0.8,2,0,9,1,111,110,478
2023-09-13 14:00:00,P0081,Electronics,4536.75,3796.75,456,0.912,2,0,9,0,73,81,292
2023-09-13 15:00:00,P0041,Clothing,4596.34,5410.61,350,0.7,2,0,9,0,66,73,255
2023-09-13 16:00:00,P0133,Furniture,2828.88,2781.94,290,0.58,2,0,9,0,95,108,401
2023-09-13 17:00:00,P0160,Furniture,2436.31,2916.39,450,0.9,2,0,9,0,79,88,291
2023-09-13 18:00:00,P0198,Clothing,272.09,276.4,268,0.536,2,0,9,0,102,92,406
2023-09-13 19:00:00,P0035,Clothing,2831.67,3123.32,371,0.742,2,0,9,0,84,71,339
2023-09-13 20:00:00,P0022,Groceries,2076.43,1667.02,420,0.84,2,0,9,0,96,99,405
2023-09-13 21:00:00,P0193,Furniture,3875.39,3870.22,37,0.074,2,0,9,1,89,94,347
2023-09-13 22:00:00,P0150,Electronics,2049.22,2243.86,333,0.666,2,0,9,0,98,87,420
2023-09-13 23:00:00,P0112,Clothing,3433.73,3822.19,389,0.778,2,0,9,0,80,72,333
2023-09-14 00:00:00,P0011,Electronics,551.97,476.47,249,0.498,3,0,9,0,115,131,485
2023-09-14 01:00:00,P0003,Furniture,708.11,685.16,220,0.44,3,0,9,0,105,119,459
2023-09-14 02:00:00,P0137,Books,741.57,717.56,62,0.124,3,0,9,0,114,102,487
2023-09-14 03:00:00,P0060,Books,275.35,231.69,252,0.504,3,0,9,0,137,127,531
2023-09-14 04:00:00,P0076,Clothing,2729.58,2667.4,432,0.864,3,0,9,0,87,97,358
2023-09-14 05:00:00,P0087,Groceries,3980.14,4469.05,264,0.528,3,0,9,0,75,74,322
2023-09-14 06:00:00,P0014,Electronics,3071.54,2826.04,163,0.326,3,0,9,0,92,100,370
2023-09-14 07:00:00,P0018,Clothing,2896.03,2817.92,22,0.044,3,0,9,0,82,79,340
2023-09-14 08:00:00,P0113,Groceries,3419.09,4049.51,78,0.156,3,0,9,0,82,88,307
2023-09-14 09:00:00,P0073,Electronics,1731.24,1406.95,117,0.234,3,0,9,0,97,94,413
2023-09-14 10:00:00,P0023,Furniture,1841.67,1909.09,184,0.368,3,0,9,0,89,100,374
2023-09-14 11:00:00,P0083,Books,1605.64,1761.99,433,0.866,3,0,9,0,105,100,453
2023-09-14 12:00:00,P0125,Groceries,3574.94,3948.0,494,0.988,3,0,9,0,75,76,313
2023-09-14 13:00:00,P0175,Electronics,850.12,923.55,58,0.116,3,0,9,0,116,117,499
2023-09-14 14:00:00,P0069,Clothing,114.48,124.85,369,0.738,3,0,9,0,103,108,384
2023-09-14 15:00:00,P0047,Electronics,3001.17,2471.78,390,0.78,3,0,9,0,70,66,298
2023-09-14 16:00:00,P0116,Clothing,4714.79,4779.17,302,0.604,3,0,9,0,67,70,292
2023-09-14 17:00:00,P0030,Books,3066.57,3413.67,251,0.502,3,0,9,0,79,70,336
2023-09-14 18:00:00,P0025,Books,3925.46,3288.07,88,0.176,3,0,9,0,72,81,295
2023-09-14 19:00:00,P0156,Electronics,3380.31,2720.54,228,0.456,3,0,9,0,87,78,378
2023-09-14 20:00:00,P0112,Electronics,2512.31,2828.42,342,0.684,3,0,9,0,83,91,305
2023-09-14 21:00:00,P0025,Clothing,3606.04,3912.26,330,0.66,3,0,9,0,62,66,224
2023-09-14 22:00:00,P0074,Clothing,4129.32,3984.31,439,0.878,3,0,9,1,69,66,302
2023-09-14 23:00:00,P0058,Groceries,1162.42,1367.19,237,0.474,3,0,9,0,100,95,415
2023-09-15 00:00:00,P0094,Groceries,1713.85,1896.61,391,0.782,4,0,9,0,97,111,358
2023-09-15 01:00:00,P0119,Groceries,1157.44,1374.05,291,0.582,4,0,9,0,100,91,387
2023-09-15 02:00:00,P0127,Electronics,2288.26,2681.21,425,0.85,4,0,9,0,79,84,332
2023-09-15 03:00:00,P0169,Groceries,4431.07,4397.91,294,0.588,4,0,9,0,73,66,307
2023-09-15 04:00:00,P0025,Electronics,1758.78,1937.97,320,0.64,4,0,9,0,86,96,321
2023-09-15 05:00:00,P0078,Books,1903.61,2032.44,499,0.998,4,0,9,0,91,98,362
2023-09-15 06:00:00,P0099,Furniture,4308.82,4845.6,43,0.086,4,0,9,0,86,97,365
2023-09-15 07:00:00,P0116,Books,2601.1,2900.42,332,0.664,4,0,9,0,64,71,280
2023-09-15 08:00:00,P0048,Electronics,2700.47,2325.9,79,0.158,4,0,9,0,85,86,348
2023-09-15 09:00:00,P0010,Electronics,4310.97,3851.83,173,0.346,4,0,9,0,78,70,321
2023-09-15 10:00:00,P0099,Furniture,2478.11,2245.89,140,0.28,4,0,9,1,93,85,370
2023-09-15 11:00:00,P0011,Clothing,3423.71,3859.89,36,0.072,4,0,9,0,97,88,391
2023-09-15 12:00:00,P0085,Clothing,473.94,532.85,13,0.026,4,0,9,0,129,118,475
2023-09-15 13:00:00,P0149,Clothing,934.23,932.49,121,0.242,4,0,9,0,116,115,450
2023-09-15 14:00:00,P0173,Groceries,2051.66,2118.0,396,0.792,4,0,9,1,72,80,288
2023-09-15 15:00:00,P0135,Clothing,2499.45,2826.3,237,0.474,4,0,9,0,87,75,332
2023-09-15 16:00:00,P0192,Groceries,4830.38,4468.28,395,0.79,4,0,9,0,68,63,264
2023-09-15 17:00:00,P0126,Groceries,4854.73,3981.23,54,0.108,4,0,9,0,72,74,315
2023-09-15 18:00:00,P0064,Clothing,4263.43,4233.75,411,0.822,4,0,9,0,67,74,241
2023-09-15 19:00:00,P0002,Clothing,1612.21,1879.01,21,0.042,4,0,9,0,117,110,450
2023-09-15 20:00:00,P0076,Furniture,4821.94,5382.19,339,0.678,4,0,9,0,68,66,277
2023-09-15 21:00:00,P0121,Furniture,3462.24,3277.52,494,0.988,4,0,9,0,71,68,271
2023-09-15 22:00:00,P0042,Groceries,1995.05,1647.73,402,0.804,4,0,9,0,77,72,319
2023-09-15 23:00:00,P0054,Furniture,3523.29,3716.25,202,0.404,4,0,9,0,94,100,361
2023-09-16 00:00:00,P0075,Groceries,131.79,149.42,413,0.826,5,1,9,0,121,127,497
2023-09-16 01:00:00,P0016,Electronics,773.47,824.5,437,0.874,5,1,9,0,105,116,449
2023-09-16 02:00:00,P0018,Groceries,4156.94,4032.36,345,0.69,5,1,9,0,89,100,367
2023-09-16 03:00:00,P0187,Groceries,3245.59,2756.61,14,0.028,5,1,9,0,85,95,309
2023-09-16 04:00:00,P0090,Furniture,1852.76,2157.19,29,0.058,5,1,9,0,137,139,580
2023-09-16 05:00:00,P0144,Electronics,2528.3,2301.72,28,0.056,5,1,9,0,116,105,437
2023-09-16 06:00:00,P0006,Books,4530.45,4030.81,251,0.502,5,1,9,0,98,90,403
2023-09-16 07:00:00,P0185,Books,3176.31,3577.77,159,0.318,5,1,9,0,104,107,428
2023-09-16 08:00:00,P0108,Books,2020.84,2409.83,116,0.232,5,1,9,0,114,128,484
2023-09-16 09:00:00,P0175,Electronics,645.62,686.98,157,0.314,5,1,9,1,117,118,469
2023-09-16 10:00:00,P0048,Clothing,1504.05,1579.14,107,0.214,5,1,9,0,112,127,437
2023-09-16 11:00:00,P0042,Electronics,4892.78,4539.39,114,0.228,5,1,9,0,71,66,285
2023-09-16 12:00:00,P0076,Furniture,2214.95,1790.05,271,0.542,5,1,9,0,124,109,501
2023-09-16 13:00:00,P0188,Groceries,2385.61,2091.51,419,0.838,5,1,9,0,97,106,413
2023-09-16 14:00:00,P0077,Groceries,2518.06,2603.1,337,0.674,5,1,9,0,106,118,399
2023-09-16 15:00:00,P0132,Furniture,4426.31,3808.96,488,0.976,5,1,9,0,82,81,351
2023-09-16 16:00:00,P0130,Furniture,3039.45,3506.11,175,0.35,5,1,9,0,96,85,374
2023-09-16 17:00:00,P0059,Groceries,3483.7,3049.14,230,0.46,5,1,9,0,85,73,357
2023-09-16 18:00:00,P0155,Clothing,1977.6,1995.09,283,0.566,5,1,9,0,98,85,379
2023-09-16 19:00:00,P0027,Clothing,193.98,194.91,317,0.634,5,1,9,0,103,101,429
2023-09-16 20:00:00,P0079,Clothing,4658.32,4852.0,249,0.498,5,1,9,0,71,65,301
2023-09-16 21:00:00,P0072,Furniture,4748.18,4420.43,466,0.932,5,1,9,0,76,75,308
2023-09-16 22:00:00,P0007,Groceries,4748.31,5457.77,439,0.878,5,1,9,0,81,81,332
2023-09-16 23:00:00,P0191,Groceries,4721.25,4616.06,55,0.11,5,1,9,0,84,83,350
2023-09-17 00:00:00,P0111,Groceries,4085.45,4412.54,330,0.66,6,1,9,0,90,93,374
2023-09-17 01:00:00,P0119,Electronics,3438.75,3625.7,272,0.544,6,1,9,0,100,105,418
2023-09-17 02:00:00,P0174,Electronics,4230.32,3582.5,189,0.378,6,1,9,0,83,80,355
2023-09-17 03:00:00,P0063,Books,3022.7,3170.98,20,0.04,6,1,9,0,115,109,434
2023-09-17 04:00:00,P0124,Electronics,715.13,729.63,164,0.328,6,1,9,0,121,116,456
2023-09-17 05:00:00,P0012,Clothing,1986.53,2303.27,491,0.982,6,1,9,0,93,81,407
2023-09-17 06:00:00,P0141,Clothing,4857.91,5598.02,370,0.74,6,1,9,0,75,71,321
2023-09-17 07:00:00,P0043,Clothing,1788.13,1538.47,417,0.834,6,1,9,0,87,79,354
2023-09-17 08:00:00,P0017,Clothing,4345.75,3618.59,480,0.96,6,1,9,0,75,70,270
2023-09-17 09:00:00,P0063,Books,511.4,469.38,284,0.568,6,1,9,0,92,98,394
2023-09-17 10:00:00,P0120,Clothing,1704.21,2035.93,67,0.134,6,1,9,0,124,142,521
2023-09-17 11:00:00,P0036,Furniture,1787.22,1445.2,479,0.958,6,1,9,0,87,98,380
2023-09-17 12:00:00,P0008,Furniture,305.43,326.55,443,0.886,6,1,9,0,115,126,415
2023-09-17 13:00:00,P0069,Furniture,639.52,667.28,266,0.532,6,1,9,0,137,147,496
2023-09-17 14:00:00,P0090,Electronics,1006.17,1065.16,217,0.434,6,1,9,0,119,135,478
2023-09-17 15:00:00,P0036,Groceries,4197.19,3724.23,337,0.674,6,1,9,0,66,71,283
2023-09-17 16:00:00,P0028,Books,363.84,324.07,383,0.766,6,1,9,0,118,117,518
2023-09-17 17:00:00,P0118,Furniture,1528.57,1486.16,372,0.744,6,1,9,1,103,106,397
2023-09-17 18:00:00,P0093,Furniture,100.37,84.14,95,0.19,6,1,9,0,145,137,526
2023-09-17 19:00:00,P0175,Clothing,3493.36,2898.95,187,0.374,6,1,9,0,92,78,346
2023-09-17 20:00:00,P0076,Furniture,3120.5,2606.69,474,0.948,6,1,9,0,97,93,417
2023-09-17 21:00:00,P0101,Clothing,3242.66,3337.32,207,0.414,6,1,9,0,99,96,393
2023-09-17 22:00:00,P0158,Clothing,1903.19,1825.34,73,0.146,6,1,9,0,124,133,531
2023-09-17 23:00:00,P0151,Groceries,1080.93,991.7,363,0.726,6,1,9,0,110,122,435
2023-09-18 00:00:00,P0144,Electronics,3615.59,3349.22,161,0.322,0,0,9,0,91,104,331
2023-09-18 01:00:00,P0014,Clothing,4065.03,3589.07,160,0.32,0,0,9,0,73,70,299
2023-09-18 02:00:00,P0071,Clothing,736.08,710.02,393,0.786,0,0,9,0,80,91,316
2023-09-18 03:00:00,P0180,Groceries,2459.81,2167.64,489,0.978,0,0,9,0,72,78,288
2023-09-18 04:00:00,P0124,Clothing,1281.14,1382.63,59,0.118,0,0,9,0,107,92,466
2023-09-18 05:00:00,P0125,Books,882.13,749.43,25,0.05,0,0,9,0,114,117,452
2023-09-18 06:00:00,P0037,Electronics,3684.91,4345.6,361,0.722,0,0,9,0,76,73,322
2023-09-18 07:00:00,P0029,Books,2713.58,2268.36,24,0.048,0,0,9,0,105,90,383
2023-09-18 08:00:00,P0195,Furniture,1120.12,1318.81,257,0.514,0,0,9,0,102,103,406
2023-09-18 09:00:00,P0143,Electronics,1584.5,1795.74,345,0.69,0,0,9,0,96,98,391
2023-09-18 10:00:00,P0175,Furniture,4834.94,5184.43,339,0.678,0,0,9,0,72,67,266
2023-09-18 11:00:00,P0174,Clothing,4250.96,4952.03,2,0.004,0,0,9,0,66,75,254
2023-09-18 12:00:00,P0180,Groceries,4405.74,3769.94,287,0.574,0,0,9,0,75,77,314
2023-09-18 13:00:00,P0019,Books,2327.06,2025.77,256,0.512,0,0,9,0,101,91,378
2023-09-18 14:00:00,P0106,Furniture,3137.85,2826.77,279,0.558,0,0,9,0,87,93,322
2023-09-18 15:00:00,P0021,Clothing,1915.0,1719.53,305,0.61,0,0,9,0,94,94,361
2023-09-18 16:00:00,P0064,Books,434.67,401.78,426,0.852,0,0,9,0,107,106,459
2023-09-18 17:00:00,P0165,Books,2035.29,2096.86,247,0.494,0,0,9,0,72,79,303
2023-09-18 18:00:00,P0027,Furniture,2990.2,2425.86,43,0.086,0,0,9,0,89,79,376
2023-09-18 19:00:00,P0055,Clothing,1471.36,1402.07,32,0.064,0,0,9,0,91,91,351
2023-09-18 20:00:00,P0029,Groceries,4247.36,3816.48,293,0.586,0,0,9,0,74,80,272
2023-09-18 21:00:00,P0148,Furniture,797.95,831.98,111,0.222,0,0,9,0,97,102,352
2023-09-18 22:00:00,P0025,Books,1867.29,2229.67,307,0.614,0,0,9,0,99,84,403
2023-09-18 23:00:00,P0070,Books,668.27,672.99,290,0.58,0,0,9,0,98,106,408
2023-09-19 00:00:00,P0063,Electronics,2053.92,1992.87,272,0.544,1,0,9,0,79,90,308
2023-09-19 01:00:00,P0164,Clothing,246.32,233.34,313,0.626,1,0,9,0,95,101,382
2023-09-19 02:00:00,P0130,Electronics,1399.12,1558.59,303,0.606,1,0,9,0,83,92,317
2023-09-19 03:00:00,P0150,Groceries,2033.64,1685.47,42,0.084,1,0,9,0,99,95,385
2023-09-19 04:00:00,P0016,Furniture,2416.92,2861.41,303,0.606,1,0,9,0,92,88,385
2023-09-19 05:00:00,P0146,Books,2741.3,2651.3,43,0.086,1,0,9,0,86,81,359
2023-09-19 06:00:00,P0197,Clothing,1411.21,1306.05,288,0.576,1,0,9,0,82,88,297
2023-09-19 07:00:00,P0182,Books,2639.05,3139.49,458,0.916,1,0,9,0,80,91,348
2023-09-19 08:00:00,P0100,Electronics,2569.57,3017.58,86,0.172,1,0,9,0,92,103,351
2023-09-19 09:00:00,P0030,Electronics,1615.08,1706.77,229,0.458,1,0,9,0,92,82,398
2023-09-19 10:00:00,P0045,Furniture,4159.49,3358.38,479,0.958,1,0,9,0,62,64,249
2023-09-19 11:00:00,P0019,Clothing,2750.92,3024.4,82,0.164,1,0,9,0,103,118,412
2023-09-19 12:00:00,P0034,Clothing,1694.74,1583.27,203,0.406,1,0,9,0,91,85,360
2023-09-19 13:00:00,P0141,Furniture,4739.33,4527.54,475,0.95,1,0,9,0,54,56,234
2023-09-19 14:00:00,P0171,Electronics,4233.31,3655.45,129,0.258,1,0,9,0,75,84,282
2023-09-19 15:00:00,P0062,Electronics,4913.81,4959.92,137,0.274,1,0,9,0,73,82,299
2023-09-19 16:00:00,P0118,Electronics,3476.56,3816.64,82,0.164,1,0,9,0,88,83,339
2023-09-19 17:00:00,P0100,Books,1922.2,1747.67,411,0.822,1,0,9,0,74,65,321
2023-09-19 18:00:00,P0022,Groceries,1440.26,1693.02,174,0.348,1,0,9,0,112,117,418
2023-09-19 19:00:00,P0180,Electronics,3333.42,2926.39,135,0.27,1,0,9,0,86,98,356
2023-09-19 20:00:00,P0180,Groceries,4905.04,4054.04,106,0.212,1,0,9,1,74,74,291
2023-09-19 21:00:00,P0111,Groceries,3152.24,3334.27,150,0.3,1,0,9,0,108,107,446
2023-09-19 22:00:00,P0164,Clothing,4413.99,5030.75,431,0.862,1,0,9,0,72,80,268
2023-09-19 23:00:00,P0073,Furniture,1679.06,1983.39,108,0.216,1,0,9,1,106,104,415
2023-09-20 00:00:00,P0147,Books,2064.42,2285.04,221,0.442,2,0,9,1,91,96,335
2023-09-20 01:00:00,P0038,Groceries,4536.06,3991.1,347,0.694,2,0,9,0,68,66,298
2023-09-20 02:00:00,P0070,Books,3796.49,4521.86,318,0.636,2,0,9,0,66,64,249
2023-09-20 03:00:00,P0116,Clothing,4907.98,5731.41,332,0.664,2,0,9,0,65,59,286
2023-09-20 04:00:00,P0079,Electronics,3885.08,3361.63,246,0.492,2,0,9,0,88,77,346
2023-09-20 05:00:00,P0185,Groceries,2270.15,2323.53,36,0.072,2,0,9,0,101,113,369
2023-09-20 06:00:00,P0148,Furniture,2678.79,2738.28,267,0.534,2,0,9,0,105,95,379
2023-09-20 07:00:00,P0009,Clothing,4507.55,4403.94,73,0.146,2,0,9,0,79,69,322
2023-09-20 08:00:00,P0032,Books,2780.65,3319.3,114,0.228,2,0,9,0,92,94,376
2023-09-20 09:00:00,P0132,Electronics,1314.22,1082.72,80,0.16,2,0,9,0,103,104,414
2023-09-20 10:00:00,P0050,Books,2206.32,2318.59,192,0.384,2,0,9,0,111,113,405
2023-09-20 11:00:00,P0082,Furniture,2605.76,2298.6,213,0.426,2,0,9,0,84,83,325
2023-09-20 12:00:00,P0005,Groceries,528.76,534.54,14,0.028,2,0,9,1,106,95,412
2023-09-20 13:00:00,P0148,Furniture,3731.63,4149.19,335,0.67,2,0,9,0,68,58,283
2023-09-20 14:00:00,P0087,Books,591.3,531.4,83,0.166,2,0,9,0,136,117,535
2023-09-20 15:00:00,P0126,Books,2054.34,1966.71,374,0.748,2,0,9,0,89,101,361
2023-09-20 16:00:00,P0075,Furniture,4032.88,4760.04,265,0.53,2,0,9,0,75,76,287
2023-09-20 17:00:00,P0165,Furniture,2364.47,2611.78,297,0.594,2,0,9,0,92,89,385
2023-09-20 18:00:00,P0022,Furniture,4217.98,4340.68,153,0.306,2,0,9,0,74,72,269
2023-09-20 19:00:00,P0186,Electronics,1742.31,1548.56,304,0.608,2,0,9,0,86,90,378
2023-09-20 20:00:00,P0068,Books,4790.3,4647.18,252,0.504,2,0,9,0,62,60,255
2023-09-20 21:00:00,P0044,Clothing,1086.87,1206.02,406,0.812,2,0,9,1,87,95,324
2023-09-20 22:00:00,P0034,Electronics,239.41,270.11,447,0.894,2,0,9,0,80,74,334
2023-09-20 23:00:00,P0077,Electronics,4368.51,3922.23,272,0.544,2,0,9,0,71,68,300
2023-09-21 00:00:00,P0042,Electronics,3773.4,4018.01,417,0.834,3,0,9,0,61,69,258
2023-09-21 01:00:00,P0137,Clothing,1198.32,1004.19,360,0.72,3,0,9,0,101,94,385
2023-09-21 02:00:00,P0106,Furniture,4924.47,3985.3,312,0.624,3,0,9,0,71,74,310
2023-09-21 03:00:00,P0095,Books,2536.29,2585.67,341,0.682,3,0,9,0,80,77,289
2023-09-21 04:00:00,P0135,Groceries,4757.77,4233.24,131,0.262,3,0,9,0,73,72,285
2023-09-21 05:00:00,P0068,Groceries,2549.89,2120.4,198,0.396,3,0,9,0,96,83,354
2023-09-21 06:00:00,P0147,Books,2385.78,2605.11,324,0.648,3,0,9,0,100,90,391
2023-09-21 07:00:00,P0159,Clothing,2273.24,2271.4,350,0.7,3,0,9,0,83,73,303
2023-09-21 08:00:00,P0128,Groceries,1707.63,1910.0,82,0.164,3,0,9,0,87,96,358
2023-09-21 09:00:00,P0163,Electronics,2691.82,2868.34,451,0.902,3,0,9,0,73,83,266
2023-09-21 10:00:00,P0185,Groceries,2290.15,2500.67,305,0.61,3,0,9,0,73,64,299
2023-09-21 11:00:00,P0085,Books,231.9,214.03,125,0.25,3,0,9,0,118,103,447
2023-09-21 12:00:00,P0189,Electronics,1339.15,1212.35,213,0.426,3,0,9,0,67,68,251
2023-09-21 13:00:00,P0159,Groceries,1104.96,1149.55,322,0.644,3,0,9,0,88,88,341
2023-09-21 14:00:00,P0083,Books,4343.81,3822.7,214,0.428,3,0,9,0,73,76,300
2023-09-21 15:00:00,P0095,Clothing,3014.41,3394.72,451,0.902,3,0,9,0,69,74,280
2023-09-21 16:00:00,P0181,Books,3830.23,3865.35,237,0.474,3,0,9,0,70,76,290
2023-09-21 17:00:00,P0032,Clothing,4786.29,4263.61,87,0.174,3,0,9,0,78,70,338
2023-09-21 18:00:00,P0066,Electronics,3237.99,3400.11,383,0.766,3,0,9,0,69,59,260
2023-09-21 19:00:00,P0187,Books,4913.92,5788.67,442,0.884,3,0,9,0,59,66,232
2023-09-21 20:00:00,P0116,Furniture,1593.23,1326.9,461,0.922,3,0,9,0,97,96,370
2023-09-21 21:00:00,P0138,Furniture,972.02,820.13,112,0.224,3,0,9,0,103,118,419
2023-09-21 22:00:00,P0130,Furniture,2046.38,2327.83,104,0.208,3,0,9,0,120,121,459
2023-09-21 23:00:00,P0194,Furniture,2380.46,2008.72,370,0.74,3,0,9,0,94,94,380
2023-09-22 00:00:00,P0060,Furniture,4482.04,3656.22,62,0.124,4,0,9,0,84,87,358
2023-09-22 01:00:00,P0017,Clothing,2821.71,2650.07,450,0.9,4,0,9,0,68,61,275
2023-09-22 02:00:00,P0096,Books,1496.3,1476.37,238,0.476,4,0,9,0,96,89,410
2023-09-22 03:00:00,P0144,Electronics,3726.04,3829.54,468,0.936,4,0,9,0,69,77,282
2023-09-22 04:00:00,P0016,Furniture,2553.87,2561.33,25,0.05,4,0,9,0,91,83,391
2023-09-22 05:00:00,P0046,Furniture,852.55,993.45,127,0.254,4,0,9,0,101,93,439
2023-09-22 06:00:00,P0167,Electronics,2905.26,3217.48,0,0.0,4,0,9,0,91,91,365
2023-09-22 07:00:00,P0159,Electronics,4561.4,5444.14,93,0.186,4,0,9,0,56,58,237
2023-09-22 08:00:00,P0107,Furniture,4220.98,4181.23,370,0.74,4,0,9,0,63,54,250
2023-09-22 09:00:00,P0088,Clothing,2954.71,2463.44,451,0.902,4,0,9,0,91,90,379
2023-09-22 10:00:00,P0129,Electronics,1916.56,2265.78,461,0.922,4,0,9,0,81,79,294
2023-09-22 11:00:00,P0139,Books,480.54,385.22,401,0.802,4,0,9,0,93,103,407
2023-09-22 12:00:00,P0119,Books,2374.76,2637.02,11,0.022,4,0,9,0,96,106,414
2023-09-22 13:00:00,P0085,Clothing,3772.79,3065.44,165,0.33,4,0,9,0,79,89,341
2023-09-22 14:00:00,P0004,Groceries,1833.35,2024.91,297,0.594,4,0,9,0,71,78,272
2023-09-22 15:00:00,P0071,Clothing,1215.46,1428.38,419,0.838,4,0,9,0,95,103,364
2023-09-22 16:00:00,P0154,Furniture,4660.33,4453.9,271,0.542,4,0,9,0,72,80,282
2023-09-22 17:00:00,P0111,Groceries,4116.7,3690.15,448,0.896,4,0,9,0,72,65,310
2023-09-22 18:00:00,P0050,Furniture,3209.46,2858.06,66,0.132,4,0,9,0,79,75,339
2023-09-22 19:00:00,P0140,Books,727.08,724.67,166,0.332,4,0,9,0,123,130,471
2023-09-22 20:00:00,P0095,Electronics,767.3,666.29,253,0.506,4,0,9,0,118,133,476
2023-09-22 21:00:00,P0092,Furniture,560.94,599.74,354,0.708,4,0,9,0,115,121,458
2023-09-22 22:00:00,P0065,Books,3100.67,2937.39,252,0.504,4,0,9,0,89,81,367
2023-09-22 23:00:00,P0047,Clothing,622.04,578.03,245,0.49,4,0,9,0,101,114,381
2023-09-23 00:00:00,P0181,Furniture,4221.0,4155.63,58,0.116,5,1,9,0,90,97,330
2023-09-23 01:00:00,P0106,Books,4965.18,5049.76,462,0.924,5,1,9,0,80,85,290
2023-09-23 02:00:00,P0199,Electronics,1863.42,1596.53,293,0.586,5,1,9,0,82,88,320
2023-09-23 03:00:00,P0130,Furniture,2295.67,2486.45,143,0.286,5,1,9,0,99,104,431
2023-09-23 04:00:00,P0106,Books,3572.75,4120.02,208,0.416,5,1,9,0,96,82,398
2023-09-23 05:00:00,P0024,Furniture,4688.91,4272.51,225,0.45,5,1,9,0,78,72,328
2023-09-23 06:00:00,P0004,Electronics,4475.76,3903.56,457,0.914,5,1,9,0,72,82,314
2023-09-23 07:00:00,P0108,Furniture,335.08,370.0,394,0.788,5,1,9,0,136,127,536
2023-09-23 08:00:00,P0019,Furniture,886.91,774.64,283,0.566,5,1,9,0,126,136,501
2023-09-23 09:00:00,P0154,Books,3785.26,3090.67,90,0.18,5,1,9,0,102,100,397
2023-09-23 10:00:00,P0040,Groceries,3460.02,3625.05,485,0.97,5,1,9,0,77,86,288
2023-09-23 11:00:00,P0050,Furniture,709.43,635.58,465,0.93,5,1,9,0,104,106,438
2023-09-23 12:00:00,P0171,Groceries,2535.22,2202.41,110,0.22,5,1,9,0,110,114,476
2023-09-23 13:00:00,P0075,Clothing,3915.03,4669.23,239,0.478,5,1,9,0,91,84,387
2023-09-23 14:00:00,P0195,Furniture,1132.96,1038.64,349,0.698,5,1,9,0,131,114,477
2023-09-23 15:00:00,P0012,Groceries,4362.87,5066.94,332,0.664,5,1,9,0,83,89,319
2023-09-23 16:00:00,P0195,Clothing,312.21,272.02,79,0.158,5,1,9,0,153,133,623
2023-09-23 17:00:00,P0027,Books,3921.87,4422.26,385,0.77,5,1,9,0,88,94,340
2023-09-23 18:00:00,P0113,Furniture,3098.3,3100.8,403,0.806,5,1,9,0,88,89,327
2023-09-23 19:00:00,P0182,Books,1610.24,1338.81,203,0.406,5,1,9,0,103,113,415
2023-09-23 20:00:00,P0194,Clothing,3618.62,3956.75,476,0.952,5,1,9,0,89,81,358
2023-09-23 21:00:00,P0049,Books,3922.71,4537.91,237,0.474,5,1,9,0,84,85,350
2023-09-23 22:00:00,P0144,Books,4672.8,4042.94,327,0.654,5,1,9,0,76,79,334
2023-09-23 23:00:00,P0130,Electronics,1870.48,2039.26,293,0.586,5,1,9,0,97,85,400
2023-09-24 00:00:00,P0060,Clothing,3445.78,3370.05,493,0.986,6,1,9,0,84,90,324
2023-09-24 01:00:00,P0182,Books,3032.95,3340.94,183,0.366,6,1,9,0,104,101,454
2023-09-24 02:00:00,P0030,Groceries,2649.77,2876.51,494,0.988,6,1,9,0,87,77,353
2023-09-24 03:00:00,P0084,Clothing,4457.56,3613.48,211,0.422,6,1,9,0,77,74,317
2023-09-24 04:00:00,P0166,Electronics,65.68,57.24,250,0.5,6,1,9,0,127,112,494
2023-09-24 05:00:00,P0028,Furniture,1446.45,1429.69,226,0.452,6,1,9,0,118,132,467
2023-09-24 06:00:00,P0025,Books,2714.47,3185.26,166,0.332,6,1,9,0,102,101,401
2023-09-24 07:00:00,P0096,Groceries,932.55,873.64,30,0.06,6,1,9,0,150,134,652
2023-09-24 08:00:00,P0125,Electronics,4543.94,4778.18,335,0.67,6,1,9,0,79,73,336
2023-09-24 09:00:00,P0010,Clothing,3255.6,2620.22,150,0.3,6,1,9,0,102,109,375
2023-09-24 10:00:00,P0188,Books,2415.52,2619.51,161,0.322,6,1,9,0,115,125,443
2023-09-24 11:00:00,P0042,Electronics,4082.77,4251.09,95,0.19,6,1,9,0,94,81,343
2023-09-24 12:00:00,P0040,Electronics,2281.89,2478.49,272,0.544,6,1,9,0,93,81,373
2023-09-24 13:00:00,P0077,Groceries,2815.33,3271.03,362,0.724,6,1,9,0,86,97,329
2023-09-24 14:00:00,P0105,Furniture,63.62,54.62,23,0.046,6,1,9,0,121,115,443
2023-09-24 15:00:00,P0118,Furniture,1860.22,1682.82,418,0.836,6,1,9,0,88,80,371
2023-09-24 16:00:00,P0042,Furniture,737.01,883.17,117,0.234,6,1,9,0,128,114,470
2023-09-24 17:00:00,P0047,Clothing,3463.96,2987.71,406,0.812,6,1,9,0,97,96,370
2023-09-24 18:00:00,P0165,Electronics,2421.18,2634.85,391,0.782,6,1,9,0,104,112,439
2023-09-24 19:00:00,P0022,Clothing,1543.7,1682.68,437,0.874,6,1,9,1,111,112,445
2023-09-24 20:00:00,P0185,Electronics,2365.77,2538.94,86,0.172,6,1,9,0,98,84,417
2023-09-24 21:00:00,P0107,Groceries,1087.67,969.09,404,0.808,6,1,9,0,114,113,448
2023-09-24 22:00:00,P0027,Groceries,4629.18,4101.7,274,0.548,6,1,9,0,83,78,353
2023-09-24 23:00:00,P0041,Clothing,317.16,338.26,414,0.828,6,1,9,0,135,142,544
2023-09-25 00:00:00,P0080,Clothing,4333.81,3789.92,49,0.098,0,0,9,0,80,81,294
2023-09-25 01:00:00,P0162,Groceries,2581.23,2748.04,326,0.652,0,0,9,1,100,114,398
2023-09-25 02:00:00,P0160,Books,3113.79,3104.48,111,0.222,0,0,9,0,88,91,356
2023-09-25 03:00:00,P0089,Furniture,1547.9,1477.71,279,0.558,0,0,9,0,100,104,409
2023-09-25 04:00:00,P0066,Furniture,4835.15,4448.79,301,0.602,0,0,9,0,74,74,321
2023-09-25 05:00:00,P0012,Groceries,1445.16,1703.89,135,0.27,0,0,9,0,104,98,390
2023-09-25 06:00:00,P0168,Furniture,2964.95,2974.55,332,0.664,0,0,9,0,69,72,282
2023-09-25 07:00:00,P0073,Books,4967.41,5089.12,2,0.004,0,0,9,0,65,62,273
2023-09-25 08:00:00,P0076,Books,4411.42,5204.16,161,0.322,0,0,9,0,93,99,401
2023-09-25 09:00:00,P0090,Electronics,2704.83,2871.31,76,0.152,0,0,9,0,93,86,374
2023-09-25 10:00:00,P0010,Clothing,4952.35,5859.33,184,0.368,0,0,9,0,73,70,275
2023-09-25 11:00:00,P0096,Furniture,3521.78,2967.26,373,0.746,0,0,9,0,67,69,285
2023-09-25 12:00:00,P0176,Books,1083.07,1233.24,57,0.114,0,0,9,0,111,115,480
2023-09-25 13:00:00,P0020,Clothing,2057.7,1922.23,479,0.958,0,0,9,0,95,100,350
2023-09-25 14:00:00,P0039,Clothing,1705.74,1917.58,162,0.324,0,0,9,0,80,85,303
2023-09-25 15:00:00,P0060,Electronics,1752.87,2002.22,20,0.04,0,0,9,0,105,99,451
2023-09-25 16:00:00,P0066,Clothing,3814.26,3465.62,64,0.128,0,0,9,0,83,93,331
2023-09-25 17:00:00,P0065,Clothing,2942.1,2834.81,65,0.13,0,0,9,0,93,80,347
2023-09-25 18:00:00,P0179,Groceries,238.56,260.13,440,0.88,0,0,9,0,122,111,502
2023-09-25 19:00:00,P0124,Electronics,4393.37,3688.77,297,0.594,0,0,9,0,68,59,270
2023-09-25 20:00:00,P0164,Electronics,1519.14,1674.42,298,0.596,0,0,9,0,90,95,394
2023-09-25 21:00:00,P0152,Furniture,4985.52,4208.72,281,0.562,0,0,9,0,64,60,242
2023-09-25 22:00:00,P0155,Clothing,4773.24,5564.56,450,0.9,0,0,9,0,78,71,303
2023-09-25 23:00:00,P0130,Furniture,4705.63,4284.64,471,0.942,0,0,9,0,64,64,239
2023-09-26 00:00:00,P0159,Books,4065.08,4188.01,409,0.818,1,0,9,0,74,77,269
2023-09-26 01:00:00,P0057,Clothing,1142.04,967.15,391,0.782,1,0,9,0,73,76,279
2023-09-26 02:00:00,P0078,Books,2686.53,2438.82,174,0.348,1,0,9,0,90,92,383
2023-09-26 03:00:00,P0194,Groceries,1160.3,1115.72,164,0.328,1,0,9,0,101,116,385
2023-09-26 04:00:00,P0029,Clothing,1335.39,1328.47,455,0.91,1,0,9,0,92,102,382
2023-09-26 05:00:00,P0015,Furniture,3074.21,2459.45,81,0.162,1,0,9,0,85,78,342
2023-09-26 06:00:00,P0012,Furniture,252.13,291.33,145,0.29,1,0,9,0,97,105,390
2023-09-26 07:00:00,P0101,Clothing,4848.82,3893.94,203,0.406,1,0,9,0,67,68,283
2023-09-26 08:00:00,P0156,Furniture,4597.43,5100.73,163,0.326,1,0,9,0,83,72,340
2023-09-26 09:00:00,P0084,Clothing,1934.8,1912.03,103,0.206,1,0,9,0,99,86,369
2023-09-26 10:00:00,P0125,Electronics,2601.34,2626.19,129,0.258,1,0,9,0,75,82,283
2023-09-26 11:00:00,P0103,Furniture,2357.29,2082.21,83,0.166,1,0,9,0,84,85,339
2023-09-26 12:00:00,P0024,Clothing,4416.89,4606.58,119,0.238,1,0,9,0,77,79,329
2023-09-26 13:00:00,P0149,Clothing,3458.58,3510.09,258,0.516,1,0,9,0,71,68,264
2023-09-26 14:00:00,P0138,Furniture,1426.65,1235.04,103,0.206,1,0,9,0,105,119,387
2023-09-26 15:00:00,P0110,Electronics,2261.86,2024.92,363,0.726,1,0,9,0,97,103,389
2023-09-26 16:00:00,P0078,Furniture,2173.38,1796.87,33,0.066,1,0,9,0,103,116,386
2023-09-26 17:00:00,P0101,Clothing,4798.71,3966.2,381,0.762,1,0,9,0,58,51,255
2023-09-26 18:00:00,P0146,Electronics,917.79,739.29,368,0.736,1,0,9,0,99,101,357
2023-09-26 19:00:00,P0142,Books,493.4,438.23,365,0.73,1,0,9,1,109,113,432
2023-09-26 20:00:00,P0162,Groceries,4409.06,4725.91,173,0.346,1,0,9,0,68,60,254
2023-09-26 21:00:00,P0128,Furniture,4488.6,4158.63,445,0.89,1,0,9,0,58,55,240
2023-09-26 22:00:00,P0058,Clothing,4365.11,4090.52,325,0.65,1,0,9,0,69,63,283
2023-09-26 23:00:00,P0076,Electronics,2579.34,2199.56,231,0.462,1,0,9,0,102,117,433
2023-09-27 00:00:00,P0150,Electronics,3315.73,3415.83,184,0.368,2,0,9,0,75,76,304
2023-09-27 01:00:00,P0198,Books,2838.65,2659.41,393,0.786,2,0,9,0,77,73,289
2023-09-27 02:00:00,P0036,Furniture,393.77,421.54,343,0.686,2,0,9,1,91,95,331
2023-09-27 03:00:00,P0173,Electronics,2999.38,3289.07,17,0.034,2,0,9,0,84,88,351
2023-09-27 04:00:00,P0164,Books,117.39,121.37,416,0.832,2,0,9,0,101,96,399
2023-09-27 05:00:00,P0022,Clothing,1658.69,1510.12,230,0.46,2,0,9,0,95,109,359
2023-09-27 06:00:00,P0127,Books,4664.85,4680.91,134,0.268,2,0,9,0,52,57,198
2023-09-27 07:00:00,P0080,Furniture,1555.02,1400.72,44,0.088,2,0,9,0,101,98,376
2023-09-27 08:00:00,P0189,Books,4702.14,5459.96,111,0.222,2,0,9,0,85,89,325
2023-09-27 09:00:00,P0100,Electronics,1288.16,1425.42,491,0.982,2,0,9,0,91,97,385
2023-09-27 10:00:00,P0184,Electronics,1607.08,1602.58,412,0.824,2,0,9,0,88,79,360
2023-09-27 11:00:00,P0096,Groceries,3160.62,3749.07,82,0.164,2,0,9,0,82,91,360
2023-09-27 12:00:00,P0161,Books,3820.05,3891.49,421,0.842,2,0,9,0,65,71,261
2023-09-27 13:00:00,P0173,Clothing,2531.87,2358.22,38,0.076,2,0,9,0,95,102,382
2023-09-27 14:00:00,P0164,Furniture,4416.47,3701.83,253,0.506,2,0,9,0,74,68,278
2023-09-27 15:00:00,P0148,Groceries,249.19,253.55,408,0.816,2,0,9,0,119,106,484
2023-09-27 16:00:00,P0018,Books,4614.86,5280.17,144,0.288,2,0,9,0,67,61,274
2023-09-27 17:00:00,P0038,Clothing,1021.72,1171.59,316,0.632,2,0,9,0,111,97,418
2023-09-27 18:00:00,P0195,Groceries,4426.98,4612.15,50,0.1,2,0,9,0,86,97,316
2023-09-27 19:00:00,P0151,Electronics,2034.27,1947.56,292,0.584,2,0,9,0,87,96,339
2023-09-27 20:00:00,P0109,Furniture,4172.15,4422.97,66,0.132,2,0,9,0,72,63,269
2023-09-27 21:00:00,P0123,Books,3374.74,3728.6,23,0.046,2,0,9,0,74,78,296
2023-09-27 22:00:00,P0144,Clothing,920.91,888.36,121,0.242,2,0,9,0,107,99,430
2023-09-27 23:00:00,P0187,Electronics,4594.34,4550.7,465,0.93,2,0,9,0,62,53,253
2023-09-28 00:00:00,P0197,Groceries,1265.31,1356.72,48,0.096,3,0,9,0,118,111,482
2023-09-28 01:00:00,P0196,Furniture,1258.49,1448.1,473,0.946,3,0,9,0,94,92,389
2023-09-28 02:00:00,P0149,Groceries,4080.19,4555.14,148,0.296,3,0,9,0,62,53,235
2023-09-28 03:00:00,P0104,Groceries,574.07,464.4,458,0.916,3,0,9,0,96,91,402
2023-09-28 04:00:00,P0198,Clothing,1149.08,976.43,184,0.368,3,0,9,0,105,111,422
2023-09-28 05:00:00,P0140,Electronics,2543.2,2902.07,249,0.498,3,0,9,1,86,79,340
2023-09-28 06:00:00,P0144,Books,4160.86,4716.46,424,0.848,3,0,9,0,75,75,309
2023-09-28 07:00:00,P0081,Clothing,780.05,745.36,144,0.288,3,0,9,0,101,113,404
2023-09-28 08:00:00,P0087,Furniture,2760.96,2854.04,242,0.484,3,0,9,0,95,82,382
2023-09-28 09:00:00,P0142,Groceries,3570.64,4150.29,364,0.728,3,0,9,0,71,77,257
2023-09-28 10:00:00,P0061,Furniture,4309.95,5019.47,357,0.714,3,0,9,0,67,65,284
2023-09-28 11:00:00,P0199,Clothing,4681.05,5211.12,148,0.296,3,0,9,0,85,86,335
2023-09-28 12:00:00,P0046,Clothing,3933.97,3476.98,67,0.134,3,0,9,0,70,64,281
2023-09-28 13:00:00,P0032,Books,3281.5,3583.77,223,0.446,3,0,9,0,83,85,325
2023-09-28 14:00:00,P0015,Groceries,2196.42,1845.96,209,0.418,3,0,9,0,95,102,384
2023-09-28 15:00:00,P0044,Clothing,604.95,700.28,191,0.382,3,0,9,0,100,91,364
2023-09-28 16:00:00,P0145,Furniture,3563.2,3063.14,299,0.598,3,0,9,0,81,77,316
2023-09-28 17:00:00,P0169,Books,4964.05,5286.41,123,0.246,3,0,9,0,74,75,306
2023-09-28 18:00:00,P0054,Furniture,3696.96,3859.99,283,0.566,3,0,9,1,79,77,344
2023-09-28 19:00:00,P0044,Groceries,132.72,147.42,291,0.582,3,0,9,0,109,102,466
2023-09-28 20:00:00,P0098,Books,2506.49,2558.2,420,0.84,3,0,9,1,87,86,380
2023-09-28 21:00:00,P0005,Books,3092.5,2547.68,382,0.764,3,0,9,1,73,68,308
2023-09-28 22:00:00,P0109,Books,3463.89,3749.1,299,0.598,3,0,9,0,73,69,300
2023-09-28 23:00:00,P0027,Electronics,3612.64,3443.79,49,0.098,3,0,9,0,88,91,347
2023-09-29 00:00:00,P0116,Books,2812.64,2610.45,473,0.946,4,0,9,0,75,74,277
2023-09-29 01:00:00,P0087,Furniture,1155.63,1382.91,368,0.736,4,0,9,0,95,100,361
2023-09-29 02:00:00,P0104,Furniture,4713.89,4884.34,182,0.364,4,0,9,0,52,57,198
2023-09-29 03:00:00,P0123,Groceries,3498.5,3793.38,246,0.492,4,0,9,0,85,96,335
2023-09-29 04:00:00,P0079,Clothing,1222.36,1235.23,87,0.174,4,0,9,0,119,107,486
2023-09-29 05:00:00,P0043,Clothing,1645.49,1823.18,137,0.274,4,0,9,0,106,110,434
2023-09-29 06:00:00,P0097,Electronics,4613.54,5078.72,37,0.074,4,0,9,0,81,83,321
2023-09-29 07:00:00,P0031,Books,4443.05,4722.33,48,0.096,4,0,9,1,83,92,317
2023-09-29 08:00:00,P0099,Electronics,2055.47,2464.71,71,0.142,4,0,9,0,96,107,350
2023-09-29 09:00:00,P0017,Groceries,239.62,235.77,257,0.514,4,0,9,0,98,106,430
2023-09-29 10:00:00,P0083,Groceries,290.06,313.98,43,0.086,4,0,9,0,122,125,531
2023-09-29 11:00:00,P0110,Clothing,1455.4,1628.75,290,0.58,4,0,9,0,106,96,397
2023-09-29 12:00:00,P0182,Groceries,3164.15,3007.25,115,0.23,4,0,9,0,77,72,314
2023-09-29 13:00:00,P0190,Books,2941.76,2891.37,148,0.296,4,0,9,0,93,96,357
2023-09-29 14:00:00,P0032,Furniture,3187.45,3785.63,312,0.624,4,0,9,1,82,73,308
2023-09-29 15:00:00,P0168,Groceries,3600.55,2926.95,346,0.692,4,0,9,0,75,68,311
2023-09-29 16:00:00,P0141,Electronics,144.21,134.71,278,0.556,4,0,9,0,105,118,444
2023-09-29 17:00:00,P0035,Books,570.17,567.03,287,0.574,4,0,9,0,106,121,416
2023-09-29 18:00:00,P0133,Groceries,1829.44,1464.62,217,0.434,4,0,9,0,89,76,325
2023-09-29 19:00:00,P0029,Groceries,816.56,946.92,70,0.14,4,0,9,1,143,159,561
2023-09-29 20:00:00,P0070,Books,422.83,386.68,160,0.32,4,0,9,0,95,107,382
2023-09-29 21:00:00,P0153,Groceries,3222.77,2910.43,272,0.544,4,0,9,0,60,60,259
2023-09-29 22:00:00,P0095,Furniture,4085.92,4609.45,126,0.252,4,0,9,0,80,79,330
2023-09-29 23:00:00,P0022,Clothing,3775.5,3440.21,455,0.91,4,0,9,0,72,81,300
2023-09-30 00:00:00,P0194,Books,4094.35,4352.49,169,0.338,5,1,9,0,92,78,346
2023-09-30 01:00:00,P0173,Electronics,3345.99,3776.29,16,0.032,5,1,9,0,72,79,301
2023-09-30 02:00:00,P0069,Groceries,3689.96,4121.65,303,0.606,5,1,9,0,71,67,284
2023-09-30 03:00:00,P0089,Clothing,1395.3,1552.66,489,0.978,5,1,9,0,98,102,417
2023-09-30 04:00:00,P0072,Electronics,4965.39,4148.36,238,0.476,5,1,9,0,83,79,313
2023-09-30 05:00:00,P0129,Electronics,956.67,795.89,175,0.35,5,1,9,0,98,99,393
2023-09-30 06:00:00,P0172,Furniture,1111.74,1025.81,209,0.418,5,1,9,0,122,133,460
2023-09-30 07:00:00,P0087,Clothing,1480.16,1205.41,483,0.966,5,1,9,0,100,90,383
2023-09-30 08:00:00,P0096,Books,4877.9,4878.74,56,0.112,5,1,9,0,84,88,358
2023-09-30 09:00:00,P0075,Clothing,4942.03,4734.03,358,0.716,5,1,9,0,73,82,303
2023-09-30 10:00:00,P0167,Clothing,3984.72,4075.61,188,0.376,5,1,9,0,88,99,368
2023-09-30 11:00:00,P0054,Electronics,3163.84,2909.2,43,0.086,5,1,9,0,101,113,369
2023-09-30 12:00:00,P0088,Furniture,2624.31,2609.36,406,0.812,5,1,9,0,105,106,439
2023-09-30 13:00:00,P0157,Furniture,4854.57,4533.67,459,0.918,5,1,9,0,72,78,288
2023-09-30 14:00:00,P0054,Clothing,3493.33,3067.43,121,0.242,5,1,9,0,105,103,417
2023-09-30 15:00:00,P0016,Clothing,4726.41,5008.8,470,0.94,5,1,9,0,69,68,271
2023-09-30 16:00:00,P0099,Groceries,1616.93,1729.1,308,0.616,5,1,9,0,120,112,514
2023-09-30 17:00:00,P0020,Electronics,1702.19,1926.36,32,0.064,5,1,9,0,115,108,430
2023-09-30 18:00:00,P0046,Books,4280.89,4922.6,311,0.622,5,1,9,0,80,69,340
2023-09-30 19:00:00,P0195,Books,791.78,856.54,27,0.054,5,1,9,0,105,106,456
2023-09-30 20:00:00,P0193,Furniture,4732.34,5087.26,491,0.982,5,1,9,1,65,61,243
2023-09-30 21:00:00,P0127,Electronics,2562.0,2107.68,150,0.3,5,1,9,0,97,88,427
2023-09-30 22:00:00,P0058,Furniture,4635.75,3912.16,62,0.124,5,1,9,0,70,62,307
2023-09-30 23:00:00,P0181,Books,1717.12,1931.8,6,0.012,5,1,9,0,109,104,447
2023-10-01 00:00:00,P0111,Clothing,3594.0,3210.09,110,0.22,6,1,10,0,101,113,385
2023-10-01 01:00:00,P0129,Electronics,2440.23,2299.25,129,0.258,6,1,10,0,115,116,454
2023-10-01 02:00:00,P0081,Electronics,3152.68,2705.37,448,0.896,6,1,10,0,73,74,273
2023-10-01 03:00:00,P0194,Groceries,2546.64,2236.1,131,0.262,6,1,10,0,123,107,455
2023-10-01 04:00:00,P0157,Clothing,4837.22,5370.12,7,0.014,6,1,10,0,91,92,379
2023-10-01 05:00:00,P0084,Clothing,3475.92,3144.82,381,0.762,6,1,10,0,105,110,427
2023-10-01 06:00:00,P0070,Furniture,1294.03,1267.65,304,0.608,6,1,10,0,123,110,498
2023-10-01 07:00:00,P0008,Electronics,4552.9,3918.54,28,0.056,6,1,10,0,103,118,391
2023-10-01 08:00:00,P0029,Furniture,1505.45,1612.6,337,0.674,6,1,10,0,112,126,424
2023-10-01 09:00:00,P0112,Clothing,1889.45,2061.97,310,0.62,6,1,10,0,97,111,426
2023-10-01 10:00:00,P0179,Groceries,555.51,524.78,420,0.84,6,1,10,0,116,111,476
2023-10-01 11:00:00,P0161,Electronics,4504.83,5017.92,350,0.7,6,1,10,0,61,67,260
2023-10-01 12:00:00,P0131,Clothing,1466.25,1313.71,5,0.01,6,1,10,1,120,114,468
2023-10-01 13:00:00,P0188,Groceries,1331.64,1433.86,491,0.982,6,1,10,0,103,111,440
2023-10-01 14:00:00,P0163,Books,4605.3,5028.92,407,0.814,6,1,10,0,83,94,347
2023-10-01 15:00:00,P0197,Clothing,4037.36,4794.22,111,0.222,6,1,10,0,92,82,357
2023-10-01 16:00:00,P0108,Books,748.34,668.21,104,0.208,6,1,10,0,120,107,501
2023-10-01 17:00:00,P0109,Furniture,3858.16,3231.15,206,0.412,6,1,10,1,76,67,330
2023-10-01 18:00:00,P0020,Books,4569.51,4136.39,39,0.078,6,1,10,0,80,87,302
2023-10-01 19:00:00,P0073,Clothing,438.63,372.46,267,0.534,6,1,10,0,119,125,481
2023-10-01 20:00:00,P0167,Books,4134.81,3588.51,319,0.638,6,1,10,0,77,78,337
2023-10-01 21:00:00,P0004,Electronics,2759.73,2576.61,45,0.09,6,1,10,0,78,84,332
2023-10-01 22:00:00,P0019,Clothing,3362.53,3246.85,240,0.48,6,1,10,0,93,103,381
2023-10-01 23:00:00,P0102,Groceries,2489.63,2891.68,269,0.538,6,1,10,0,96,109,351
2023-10-02 00:00:00,P0173,Books,3504.13,3077.49,154,0.308,0,0,10,0,78,71,306
2023-10-02 01:00:00,P0171,Electronics,218.78,260.06,115,0.23,0,0,10,0,115,113,474
2023-10-02 02:00:00,P0141,Furniture,3825.4,4299.98,36,0.072,0,0,10,0,79,89,310
2023-10-02 03:00:00,P0141,Furniture,215.05,247.86,204,0.408,0,0,10,0,122,121,537
2023-10-02 04:00:00,P0188,Books,2303.73,2699.46,248,0.496,0,0,10,0,83,83,349
2023-10-02 05:00:00,P0185,Furniture,797.28,878.04,485,0.97,0,0,10,0,86,97,322
2023-10-02 06:00:00,P0086,Groceries,4126.69,4603.37,109,0.218,0,0,10,0,72,77,287
2023-10-02 07:00:00,P0052,Clothing,1602.62,1562.76,485,0.97,0,0,10,0,89,90,348
2023-10-02 08:00:00,P0111,Electronics,2297.76,2307.36,317,0.634,0,0,10,0,89,85,363
2023-10-02 09:00:00,P0181,Books,2172.32,2548.12,322,0.644,0,0,10,0,84,94,332
2023-10-02 10:00:00,P0109,Furniture,3873.88,3685.23,79,0.158,0,0,10,0,81,69,307
2023-10-02 11:00:00,P0086,Clothing,2431.66,1986.13,75,0.15,0,0,10,0,98,93,410
2023-10-02 12:00:00,P0043,Groceries,3955.34,4371.05,269,0.538,0,0,10,0,79,90,291
2023-10-02 13:00:00,P0200,Furniture,413.87,425.98,97,0.194,0,0,10,0,111,111,447
2023-10-02 14:00:00,P0200,Furniture,998.39,1124.14,497,0.994,0,0,10,0,85,88,327
2023-10-02 15:00:00,P0042,Electronics,2780.09,2308.09,478,0.956,0,0,10,0,72,73,315
2023-10-02 16:00:00,P0090,Groceries,4738.09,4967.85,422,0.844,0,0,10,0,66,64,254
2023-10-02 17:00:00,P0115,Groceries,420.05,377.66,388,0.776,0,0,10,0,108,113,418
2023-10-02 18:00:00,P0026,Books,263.27,305.74,75,0.15,0,0,10,1,116,125,483
2023-10-02 19:00:00,P0151,Electronics,824.93,696.21,281,0.562,0,0,10,0,98,94,363
2023-10-02 20:00:00,P0043,Books,3223.71,3666.09,80,0.16,0,0,10,0,82,84,316
2023-10-02 21:00:00,P0077,Electronics,2025.01,1691.74,363,0.726,0,0,10,0,96,84,399
2023-10-02 22:00:00,P0156,Groceries,4136.48,3350.71,308,0.616,0,0,10,0,63,64,228
2023-10-02 23:00:00,P0137,Electronics,406.07,363.04,62,0.124,0,0,10,1,108,116,416
2023-10-03 00:00:00,P0020,Electronics,1022.25,953.98,266,0.532,1,0,10,0,115,118,415
2023-10-03 01:00:00,P0184,Electronics,1535.13,1612.83,32,0.064,1,0,10,0,116,129,432
2023-10-03 02:00:00,P0039,Clothing,3152.31,2687.94,296,0.592,1,0,10,0,83,78,339
2023-10-03 03:00:00,P0179,Clothing,3441.6,3355.33,39,0.078,1,0,10,0,82,82,325
2023-10-03 04:00:00,P0012,Groceries,664.81,586.17,173,0.346,1,0,10,0,104,91,387
2023-10-03 05:00:00,P0183,Electronics,4721.83,5392.9,259,0.518,1,0,10,0,69,73,253
2023-10-03 06:00:00,P0011,Groceries,1738.17,1421.8,223,0.446,1,0,10,0,116,114,423
2023-10-03 07:00:00,P0154,Clothing,3580.19,3373.88,222,0.444,1,0,10,0,87,88,319
2023-10-03 08:00:00,P0042,Electronics,2644.83,2783.81,266,0.532,1,0,10,0,94,84,346
2023-10-03 09:00:00,P0155,Books,1152.65,1343.11,464,0.928,1,0,10,0,91,105,334
2023-10-03 10:00:00,P0011,Clothing,4238.83,4862.77,154,0.308,1,0,10,0,72,78,262
2023-10-03 11:00:00,P0038,Clothing,4100.28,4748.44,263,0.526,1,0,10,0,72,70,299
2023-10-03 12:00:00,P0098,Clothing,2010.56,1659.0,148,0.296,1,0,10,0,105,107,457
2023-10-03 13:00:00,P0171,Electronics,2963.61,3367.76,224,0.448,1,0,10,0,98,101,420
2023-10-03 14:00:00,P0019,Furniture,1326.24,1474.73,382,0.764,1,0,10,0,86,98,328
2023-10-03 15:00:00,P0192,Books,3464.77,4022.5,497,0.994,1,0,10,0,56,61,211
2023-10-03 16:00:00,P0134,Books,1579.68,1460.62,126,0.252,1,0,10,0,98,94,357
2023-10-03 17:00:00,P0174,Groceries,4228.19,4924.6,4,0.008,1,0,10,0,88,101,328
2023-10-03 18:00:00,P0116,Electronics,1126.06,1082.21,445,0.89,1,0,10,0,88,83,357
2023-10-03 19:00:00,P0113,Clothing,123.28,129.89,287,0.574,1,0,10,0,112,115,493
2023-10-03 20:00:00,P0170,Furniture,1379.11,1337.28,344,0.688,1,0,10,0,84,89,360
2023-10-03 21:00:00,P0065,Electronics,995.71,966.89,57,0.114,1,0,10,1,105,98,421
2023-10-03 22:00:00,P0099,Electronics,2566.02,2613.89,71,0.142,1,0,10,0,86,98,339
2023-10-03 23:00:00,P0072,Furniture,1058.33,997.34,154,0.308,1,0,10,0,103,94,383
2023-10-04 00:00:00,P0187,Clothing,3827.79,4276.0,281,0.562,2,0,10,0,77,76,303
2023-10-04 01:00:00,P0052,Electronics,1244.78,1311.32,167,0.334,2,0,10,0,109,99,444
2023-10-04 02:00:00,P0118,Books,3549.49,3818.9,28,0.056,2,0,10,1,82,91,334
2023-10-04 03:00:00,P0175,Books,2913.43,2599.99,456,0.912,2,0,10,0,69,63,279
2023-10-04 04:00:00,P0120,Furniture,4931.94,5858.31,81,0.162,2,0,10,0,60,52,256
2023-10-04 05:00:00,P0007,Clothing,4999.51,5319.83,262,0.524,2,0,10,0,73,63,293
2023-10-04 06:00:00,P0011,Furniture,4354.15,3826.77,105,0.21,2,0,10,0,69,67,275
2023-10-04 07:00:00,P0103,Electronics,3811.92,4193.86,276,0.552,2,0,10,0,80,81,308
2023-10-04 08:00:00,P0061,Books,1962.96,1706.77,463,0.926,2,0,10,0,72,62,270
2023-10-04 09:00:00,P0068,Groceries,3778.72,3118.78,450,0.9,2,0,10,0,82,72,295
2023-10-04 10:00:00,P0153,Furniture,4785.54,4838.28,351,0.702,2,0,10,0,84,74,324
2023-10-04 11:00:00,P0140,Groceries,165.72,169.27,9,0.018,2,0,10,0,122,128,501
2023-10-04 12:00:00,P0154,Groceries,2712.68,2375.19,61,0.122,2,0,10,0,89,84,360
2023-10-04 13:00:00,P0102,Books,1129.09,1060.61,223,0.446,2,0,10,0,116,118,467
2023-10-04 14:00:00,P0110,Furniture,2811.49,3312.8,135,0.27,2,0,10,0,84,73,354
2023-10-04 15:00:00,P0140,Groceries,2358.91,2156.05,223,0.446,2,0,10,0,91,102,345
2023-10-04 16:00:00,P0171,Electronics,2900.05,2500.5,113,0.226,2,0,10,0,64,60,265
2023-10-04 17:00:00,P0051,Clothing,2777.26,3324.45,259,0.518,2,0,10,0,85,92,347
2023-10-04 18:00:00,P0117,Clothing,4802.53,4422.76,156,0.312,2,0,10,1,78,86,302
2023-10-04 19:00:00,P0165,Books,2783.32,2984.0,395,0.79,2,0,10,0,77,88,291
2023-10-04 20:00:00,P0046,Furniture,4238.85,3783.7,228,0.456,2,0,10,0,70,75,284
2023-10-04 21:00:00,P0053,Furniture,1633.11,1665.85,99,0.198,2,0,10,0,96,94,418
2023-10-04 22:00:00,P0088,Clothing,2218.6,2117.68,254,0.508,2,0,10,1,108,97,395
2023-10-04 23:00:00,P0121,Electronics,2378.55,2817.71,178,0.356,2,0,10,0,93,80,406
2023-10-05 00:00:00,P0013,Clothing,1429.7,1391.27,274,0.548,3,0,10,0,97,108,385
2023-10-05 01:00:00,P0089,Clothing,1929.96,1994.94,228,0.456,3,0,10,0,90,89,375
2023-10-05 02:00:00,P0125,Furniture,3012.64,3548.61,366,0.732,3,0,10,0,88,95,373
2023-10-05 03:00:00,P0118,Groceries,2921.93,3493.73,30,0.06,3,0,10,0,84,84,313
2023-10-05 04:00:00,P0054,Electronics,3200.35,2690.42,107,0.214,3,0,10,0,97,108,353
2023-10-05 05:00:00,P0185,Furniture,1791.5,2031.07,281,0.562,3,0,10,1,92,99,341
2023-10-05 06:00:00,P0116,Clothing,1613.37,1537.29,108,0.216,3,0,10,0,113,99,438
2023-10-05 07:00:00,P0118,Groceries,3077.51,3194.24,389,0.778,3,0,10,0,76,82,332
2023-10-05 08:00:00,P0004,Electronics,707.67,672.3,28,0.056,3,0,10,0,121,113,440
2023-10-05 09:00:00,P0075,Books,1302.51,1250.99,16,0.032,3,0,10,0,113,122,490
2023-10-05 10:00:00,P0049,Electronics,258.53,223.25,403,0.806,3,0,10,0,101,115,409
2023-10-05 11:00:00,P0007,Electronics,409.42,421.34,169,0.338,3,0,10,0,125,141,460
2023-10-05 12:00:00,P0110,Clothing,1254.75,1278.2,365,0.73,3,0,10,0,107,95,398
2023-10-05 13:00:00,P0122,Clothing,146.67,128.45,174,0.348,3,0,10,0,105,91,436
2023-10-05 14:00:00,P0011,Books,1264.78,1285.89,73,0.146,3,0,10,0,98,106,401
2023-10-05 15:00:00,P0092,Books,3292.13,3915.14,453,0.906,3,0,10,1,73,78,273
2023-10-05 16:00:00,P0182,Books,352.48,382.71,239,0.478,3,0,10,0,104,94,450
2023-10-05 17:00:00,P0173,Furniture,2211.85,2195.02,95,0.19,3,0,10,0,106,112,393
2023-10-05 18:00:00,P0023,Furniture,4569.89,5330.47,1,0.002,3,0,10,0,79,68,317
2023-10-05 19:00:00,P0028,Clothing,3966.86,4086.36,201,0.402,3,0,10,0,70,73,282
2023-10-05 20:00:00,P0111,Clothing,1561.92,1333.91,36,0.072,3,0,10,0,95,104,408
2023-10-05 21:00:00,P0057,Books,4627.79,4715.74,90,0.18,3,0,10,1,74,77,268
2023-10-05 22:00:00,P0026,Furniture,1681.75,1467.14,232,0.464,3,0,10,1,104,90,386
2023-10-05 23:00:00,P0153,Groceries,408.95,452.71,146,0.292,3,0,10,0,128,147,478
2023-10-06 00:00:00,P0054,Furniture,4970.58,5899.43,498,0.996,4,0,10,0,61,58,223
2023-10-06 01:00:00,P0029,Clothing,4356.61,4114.07,296,0.592,4,0,10,0,70,67,287
2023-10-06 02:00:00,P0097,Furniture,2356.37,2295.03,399,0.798,4,0,10,0,83,73,314
2023-10-06 03:00:00,P0164,Clothing,3348.56,3243.41,252,0.504,4,0,10,0,75,68,305
2023-10-06 04:00:00,P0014,Books,3372.58,3082.94,370,0.74,4,0,10,0,76,71,321
2023-10-06 05:00:00,P0078,Books,1012.69,1131.86,211,0.422,4,0,10,1,98,107,385
2023-10-06 06:00:00,P0035,Books,1040.24,1089.23,443,0.886,4,0,10,0,90,95,379
2023-10-06 07:00:00,P0030,Groceries,2374.42,1960.37,440,0.88,4,0,10,0,88,90,372
2023-10-06 08:00:00,P0092,Groceries,4562.29,5180.58,483,0.966,4,0,10,0,55,61,210
2023-10-06 09:00:00,P0017,Clothing,99.47,87.02,63,0.126,4,0,10,0,94,108,340
2023-10-06 10:00:00,P0195,Electronics,3923.4,4675.36,4,0.008,4,0,10,0,74,71,273
2023-10-06 11:00:00,P0158,Groceries,334.76,318.24,145,0.29,4,0,10,0,120,116,511
2023-10-06 12:00:00,P0093,Clothing,2417.2,2529.79,71,0.142,4,0,10,0,98,105,385
2023-10-06 13:00:00,P0173,Furniture,3207.47,2665.82,396,0.792,4,0,10,0,85,89,363
2023-10-06 14:00:00,P0079,Books,3449.46,3235.13,104,0.208,4,0,10,0,70,60,283
2023-10-06 15:00:00,P0110,Books,339.47,380.53,329,0.658,4,0,10,0,109,114,410
2023-10-06 16:00:00,P0179,Books,2122.09,2102.74,35,0.07,4,0,10,0,84,90,350
2023-10-06 17:00:00,P0102,Clothing,2939.99,3415.8,146,0.292,4,0,10,0,78,89,316
2023-10-06 18:00:00,P0106,Books,376.93,388.26,414,0.828,4,0,10,0,87,89,338
2023-10-06 19:00:00,P0047,Groceries,718.72,841.93,255,0.51,4,0,10,0,92,97,338
2023-10-06 20:00:00,P0181,Furniture,3335.06,3978.87,227,0.454,4,0,10,0,103,112,379
2023-10-06 21:00:00,P0064,Books,2632.11,2583.57,348,0.696,4,0,10,0,88,77,330
2023-10-06 22:00:00,P0166,Clothing,851.05,873.23,364,0.728,4,0,10,0,80,86,331
2023-10-06 23:00:00,P0064,Furniture,2699.43,3061.07,278,0.556,4,0,10,0,72,73,301
2023-10-07 00:00:00,P0087,Books,4567.83,4059.03,415,0.83,5,1,10,0,76,67,312
2023-10-07 01:00:00,P0007,Electronics,127.16,145.55,112,0.224,5,1,10,0,134,141,519
2023-10-07 02:00:00,P0022,Books,3231.04,3349.84,10,0.02,5,1,10,0,96,88,379
2023-10-07 03:00:00,P0081,Groceries,414.57,451.96,193,0.386,5,1,10,0,146,148,608
2023-10-07 04:00:00,P0169,Furniture,81.92,68.15,223,0.446,5,1,10,0,116,108,479
2023-10-07 05:00:00,P0074,Groceries,795.74,880.47,249,0.498,5,1,10,1,130,115,548
2023-10-07 06:00:00,P0138,Electronics,2143.39,1981.17,388,0.776,5,1,10,0,108,100,410
2023-10-07 07:00:00,P0185,Electronics,4021.6,4512.61,248,0.496,5,1,10,0,106,104,382
2023-10-07 08:00:00,P0135,Groceries,1444.84,1450.13,350,0.7,5,1,10,0,134,134,511
2023-10-07 09:00:00,P0125,Furniture,3147.08,2863.36,268,0.536,5,1,10,0,101,90,392
2023-10-07 10:00:00,P0050,Electronics,2085.23,2462.87,341,0.682,5,1,10,0,102,97,446
2023-10-07 11:00:00,P0052,Electronics,1209.94,1338.22,447,0.894,5,1,10,0,110,122,415
2023-10-07 12:00:00,P0161,Books,2595.52,3099.76,290,0.58,5,1,10,0,105,118,447
2023-10-07 13:00:00,P0001,Clothing,3997.45,3780.74,82,0.164,5,1,10,0,74,75,303
2023-10-07 14:00:00,P0181,Electronics,4170.84,4419.79,28,0.056,5,1,10,0,77,77,288
2023-10-07 15:00:00,P0188,Furniture,4240.27,4429.54,406,0.812,5,1,10,0,87,89,341
2023-10-07 16:00:00,P0162,Furniture,1725.86,1855.34,338,0.676,5,1,10,0,120,110,481
2023-10-07 17:00:00,P0004,Books,3977.61,3243.05,79,0.158,5,1,10,0,105,121,407
2023-10-07 18:00:00,P0145,Furniture,1100.28,1008.61,94,0.188,5,1,10,0,119,128,450
2023-10-07 19:00:00,P0132,Books,3705.2,4311.87,399,0.798,5,1,10,0,87,80,331
2023-10-07 20:00:00,P0171,Electronics,4744.5,4599.93,409,0.818,5,1,10,0,71,66,289
2023-10-07 21:00:00,P0004,Electronics,118.03,139.78,258,0.516,5,1,10,0,148,155,614
2023-10-07 22:00:00,P0001,Electronics,2229.8,1974.27,121,0.242,5,1,10,0,105,99,417
2023-10-07 23:00:00,P0071,Electronics,3256.47,3904.41,123,0.246,5,1,10,0,90,86,392
2023-10-08 00:00:00,P0178,Clothing,3523.79,3802.28,22,0.044,6,1,10,0,97,105,406
2023-10-08 01:00:00,P0189,Clothing,921.63,1023.52,440,0.88,6,1,10,0,105,98,453
2023-10-08 02:00:00,P0035,Electronics,4862.31,4661.71,392,0.784,6,1,10,0,73,77,291
2023-10-08 03:00:00,P0008,Furniture,3095.56,3599.53,434,0.868,6,1,10,0,97,110,350
2023-10-08 04:00:00,P0152,Books,863.49,879.19,215,0.43,6,1,10,0,121,107,493
2023-10-08 05:00:00,P0036,Groceries,151.59,162.56,288,0.576,6,1,10,0,116,104,494
2023-10-08 06:00:00,P0178,Books,3927.16,3290.66,461,0.922,6,1,10,0,75,85,302
2023-10-08 07:00:00,P0123,Groceries,444.54,467.95,91,0.182,6,1,10,0,122,111,495
2023-10-08 08:00:00,P0043,Groceries,748.2,861.65,23,0.046,6,1,10,0,104,89,456
2023-10-08 09:00:00,P0027,Electronics,2895.41,2522.81,106,0.212,6,1,10,0,112,124,436
2023-10-08 10:00:00,P0032,Groceries,3037.35,3326.17,305,0.61,6,1,10,0,100,93,424
2023-10-08 11:00:00,P0078,Electronics,3450.09,2795.13,51,0.102,6,1,10,0,114,107,456
2023-10-08 12:00:00,P0121,Clothing,1997.89,2338.49,198,0.396,6,1,10,0,112,103,445
2023-10-08 13:00:00,P0146,Furniture,3880.8,4630.44,293,0.586,6,1,10,0,73,82,271
2023-10-08 14:00:00,P0156,Groceries,4873.08,4588.84,299,0.598,6,1,10,0,77,83,323
2023-10-08 15:00:00,P0157,Furniture,1391.92,1173.15,344,0.688,6,1,10,0,111,114,473
2023-10-08 16:00:00,P0016,Electronics,3529.99,3753.9,381,0.762,6,1,10,0,93,92,367
2023-10-08 17:00:00,P0099,Groceries,4645.92,3772.18,55,0.11,6,1,10,1,100,89,421
2023-10-08 18:00:00,P0047,Books,3447.12,3422.97,193,0.386,6,1,10,1,82,92,333
2023-10-08 19:00:00,P0187,Clothing,3421.49,3109.15,44,0.088,6,1,10,0,104,112,396
2023-10-08 20:00:00,P0031,Clothing,1157.67,1145.32,435,0.87,6,1,10,0,105,98,456
2023-10-08 21:00:00,P0004,Groceries,2698.89,2178.84,384,0.768,6,1,10,0,119,135,495
2023-10-08 22:00:00,P0165,Clothing,2834.49,2326.11,342,0.684,6,1,10,0,103,116,443
2023-10-08 23:00:00,P0017,Books,3515.64,2834.98,238,0.476,6,1,10,0,89,93,340
2023-10-09 00:00:00,P0039,Furniture,4984.27,5221.78,371,0.742,0,0,10,0,72,82,312
2023-10-09 01:00:00,P0048,Books,216.54,221.75,231,0.462,0,0,10,0,106,96,413
2023-10-09 02:00:00,P0174,Clothing,372.9,333.1,465,0.93,0,0,10,0,105,112,379
2023-10-09 03:00:00,P0176,Furniture,435.85,461.42,319,0.638,0,0,10,0,100,90,366
2023-10-09 04:00:00,P0039,Books,3727.75,4300.64,238,0.476,0,0,10,0,78,82,286
2023-10-09 05:00:00,P0132,Electronics,724.95,660.38,391,0.782,0,0,10,0,111,125,418
2023-10-09 06:00:00,P0030,Electronics,3131.14,3546.95,481,0.962,0,0,10,1,73,74,274
2023-10-09 07:00:00,P0158,Furniture,1657.11,1764.83,426,0.852,0,0,10,0,62,67,226
2023-10-09 08:00:00,P0022,Furniture,2313.73,1882.28,135,0.27,0,0,10,0,86,77,371
2023-10-09 09:00:00,P0066,Furniture,1117.53,1061.72,284,0.568,0,0,10,1,114,119,486
2023-10-09 10:00:00,P0108,Electronics,4337.23,4350.69,12,0.024,0,0,10,0,90,78,379
2023-10-09 11:00:00,P0012,Books,2951.44,3224.98,384,0.768,0,0,10,0,74,64,295
2023-10-09 12:00:00,P0036,Furniture,4725.59,4323.22,28,0.056,0,0,10,0,62,64,244
2023-10-09 13:00:00,P0018,Electronics,2894.25,3453.11,177,0.354,0,0,10,0,83,85,327
2023-10-09 14:00:00,P0090,Furniture,663.34,712.31,292,0.584,0,0,10,0,112,106,427
2023-10-09 15:00:00,P0181,Furniture,895.81,850.24,256,0.512,0,0,10,0,100,100,409
2023-10-09 16:00:00,P0199,Furniture,4945.92,4148.69,107,0.214,0,0,10,0,56,59,204
2023-10-09 17:00:00,P0001,Electronics,3641.55,3177.42,68,0.136,0,0,10,0,88,92,363
2023-10-09 18:00:00,P0127,Books,293.93,292.47,372,0.744,0,0,10,0,113,99,453
2023-10-09 19:00:00,P0186,Electronics,3533.72,3526.22,175,0.35,0,0,10,0,94,99,400
2023-10-09 20:00:00,P0090,Electronics,2090.26,2314.1,182,0.364,0,0,10,0,75,79,328
2023-10-09 21:00:00,P0087,Furniture,1570.68,1712.78,241,0.482,0,0,10,1,108,113,465
2023-10-09 22:00:00,P0090,Groceries,812.6,715.5,193,0.386,0,0,10,0,107,118,447
2023-10-09 23:00:00,P0134,Groceries,4207.52,4367.33,366,0.732,0,0,10,0,65,66,257
2023-10-10 00:00:00,P0070,Groceries,366.01,295.83,318,0.636,1,0,10,0,87,98,328
2023-10-10 01:00:00,P0044,Electronics,1484.69,1424.44,21,0.042,1,0,10,0,86,98,355
2023-10-10 02:00:00,P0200,Furniture,1566.6,1732.1,349,0.698,1,0,10,0,86,92,323
2023-10-10 03:00:00,P0152,Groceries,846.48,812.45,10,0.02,1,0,10,0,102,98,369
2023-10-10 04:00:00,P0086,Clothing,2565.52,2909.91,284,0.568,1,0,10,0,85,76,345
2023-10-10 05:00:00,P0019,Clothing,107.93,128.49,361,0.722,1,0,10,0,120,132,470
2023-10-10 06:00:00,P0101,Clothing,1539.83,1605.87,258,0.516,1,0,10,0,95,85,409
2023-10-10 07:00:00,P0146,Books,4671.47,4008.13,172,0.344,1,0,10,0,60,54,247
2023-10-10 08:00:00,P0095,Furniture,1587.12,1510.73,204,0.408,1,0,10,0,88,99,362
2023-10-10 09:00:00,P0101,Electronics,1834.27,1474.37,247,0.494,1,0,10,1,97,99,410
2023-10-10 10:00:00,P0030,Electronics,2392.17,2490.47,258,0.516,1,0,10,0,82,77,317
2023-10-10 11:00:00,P0170,Furniture,2830.38,3194.44,329,0.658,1,0,10,0,82,93,358
2023-10-10 12:00:00,P0033,Books,4053.11,4263.77,451,0.902,1,0,10,0,77,82,291
2023-10-10 13:00:00,P0012,Furniture,992.09,1105.62,269,0.538,1,0,10,0,107,108,460
2023-10-10 14:00:00,P0118,Books,4365.14,4888.79,470,0.94,1,0,10,0,62,59,268
2023-10-10 15:00:00,P0094,Groceries,3799.87,4333.39,80,0.16,1,0,10,0,73,77,265
2023-10-10 16:00:00,P0155,Groceries,3627.12,3288.58,320,0.64,1,0,10,0,91,97,374
2023-10-10 17:00:00,P0167,Books,479.68,550.92,440,0.88,1,0,10,0,92,98,386
2023-10-10 18:00:00,P0137,Furniture,157.12,166.8,398,0.796,1,0,10,0,127,115,554
2023-10-10 19:00:00,P0149,Groceries,2990.36,2738.84,187,0.374,1,0,10,0,99,105,376
2023-10-10 20:00:00,P0076,Furniture,4322.51,5165.04,437,0.874,1,0,10,0,66,68,267
2023-10-10 21:00:00,P0029,Groceries,2942.99,3472.94,372,0.744,1,0,10,0,71,78,300
2023-10-10 22:00:00,P0161,Furniture,1105.51,1138.43,385,0.77,1,0,10,0,96,100,357
2023-10-10 23:00:00,P0190,Furniture,498.07,566.45,337,0.674,1,0,10,0,116,104,497
2023-10-11 00:00:00,P0117,Clothing,3513.0,3177.85,447,0.894,2,0,10,0,71,67,279
2023-10-11 01:00:00,P0015,Books,3622.76,3501.09,230,0.46,2,0,10,0,68,73,280
2023-10-11 02:00:00,P0002,Electronics,904.03,789.75,469,0.938,2,0,10,0,89,95,323
2023-10-11 03:00:00,P0180,Books,189.54,191.06,27,0.054,2,0,10,0,122,112,461
2023-10-11 04:00:00,P0117,Furniture,2071.0,2067.69,349,0.698,2,0,10,0,93,89,370
2023-10-11 05:00:00,P0172,Furniture,2934.46,2597.36,460,0.92,2,0,10,0,78,67,299
2023-10-11 06:00:00,P0182,Books,3544.71,3789.72,322,0.644,2,0,10,0,73,69,319
2023-10-11 07:00:00,P0018,Furniture,4059.23,3438.64,2,0.004,2,0,10,0,80,69,339
2023-10-11 08:00:00,P0003,Groceries,3072.16,2533.54,236,0.472,2,0,10,0,80,89,343
2023-10-11 09:00:00,P0135,Furniture,598.86,571.29,180,0.36,2,0,10,1,109,114,433
2023-10-11 10:00:00,P0171,Books,3428.78,3305.1,409,0.818,2,0,10,0,77,88,306
2023-10-11 11:00:00,P0166,Books,4921.67,4566.8,3,0.006,2,0,10,0,71,79,301
2023-10-11 12:00:00,P0165,Books,4532.64,4093.78,399,0.798,2,0,10,0,61,63,239
2023-10-11 13:00:00,P0186,Clothing,4364.76,4083.28,347,0.694,2,0,10,0,78,78,311
2023-10-11 14:00:00,P0161,Clothing,1545.74,1337.61,71,0.142,2,0,10,0,106,118,426
2023-10-11 15:00:00,P0108,Clothing,3766.4,3620.95,181,0.362,2,0,10,0,84,79,343
2023-10-11 16:00:00,P0187,Clothing,4262.96,4952.88,103,0.206,2,0,10,0,71,65,293
2023-10-11 17:00:00,P0095,Clothing,3407.71,3032.08,271,0.542,2,0,10,0,79,77,327
2023-10-11 18:00:00,P0122,Clothing,1290.28,1385.48,286,0.572,2,0,10,0,90,78,356
2023-10-11 19:00:00,P0011,Clothing,4771.48,4087.79,86,0.172,2,0,10,0,82,77,315
2023-10-11 20:00:00,P0068,Books,2281.56,2148.23,385,0.77,2,0,10,0,76,67,330
2023-10-11 21:00:00,P0123,Electronics,692.54,643.0,72,0.144,2,0,10,0,99,86,422
2023-10-11 22:00:00,P0196,Clothing,593.4,697.13,90,0.18,2,0,10,0,112,114,404
2023-10-11 23:00:00,P0113,Books,3255.22,3161.45,172,0.344,2,0,10,0,74,79,297
2023-10-12 00:00:00,P0098,Electronics,2216.66,2385.54,309,0.618,3,0,10,0,101,102,386
2023-10-12 01:00:00,P0093,Clothing,517.7,538.92,186,0.372,3,0,10,0,93,81,383
2023-10-12 02:00:00,P0022,Electronics,3714.8,3181.4,442,0.884,3,0,10,0,70,68,280
2023-10-12 03:00:00,P0194,Electronics,4006.66,4711.1,405,0.81,3,0,10,0,68,60,246
2023-10-12 04:00:00,P0172,Groceries,3640.81,3416.35,235,0.47,3,0,10,1,81,85,339
2023-10-12 05:00:00,P0127,Furniture,1051.19,859.77,161,0.322,3,0,10,0,96,105,367
2023-10-12 06:00:00,P0134,Groceries,3464.39,3187.85,72,0.144,3,0,10,0,87,77,331
2023-10-12 07:00:00,P0170,Electronics,103.08,96.3,224,0.448,3,0,10,0,101,88,366
2023-10-12 08:00:00,P0025,Books,1560.31,1306.13,383,0.766,3,0,10,0,82,80,350
2023-10-12 09:00:00,P0185,Clothing,2024.17,2121.31,229,0.458,3,0,10,0,91,86,370
2023-10-12 10:00:00,P0085,Furniture,4184.47,3927.99,253,0.506,3,0,10,1,72,67,287
2023-10-12 11:00:00,P0055,Clothing,1982.45,2084.85,439,0.878,3,0,10,0,84,77,348
2023-10-12 12:00:00,P0144,Books,105.78,84.91,161,0.322,3,0,10,0,108,102,419
2023-10-12 13:00:00,P0095,Furniture,1794.11,2140.05,354,0.708,3,0,10,0,103,117,418
2023-10-12 14:00:00,P0142,Groceries,2519.67,2187.59,249,0.498,3,0,10,1,91,101,346
2023-10-12 15:00:00,P0167,Electronics,4747.57,5050.14,494,0.988,3,0,10,0,64,66,234
2023-10-12 16:00:00,P0156,Books,4708.12,5114.5,409,0.818,3,0,10,0,72,78,292
2023-10-12 17:00:00,P0179,Electronics,945.33,821.15,198,0.396,3,0,10,0,90,77,340
2023-10-12 18:00:00,P0119,Electronics,966.48,816.37,428,0.856,3,0,10,0,115,102,483
2023-10-12 19:00:00,P0177,Clothing,858.74,739.4,239,0.478,3,0,10,0,86,81,341
2023-10-12 20:00:00,P0009,Books,3955.16,3554.61,236,0.472,3,0,10,0,85,89,323
2023-10-12 21:00:00,P0186,Electronics,79.81,69.22,474,0.948,3,0,10,0,84,94,343
2023-10-12 22:00:00,P0173,Groceries,679.53,726.83,75,0.15,3,0,10,0,110,101,406
2023-10-12 23:00:00,P0150,Furniture,2712.9,2626.99,464,0.928,3,0,10,0,75,67,316
2023-10-13 00:00:00,P0160,Books,1275.43,1294.71,404,0.808,4,0,10,0,107,118,424
2023-10-13 01:00:00,P0197,Clothing,507.16,415.33,426,0.852,4,0,10,0,106,103,451
2023-10-13 02:00:00,P0197,Books,1831.4,2096.04,341,0.682,4,0,10,1,88,93,327
2023-10-13 03:00:00,P0042,Clothing,1407.33,1221.88,473,0.946,4,0,10,1,94,95,367
2023-10-13 04:00:00,P0053,Furniture,2579.97,2435.65,294,0.588,4,0,10,0,88,79,329
2023-10-13 05:00:00,P0187,Groceries,4897.21,4058.61,396,0.792,4,0,10,1,68,72,248
2023-10-13 06:00:00,P0074,Electronics,665.31,568.65,489,0.978,4,0,10,0,93,91,406
2023-10-13 07:00:00,P0039,Books,1895.0,2020.68,425,0.85,4,0,10,0,81,76,339
2023-10-13 08:00:00,P0122,Clothing,4663.33,5022.57,44,0.088,4,0,10,0,58,65,224
2023-10-13 09:00:00,P0015,Furniture,4390.52,4701.31,342,0.684,4,0,10,0,67,57,254
2023-10-13 10:00:00,P0199,Electronics,2001.64,2043.38,178,0.356,4,0,10,0,96,93,361
2023-10-13 11:00:00,P0157,Furniture,3509.82,4145.13,221,0.442,4,0,10,0,72,68,262
2023-10-13 12:00:00,P0123,Groceries,484.89,486.28,374,0.748,4,0,10,0,100,87,368
2023-10-13 13:00:00,P0111,Electronics,3577.08,3504.7,16,0.032,4,0,10,0,95,83,350
2023-10-13 14:00:00,P0131,Electronics,4865.65,4374.31,218,0.436,4,0,10,0,69,62,285
2023-10-13 15:00:00,P0083,Electronics,2710.57,2275.63,83,0.166,4,0,10,0,85,85,346
2023-10-13 16:00:00,P0010,Clothing,2517.53,2566.02,190,0.38,4,0,10,0,98,92,397
2023-10-13 17:00:00,P0092,Electronics,977.23,904.87,390,0.78,4,0,10,0,98,108,410
2023-10-13 18:00:00,P0029,Furniture,3187.25,3217.88,438,0.876,4,0,10,0,78,72,296
2023-10-13 19:00:00,P0035,Clothing,2972.66,2623.22,131,0.262,4,0,10,1,84,90,325
2023-10-13 20:00:00,P0006,Electronics,3277.07,3720.36,496,0.992,4,0,10,0,65,59,241
2023-10-13 21:00:00,P0140,Furniture,179.11,214.91,286,0.572,4,0,10,0,110,95,448
2023-10-13 22:00:00,P0111,Furniture,2766.18,2569.67,93,0.186,4,0,10,0,94,87,409
2023-10-13 23:00:00,P0038,Books,2994.93,3405.03,94,0.188,4,0,10,0,82,90,352
2023-10-14 00:00:00,P0077,Furniture,1077.27,1237.99,183,0.366,5,1,10,0,120,105,485
2023-10-14 01:00:00,P0093,Groceries,1081.25,1295.8,131,0.262,5,1,10,0,132,126,543
2023-10-14 02:00:00,P0147,Electronics,1417.28,1328.12,81,0.162,5,1,10,0,107,91,470
2023-10-14 03:00:00,P0067,Electronics,3573.02,3938.96,339,0.678,5,1,10,0,91,95,365
2023-10-14 04:00:00,P0136,Electronics,3051.02,2720.06,295,0.59,5,1,10,0,93,105,400
2023-10-14 05:00:00,P0008,Furniture,4236.53,4448.01,359,0.718,5,1,10,0,88,85,352
2023-10-14 06:00:00,P0122,Furniture,1513.51,1637.52,111,0.222,5,1,10,0,129,132,469
2023-10-14 07:00:00,P0084,Electronics,4564.74,5005.0,302,0.604,5,1,10,0,79,78,343
2023-10-14 08:00:00,P0175,Clothing,3731.35,3294.29,305,0.61,5,1,10,0,87,99,321
2023-10-14 09:00:00,P0132,Clothing,2005.31,2285.03,406,0.812,5,1,10,0,98,105,408
2023-10-14 10:00:00,P0179,Groceries,521.55,505.06,50,0.1,5,1,10,0,116,100,440
2023-10-14 11:00:00,P0085,Books,1322.07,1172.08,293,0.586,5,1,10,0,116,102,501
2023-10-14 12:00:00,P0195,Groceries,4786.0,4867.42,392,0.784,5,1,10,0,74,73,278
2023-10-14 13:00:00,P0045,Electronics,1586.3,1816.86,188,0.376,5,1,10,0,104,108,386
2023-10-14 14:00:00,P0136,Electronics,1683.01,1997.46,207,0.414,5,1,10,0,89,83,352
2023-10-14 15:00:00,P0087,Electronics,988.47,1086.61,148,0.296,5,1,10,0,127,134,508
2023-10-14 16:00:00,P0016,Books,4043.91,3244.22,264,0.528,5,1,10,0,82,84,349
2023-10-14 17:00:00,P0077,Furniture,1414.44,1207.76,371,0.742,5,1,10,1,115,113,484
2023-10-14 18:00:00,P0195,Books,1684.78,1399.23,280,0.56,5,1,10,0,93,95,359
2023-10-14 19:00:00,P0009,Groceries,2101.02,1765.88,112,0.224,5,1,10,0,111,125,434
2023-10-14 20:00:00,P0060,Furniture,2196.95,2094.16,35,0.07,5,1,10,0,112,103,455
2023-10-14 21:00:00,P0078,Furniture,2086.14,1951.37,110,0.22,5,1,10,0,108,117,436
2023-10-14 22:00:00,P0077,Groceries,2543.53,2150.49,170,0.34,5,1,10,1,120,102,515
2023-10-14 23:00:00,P0071,Furniture,4081.84,4705.93,77,0.154,5,1,10,0,92,81,366
2023-10-15 00:00:00,P0015,Clothing,4105.46,4295.01,336,0.672,6,1,10,0,68,77,293
2023-10-15 01:00:00,P0071,Groceries,4001.65,4476.19,27,0.054,6,1,10,0,89,94,335
2023-10-15 02:00:00,P0102,Groceries,550.57,522.28,447,0.894,6,1,10,0,94,98,404
2023-10-15 03:00:00,P0169,Clothing,4008.41,3864.49,44,0.088,6,1,10,0,105,100,404
2023-10-15 04:00:00,P0022,Books,645.25,598.18,360,0.72,6,1,10,0,118,107,499
2023-10-15 05:00:00,P0152,Books,667.38,650.94,439,0.878,6,1,10,0,110,106,446
2023-10-15 06:00:00,P0113,Books,4741.92,4951.28,303,0.606,6,1,10,0,66,68,284
2023-10-15 07:00:00,P0172,Furniture,4106.02,4094.5,391,0.782,6,1,10,0,82,85,310
2023-10-15 08:00:00,P0001,Clothing,2784.43,3160.79,141,0.282,6,1,10,0,113,102,470
2023-10-15 09:00:00,P0010,Groceries,4381.1,5082.32,14,0.028,6,1,10,0,94,92,402
2023-10-15 10:00:00,P0110,Groceries,4947.35,4887.36,127,0.254,6,1,10,0,84,86,355
2023-10-15 11:00:00,P0200,Groceries,3072.68,2752.81,166,0.332,6,1,10,0,112,127,454
2023-10-15 12:00:00,P0184,Furniture,3083.85,3633.01,152,0.304,6,1,10,0,114,116,472
2023-10-15 13:00:00,P0113,Furniture,3784.41,4140.2,62,0.124,6,1,10,1,95,97,357
2023-10-15 14:00:00,P0050,Books,1199.09,1266.3,58,0.116,6,1,10,0,130,140,491
2023-10-15 15:00:00,P0012,Furniture,877.27,963.39,202,0.404,6,1,10,0,140,137,534
2023-10-15 16:00:00,P0089,Books,3809.92,3163.73,156,0.312,6,1,10,0,82,79,350
2023-10-15 17:00:00,P0188,Books,1757.28,1453.36,2,0.004,6,1,10,0,124,127,463
2023-10-15 18:00:00,P0154,Groceries,718.6,618.89,38,0.076,6,1,10,0,115,125,442
2023-10-15 19:00:00,P0112,Furniture,1608.64,1381.79,277,0.554,6,1,10,0,105,109,455
2023-10-15 20:00:00,P0078,Books,1825.25,1767.33,100,0.2,6,1,10,0,129,117,542
2023-10-15 21:00:00,P0169,Clothing,4827.88,4166.28,382,0.764,6,1,10,0,68,66,285
2023-10-15 22:00:00,P0164,Clothing,3504.9,4001.93,168,0.336,6,1,10,0,104,104,412
2023-10-15 23:00:00,P0121,Furniture,2677.74,2761.39,19,0.038,6,1,10,0,101,102,420
2023-10-16 00:00:00,P0023,Groceries,4845.92,4590.56,402,0.804,0,0,10,0,71,68,288
2023-10-16 01:00:00,P0171,Groceries,4520.54,3742.32,140,0.28,0,0,10,0,84,85,307
2023-10-16 02:00:00,P0134,Books,2584.4,2678.5,346,0.692,0,0,10,0,77,81,313
2023-10-16 03:00:00,P0197,Furniture,4533.11,3837.79,274,0.548,0,0,10,0,74,73,293
2023-10-16 04:00:00,P0171,Clothing,2051.31,2250.88,463,0.926,0,0,10,0,94,93,347
2023-10-16 05:00:00,P0025,Books,1190.58,1334.76,321,0.642,0,0,10,0,93,101,360
2023-10-16 06:00:00,P0018,Books,1201.76,1222.9,192,0.384,0,0,10,0,107,115,462
2023-10-16 07:00:00,P0190,Electronics,3328.46,2861.95,386,0.772,0,0,10,0,68,66,289
2023-10-16 08:00:00,P0141,Furniture,2530.3,2820.64,151,0.302,0,0,10,0,111,128,481
2023-10-16 09:00:00,P0043,Books,3311.81,3057.23,235,0.47,0,0,10,0,75,65,313
2023-10-16 10:00:00,P0078,Clothing,3446.08,3063.78,293,0.586,0,0,10,0,76,72,312
2023-10-16 11:00:00,P0028,Electronics,160.5,158.61,385,0.77,0,0,10,0,102,88,379
2023-10-16 12:00:00,P0146,Clothing,317.5,371.18,439,0.878,0,0,10,0,101,111,372
2023-10-16 13:00:00,P0059,Groceries,2686.75,2468.99,207,0.414,0,0,10,0,92,99,349
2023-10-16 14:00:00,P0188,Electronics,995.63,1157.15,476,0.952,0,0,10,0,97,102,374
2023-10-16 15:00:00,P0063,Electronics,3181.04,2613.1,36,0.072,0,0,10,0,79,72,323
2023-10-16 16:00:00,P0185,Books,2783.32,2319.65,491,0.982,0,0,10,0,68,72,293
2023-10-16 17:00:00,P0092,Groceries,2949.51,3183.77,387,0.774,0,0,10,0,93,89,401
2023-10-16 18:00:00,P0179,Books,1547.15,1355.67,77,0.154,0,0,10,1,114,127,473
2023-10-16 19:00:00,P0056,Furniture,3217.23,2981.24,464,0.928,0,0,10,0,66,60,268
2023-10-16 20:00:00,P0155,Clothing,4155.99,3551.5,171,0.342,0,0,10,0,79,72,300
2023-10-16 21:00:00,P0160,Clothing,4990.45,4655.59,44,0.088,0,0,10,0,77,88,335
2023-10-16 22:00:00,P0111,Books,4200.3,3831.45,336,0.672,0,0,10,0,85,85,352
2023-10-16 23:00:00,P0137,Clothing,2809.62,3075.23,83,0.166,0,0,10,0,86,85,346
2023-10-17 00:00:00,P0068,Clothing,1007.48,1088.89,379,0.758,1,0,10,0,106,101,390
2023-10-17 01:00:00,P0046,Furniture,3423.16,4046.08,430,0.86,1,0,10,0,80,88,341
2023-10-17 02:00:00,P0067,Groceries,4691.39,5112.53,92,0.184,1,0,10,0,68,65,264
2023-10-17 03:00:00,P0154,Electronics,1098.74,1184.36,488,0.976,1,0,10,0,88,84,380
2023-10-17 04:00:00,P0136,Books,1317.18,1419.5,153,0.306,1,0,10,0,94,83,351
2023-10-17 05:00:00,P0006,Books,787.59,908.24,105,0.21,1,0,10,0,112,113,408
2023-10-17 06:00:00,P0024,Furniture,3696.77,3395.46,357,0.714,1,0,10,0,63,71,249
2023-10-17 07:00:00,P0176,Furniture,2062.48,1897.56,208,0.416,1,0,10,0,91,103,333
2023-10-17 08:00:00,P0094,Electronics,360.34,395.11,203,0.406,1,0,10,0,105,121,383
2023-10-17 09:00:00,P0173,Groceries,4381.0,3905.58,247,0.494,1,0,10,1,57,57,238
2023-10-17 10:00:00,P0013,Books,2810.48,3273.67,347,0.694,1,0,10,0,85,92,324
2023-10-17 11:00:00,P0197,Furniture,1688.92,1712.42,392,0.784,1,0,10,0,96,98,395
2023-10-17 12:00:00,P0025,Books,1752.72,1612.59,351,0.702,1,0,10,0,78,79,316
2023-10-17 13:00:00,P0148,Clothing,1486.74,1650.94,225,0.45,1,0,10,0,98,107,364
2023-10-17 14:00:00,P0118,Books,2304.63,2131.62,335,0.67,1,0,10,0,75,83,293
2023-10-17 15:00:00,P0082,Groceries,1718.36,2036.79,47,0.094,1,0,10,0,103,88,376
2023-10-17 16:00:00,P0111,Groceries,2762.33,3296.0,245,0.49,1,0,10,0,96,109,378
2023-10-17 17:00:00,P0082,Books,3878.91,4137.71,30,0.06,1,0,10,0,78,86,292
2023-10-17 18:00:00,P0066,Clothing,3388.58,2864.89,182,0.364,1,0,10,0,80,85,294
2023-10-17 19:00:00,P0045,Groceries,1507.56,1364.77,474,0.948,1,0,10,0,108,119,416
2023-10-17 20:00:00,P0114,Furniture,2667.27,2683.72,476,0.952,1,0,10,0,74,75,267
2023-10-17 21:00:00,P0175,Books,4208.62,4800.26,256,0.512,1,0,10,0,66,71,278
2023-10-17 22:00:00,P0063,Clothing,387.62,338.76,125,0.25,1,0,10,0,111,114,414
2023-10-17 23:00:00,P0076,Furniture,437.57,368.33,218,0.436,1,0,10,0,133,135,545
2023-10-18 00:00:00,P0114,Books,2803.04,2325.94,244,0.488,2,0,10,0,88,80,375
2023-10-18 01:00:00,P0111,Clothing,3213.62,3222.58,479,0.958,2,0,10,0,70,77,303
2023-10-18 02:00:00,P0183,Furniture,1096.49,1265.22,442,0.884,2,0,10,0,99,110,401
2023-10-18 03:00:00,P0147,Groceries,3738.84,3054.42,138,0.276,2,0,10,0,86,98,364
2023-10-18 04:00:00,P0035,Books,3249.0,2875.13,226,0.452,2,0,10,0,87,77,345
2023-10-18 05:00:00,P0053,Books,4620.28,4977.44,385,0.77,2,0,10,0,71,67,283
2023-10-18 06:00:00,P0026,Groceries,886.32,1001.85,301,0.602,2,0,10,0,110,116,444
2023-10-18 07:00:00,P0014,Electronics,3769.3,4232.77,256,0.512,2,0,10,0,76,84,314
2023-10-18 08:00:00,P0118,Furniture,464.03,516.94,254,0.508,2,0,10,0,104,112,430
2023-10-18 09:00:00,P0045,Groceries,2848.2,2426.44,69,0.138,2,0,10,0,98,97,414
2023-10-18 10:00:00,P0172,Books,2781.88,2667.53,454,0.908,2,0,10,0,60,64,246
2023-10-18 11:00:00,P0193,Furniture,1972.51,2354.98,65,0.13,2,0,10,0,73,64,314
2023-10-18 12:00:00,P0051,Furniture,4230.63,5057.95,1,0.002,2,0,10,0,75,79,313
2023-10-18 13:00:00,P0171,Electronics,71.63,74.56,494,0.988,2,0,10,0,96,82,417
2023-10-18 14:00:00,P0119,Books,2624.89,2844.61,324,0.648,2,0,10,0,90,78,378
2023-10-18 15:00:00,P0151,Clothing,1124.91,1327.97,268,0.536,2,0,10,1,95,102,398
2023-10-18 16:00:00,P0184,Electronics,3730.32,3655.61,402,0.804,2,0,10,0,81,80,347
2023-10-18 17:00:00,P0019,Electronics,263.18,224.95,338,0.676,2,0,10,0,106,92,437
2023-10-18 18:00:00,P0082,Clothing,4166.2,4447.75,302,0.604,2,0,10,0,66,66,247
2023-10-18 19:00:00,P0076,Clothing,4198.56,4971.27,128,0.256,2,0,10,0,86,75,315
2023-10-18 20:00:00,P0183,Electronics,4172.69,4501.84,482,0.964,2,0,10,0,69,66,266
2023-10-18 21:00:00,P0092,Furniture,805.21,902.9,145,0.29,2,0,10,0,93,83,395
2023-10-18 22:00:00,P0188,Groceries,3170.51,3072.54,112,0.224,2,0,10,0,93,85,336
2023-10-18 23:00:00,P0187,Groceries,121.12,101.57,287,0.574,2,0,10,0,116,105,432
2023-10-19 00:00:00,P0033,Electronics,4247.41,3684.85,95,0.19,3,0,10,1,67,64,247
2023-10-19 01:00:00,P0147,Furniture,3628.73,4329.3,455,0.91,3,0,10,0,73,64,265
2023-10-19 02:00:00,P0028,Clothing,2679.21,2671.91,266,0.532,3,0,10,0,91,92,387
2023-10-19 03:00:00,P0123,Electronics,3666.43,2950.77,403,0.806,3,0,10,0,61,59,233
2023-10-19 04:00:00,P0180,Books,516.9,611.05,7,0.014,3,0,10,0,127,140,531
2023-10-19 05:00:00,P0126,Furniture,2666.85,2664.48,219,0.438,3,0,10,0,81,89,301
2023-10-19 06:00:00,P0177,Books,1491.82,1692.48,212,0.424,3,0,10,1,90,99,353
2023-10-19 07:00:00,P0037,Books,4864.47,4958.76,101,0.202,3,0,10,0,69,68,255
2023-10-19 08:00:00,P0154,Electronics,4292.73,3608.82,165,0.33,3,0,10,0,80,75,288
2023-10-19 09:00:00,P0099,Furniture,3679.71,3849.82,261,0.522,3,0,10,0,85,83,348
2023-10-19 10:00:00,P0098,Books,4672.05,5601.6,1,0.002,3,0,10,0,88,93,351
2023-10-19 11:00:00,P0127,Furniture,1766.87,1438.05,201,0.402,3,0,10,0,88,89,346
2023-10-19 12:00:00,P0168,Groceries,4509.36,5125.87,489,0.978,3,0,10,0,67,69,245
2023-10-19 13:00:00,P0080,Books,1659.93,1484.3,328,0.656,3,0,10,0,99,105,403
2023-10-19 14:00:00,P0038,Books,3677.34,3521.22,182,0.364,3,0,10,0,83,93,351
2023-10-19 15:00:00,P0077,Furniture,3695.26,3507.11,258,0.516,3,0,10,0,70,79,256
2023-10-19 16:00:00,P0126,Groceries,140.83,163.3,321,0.642,3,0,10,0,109,120,428
2023-10-19 17:00:00,P0087,Books,1837.25,1840.55,227,0.454,3,0,10,0,98,85,377
2023-10-19 18:00:00,P0054,Electronics,146.19,143.1,199,0.398,3,0,10,0,104,119,449
2023-10-19 19:00:00,P0150,Furniture,4985.61,5619.83,456,0.912,3,0,10,0,64,68,244
2023-10-19 20:00:00,P0016,Furniture,654.87,536.71,25,0.05,3,0,10,0,115,122,501
2023-10-19 21:00:00,P0028,Books,2736.91,2284.18,481,0.962,3,0,10,0,68,58,290
2023-10-19 22:00:00,P0163,Groceries,3963.25,3204.98,431,0.862,3,0,10,0,75,75,276
2023-10-19 23:00:00,P0188,Books,1046.25,1124.92,349,0.698,3,0,10,0,98,102,390
2023-10-20 00:00:00,P0173,Clothing,2451.01,2476.12,101,0.202,4,0,10,0,76,71,313
2023-10-20 01:00:00,P0046,Books,3056.77,3516.54,135,0.27,4,0,10,0,84,73,342
2023-10-20 02:00:00,P0072,Clothing,843.01,842.52,450,0.9,4,0,10,1,96,97,398
2023-10-20 03:00:00,P0183,Electronics,3903.85,3469.46,330,0.66,4,0,10,0,68,67,268
2023-10-20 04:00:00,P0085,Furniture,1531.72,1718.68,344,0.688,4,0,10,0,96,83,415
2023-10-20 05:00:00,P0026,Furniture,1094.56,1004.51,371,0.742,4,0,10,0,93,94,355
2023-10-20 06:00:00,P0085,Groceries,2813.53,3303.86,196,0.392,4,0,10,0,96,85,353
2023-10-20 07:00:00,P0153,Books,2081.05,1873.3,459,0.918,4,0,10,0,87,85,381
2023-10-20 08:00:00,P0065,Electronics,4605.42,3993.31,29,0.058,4,0,10,0,89,83,367
2023-10-20 09:00:00,P0134,Clothing,4406.31,4394.54,410,0.82,4,0,10,0,57,65,235
2023-10-20 10:00:00,P0151,Groceries,2442.59,2003.43,298,0.596,4,0,10,0,90,77,383
2023-10-20 11:00:00,P0115,Electronics,1828.36,1489.32,132,0.264,4,0,10,0,98,100,386
2023-10-20 12:00:00,P0064,Electronics,1661.31,1658.66,255,0.51,4,0,10,0,99,89,387
2023-10-20 13:00:00,P0087,Clothing,1374.44,1217.81,19,0.038,4,0,10,0,120,113,523
2023-10-20 14:00:00,P0171,Clothing,2745.51,2206.68,307,0.614,4,0,10,0,72,65,281
2023-10-20 15:00:00,P0107,Furniture,4034.64,3705.51,20,0.04,4,0,10,0,86,99,315
2023-10-20 16:00:00,P0151,Books,1588.25,1573.87,386,0.772,4,0,10,0,94,81,362
2023-10-20 17:00:00,P0096,Groceries,990.97,949.07,40,0.08,4,0,10,1,99,100,426
2023-10-20 18:00:00,P0158,Books,2403.64,2053.16,379,0.758,4,0,10,0,95,98,349
2023-10-20 19:00:00,P0077,Groceries,391.72,404.2,497,0.994,4,0,10,1,98,106,409
2023-10-20 20:00:00,P0146,Electronics,3521.33,3817.59,447,0.894,4,0,10,0,68,71,259
2023-10-20 21:00:00,P0087,Clothing,2615.87,2799.55,363,0.726,4,0,10,0,87,80,365
2023-10-20 22:00:00,P0149,Clothing,2507.06,2400.52,451,0.902,4,0,10,0,89,92,357
2023-10-20 23:00:00,P0057,Electronics,1537.2,1314.37,471,0.942,4,0,10,0,92,105,378
2023-10-21 00:00:00,P0103,Electronics,4528.13,4527.2,454,0.908,5,1,10,0,71,78,269
2023-10-21 01:00:00,P0151,Groceries,497.91,575.67,151,0.302,5,1,10,0,116,114,433
2023-10-21 02:00:00,P0091,Electronics,4355.63,4301.14,307,0.614,5,1,10,0,74,73,270
2023-10-21 03:00:00,P0045,Groceries,1914.69,1681.62,458,0.916,5,1,10,0,107,95,456
2023-10-21 04:00:00,P0172,Books,4409.09,3691.38,1,0.002,5,1,10,0,98,100,409
2023-10-21 05:00:00,P0088,Clothing,3657.37,4306.81,43,0.086,5,1,10,0,94,88,360
2023-10-21 06:00:00,P0115,Clothing,565.65,620.63,40,0.08,5,1,10,0,160,141,683
2023-10-21 07:00:00,P0047,Clothing,4166.1,3854.42,325,0.65,5,1,10,0,80,79,341
2023-10-21 08:00:00,P0168,Books,3426.78,3146.27,262,0.524,5,1,10,0,91,79,338
2023-10-21 09:00:00,P0179,Books,209.89,243.07,293,0.586,5,1,10,0,118,105,492
2023-10-21 10:00:00,P0170,Furniture,711.83,620.02,465,0.93,5,1,10,0,109,100,418
2023-10-21 11:00:00,P0135,Groceries,3196.36,3241.16,172,0.344,5,1,10,1,96,110,381
2023-10-21 12:00:00,P0050,Groceries,3329.87,3614.25,8,0.016,5,1,10,0,107,117,422
2023-10-21 13:00:00,P0176,Furniture,3745.92,3590.67,52,0.104,5,1,10,0,93,94,379
2023-10-21 14:00:00,P0084,Clothing,3615.21,2949.87,283,0.566,5,1,10,0,94,86,365
2023-10-21 15:00:00,P0091,Groceries,3314.62,2953.67,127,0.254,5,1,10,0,82,82,300
2023-10-21 16:00:00,P0134,Groceries,3842.88,4460.52,18,0.036,5,1,10,0,89,93,368
2023-10-21 17:00:00,P0091,Clothing,2896.67,2923.46,451,0.902,5,1,10,1,87,74,380
2023-10-21 18:00:00,P0137,Electronics,1340.92,1510.11,131,0.262,5,1,10,0,115,132,475
2023-10-21 19:00:00,P0109,Electronics,4566.26,4667.97,12,0.024,5,1,10,0,71,74,286
2023-10-21 20:00:00,P0057,Furniture,140.16,165.03,219,0.438,5,1,10,0,138,158,515
2023-10-21 21:00:00,P0031,Books,1864.48,2169.61,266,0.532,5,1,10,0,91,90,373
2023-10-21 22:00:00,P0021,Groceries,3657.91,3632.87,244,0.488,5,1,10,0,84,87,343
2023-10-21 23:00:00,P0090,Groceries,2164.42,2007.09,257,0.514,5,1,10,0,104,103,426
2023-10-22 00:00:00,P0040,Furniture,172.93,179.96,453,0.906,6,1,10,1,139,119,600
2023-10-22 01:00:00,P0112,Furniture,376.61,402.96,139,0.278,6,1,10,0,127,140,530
2023-10-22 02:00:00,P0045,Groceries,3260.75,3258.6,381,0.762,6,1,10,0,93,92,393
2023-10-22 03:00:00,P0077,Clothing,4826.08,5448.23,246,0.492,6,1,10,0,66,65,254
2023-10-22 04:00:00,P0177,Clothing,2781.72,2429.36,231,0.462,6,1,10,0,91,87,347
2023-10-22 05:00:00,P0087,Books,2558.45,2388.99,420,0.84,6,1,10,0,88,86,331
2023-10-22 06:00:00,P0148,Groceries,1625.71,1746.91,55,0.11,6,1,10,0,112,120,473
2023-10-22 07:00:00,P0101,Groceries,1320.62,1186.81,87,0.174,6,1,10,0,132,140,549
2023-10-22 08:00:00,P0117,Groceries,153.88,150.18,253,0.506,6,1,10,0,118,129,457
2023-10-22 09:00:00,P0092,Groceries,1401.13,1661.03,51,0.102,6,1,10,0,128,146,475
2023-10-22 10:00:00,P0145,Furniture,2273.1,2387.55,246,0.492,6,1,10,0,96,93,411
2023-10-22 11:00:00,P0028,Electronics,1029.85,1214.83,251,0.502,6,1,10,0,113,108,442
2023-10-22 12:00:00,P0169,Groceries,482.37,525.29,124,0.248,6,1,10,0,97,97,364
2023-10-22 13:00:00,P0194,Electronics,3602.75,3926.52,200,0.4,6,1,10,0,91,82,338
2023-10-22 14:00:00,P0025,Clothing,4478.37,4642.92,473,0.946,6,1,10,0,74,80,321
2023-10-22 15:00:00,P0058,Books,4687.02,4016.23,387,0.774,6,1,10,0,74,76,274
2023-10-22 16:00:00,P0041,Clothing,3109.09,3133.61,360,0.72,6,1,10,0,109,100,424
2023-10-22 17:00:00,P0134,Groceries,311.23,280.44,491,0.982,6,1,10,0,112,124,460
2023-10-22 18:00:00,P0075,Clothing,3717.27,4458.75,131,0.262,6,1,10,0,67,69,263
2023-10-22 19:00:00,P0038,Furniture,594.97,539.51,176,0.352,6,1,10,0,109,94,434
2023-10-22 20:00:00,P0134,Electronics,3365.25,3002.73,51,0.102,6,1,10,0,99,90,420
2023-10-22 21:00:00,P0173,Groceries,3907.86,4101.51,33,0.066,6,1,10,0,93,104,409
2023-10-22 22:00:00,P0075,Furniture,3643.03,3658.98,21,0.042,6,1,10,0,89,86,354
2023-10-22 23:00:00,P0142,Electronics,4761.82,3850.13,140,0.28,6,1,10,0,73,84,285
2023-10-23 00:00:00,P0066,Furniture,3703.82,3154.96,318,0.636,0,0,10,0,86,87,338
2023-10-23 01:00:00,P0168,Clothing,3481.39,3914.53,270,0.54,0,0,10,0,87,79,339
2023-10-23 02:00:00,P0003,Groceries,1345.63,1336.85,167,0.334,0,0,10,0,112,115,446
2023-10-23 03:00:00,P0117,Clothing,4627.6,3972.36,37,0.074,0,0,10,0,70,62,271
2023-10-23 04:00:00,P0099,Books,938.74,925.69,360,0.72,0,0,10,0,105,115,417
2023-10-23 05:00:00,P0152,Groceries,4529.24,4082.02,245,0.49,0,0,10,0,52,54,227
2023-10-23 06:00:00,P0019,Clothing,1597.68,1421.04,234,0.468,0,0,10,0,92,105,352
2023-10-23 07:00:00,P0146,Groceries,694.31,821.43,54,0.108,0,0,10,0,105,111,433
2023-10-23 08:00:00,P0192,Electronics,4142.08,3913.48,427,0.854,0,0,10,0,67,58,267
2023-10-23 09:00:00,P0116,Groceries,62.35,51.04,372,0.744,0,0,10,0,106,105,444
2023-10-23 10:00:00,P0125,Groceries,4168.84,4953.13,119,0.238,0,0,10,0,75,76,298
2023-10-23 11:00:00,P0088,Electronics,1348.44,1507.47,65,0.13,0,0,10,0,93,105,347
2023-10-23 12:00:00,P0035,Clothing,4429.37,3994.25,321,0.642,0,0,10,0,64,63,275
2023-10-23 13:00:00,P0190,Groceries,3472.82,3346.26,426,0.852,0,0,10,0,78,80,323
2023-10-23 14:00:00,P0001,Furniture,3347.61,3832.73,327,0.654,0,0,10,0,81,73,326
2023-10-23 15:00:00,P0153,Groceries,1858.33,1752.34,165,0.33,0,0,10,0,112,103,478
2023-10-23 16:00:00,P0173,Clothing,344.04,353.32,209,0.418,0,0,10,0,112,114,491
2023-10-23 17:00:00,P0177,Electronics,4158.86,4216.85,412,0.824,0,0,10,0,79,84,310
2023-10-23 18:00:00,P0126,Clothing,895.97,860.6,74,0.148,0,0,10,0,93,91,361
2023-10-23 19:00:00,P0089,Books,1892.68,1998.29,439,0.878,0,0,10,0,92,90,387
2023-10-23 20:00:00,P0144,Groceries,3021.76,2989.48,133,0.266,0,0,10,0,94,87,373
2023-10-23 21:00:00,P0147,Groceries,2437.16,1970.42,264,0.528,0,0,10,0,92,97,338
2023-10-23 22:00:00,P0151,Electronics,1033.37,1163.32,405,0.81,0,0,10,0,84,72,326
2023-10-23 23:00:00,P0025,Groceries,746.05,630.61,173,0.346,0,0,10,0,110,110,467
2023-10-24 00:00:00,P0016,Furniture,660.07,650.59,242,0.484,1,0,10,0,101,86,421
2023-10-24 01:00:00,P0182,Furniture,4321.89,4460.02,88,0.176,1,0,10,0,81,83,348
2023-10-24 02:00:00,P0073,Clothing,206.22,223.17,249,0.498,1,0,10,0,107,92,398
2023-10-24 03:00:00,P0129,Electronics,4886.22,4711.87,30,0.06,1,0,10,0,68,77,258
2023-10-24 04:00:00,P0042,Books,1032.72,1130.02,276,0.552,1,0,10,0,123,122,464
2023-10-24 05:00:00,P0147,Clothing,596.1,508.2,37,0.074,1,0,10,0,104,110,455
2023-10-24 06:00:00,P0162,Electronics,2906.01,3084.38,307,0.614,1,0,10,0,85,94,317
2023-10-24 07:00:00,P0080,Electronics,445.93,504.14,402,0.804,1,0,10,0,106,98,432
2023-10-24 08:00:00,P0104,Clothing,3032.14,3504.48,137,0.274,1,0,10,0,84,85,345
2023-10-24 09:00:00,P0183,Clothing,4260.6,4396.2,429,0.858,1,0,10,0,76,84,311
2023-10-24 10:00:00,P0146,Groceries,287.1,265.61,484,0.968,1,0,10,0,107,108,444
2023-10-24 11:00:00,P0034,Books,4009.35,3469.46,75,0.15,1,0,10,0,66,64,263
2023-10-24 12:00:00,P0089,Furniture,2002.66,1878.94,338,0.676,1,0,10,0,95,91,348
2023-10-24 13:00:00,P0125,Groceries,839.48,852.9,252,0.504,1,0,10,0,121,117,503
2023-10-24 14:00:00,P0045,Electronics,921.68,809.73,449,0.898,1,0,10,0,87,90,333
2023-10-24 15:00:00,P0134,Books,4597.88,5430.12,78,0.156,1,0,10,0,64,55,234
2023-10-24 16:00:00,P0021,Books,597.5,692.42,37,0.074,1,0,10,0,109,106,407
2023-10-24 17:00:00,P0122,Clothing,4340.57,3529.68,317,0.634,1,0,10,0,70,71,268
2023-10-24 18:00:00,P0070,Books,2744.01,2812.02,327,0.654,1,0,10,0,84,91,331
2023-10-24 19:00:00,P0096,Books,243.33,271.49,429,0.858,1,0,10,0,111,112,476
2023-10-24 20:00:00,P0105,Electronics,2349.16,2109.91,162,0.324,1,0,10,0,86,97,347
2023-10-24 21:00:00,P0048,Groceries,4096.38,4135.54,357,0.714,1,0,10,0,75,74,298
2023-10-24 22:00:00,P0039,Books,3644.7,3507.65,426,0.852,1,0,10,0,79,83,296
2023-10-24 23:00:00,P0031,Clothing,2469.47,2169.72,127,0.254,1,0,10,0,93,80,406
2023-10-25 00:00:00,P0010,Groceries,4307.25,4504.93,157,0.314,2,0,10,0,70,65,303
2023-10-25 01:00:00,P0030,Clothing,645.81,773.34,328,0.656,2,0,10,0,90,99,383
2023-10-25 02:00:00,P0018,Books,4554.21,4308.81,318,0.636,2,0,10,0,58,60,224
2023-10-25 03:00:00,P0188,Groceries,4239.88,4328.71,413,0.826,2,0,10,0,58,66,235
2023-10-25 04:00:00,P0088,Books,3555.97,3311.11,368,0.736,2,0,10,0,63,68,246
2023-10-25 05:00:00,P0125,Electronics,4098.54,4716.52,82,0.164,2,0,10,0,90,89,353
2023-10-25 06:00:00,P0073,Groceries,2741.89,3141.77,412,0.824,2,0,10,0,79,86,289
2023-10-25 07:00:00,P0015,Clothing,3392.05,2956.2,449,0.898,2,0,10,1,90,89,334
2023-10-25 08:00:00,P0004,Electronics,2824.96,3276.9,475,0.95,2,0,10,1,81,77,354
2023-10-25 09:00:00,P0191,Furniture,1809.37,1557.15,455,0.91,2,0,10,0,74,64,303
2023-10-25 10:00:00,P0168,Clothing,2865.86,2402.1,216,0.432,2,0,10,0,84,93,303
2023-10-25 11:00:00,P0009,Books,1324.45,1405.47,201,0.402,2,0,10,0,106,103,450
2023-10-25 12:00:00,P0109,Clothing,2229.38,2127.63,277,0.554,2,0,10,0,92,97,338
2023-10-25 13:00:00,P0137,Furniture,1439.84,1457.54,418,0.836,2,0,10,0,87,78,362
2023-10-25 14:00:00,P0154,Clothing,658.29,698.46,425,0.85,2,0,10,0,106,116,434
2023-10-25 15:00:00,P0132,Electronics,1643.22,1349.31,151,0.302,2,0,10,0,89,98,325
2023-10-25 16:00:00,P0016,Clothing,4267.34,3913.92,25,0.05,2,0,10,0,80,80,322
2023-10-25 17:00:00,P0143,Groceries,1936.35,1906.07,414,0.828,2,0,10,0,94,99,342
2023-10-25 18:00:00,P0099,Furniture,3752.62,3402.26,342,0.684,2,0,10,0,72,72,263
2023-10-25 19:00:00,P0121,Clothing,917.23,751.75,253,0.506,2,0,10,0,107,109,390
2023-10-25 20:00:00,P0052,Furniture,2150.87,1795.27,385,0.77,2,0,10,0,85,95,323
2023-10-25 21:00:00,P0069,Electronics,618.54,693.2,250,0.5,2,0,10,0,107,122,454
2023-10-25 22:00:00,P0005,Groceries,736.17,857.31,166,0.332,2,0,10,0,111,107,432
2023-10-25 23:00:00,P0020,Books,3106.31,2674.2,352,0.704,2,0,10,0,77,73,317
2023-10-26 00:00:00,P0079,Clothing,3057.03,2750.42,471,0.942,3,0,10,0,87,82,322
2023-10-26 01:00:00,P0146,Electronics,1106.19,1173.56,139,0.278,3,0,10,1,107,116,465
2023-10-26 02:00:00,P0111,Furniture,2398.39,2834.2,228,0.456,3,0,10,0,95,101,380
2023-10-26 03:00:00,P0002,Furniture,4323.37,3976.79,72,0.144,3,0,10,0,85,73,308
2023-10-26 04:00:00,P0093,Electronics,912.3,1041.92,427,0.854,3,0,10,0,101,89,407
2023-10-26 05:00:00,P0013,Clothing,145.09,145.44,298,0.596,3,0,10,0,97,101,364
2023-10-26 06:00:00,P0004,Books,3277.38,3875.91,235,0.47,3,0,10,1,87,81,327
2023-10-26 07:00:00,P0170,Clothing,314.82,269.01,194,0.388,3,0,10,0,112,98,457
2023-10-26 08:00:00,P0109,Groceries,4900.7,5829.23,491,0.982,3,0,10,0,57,56,216
2023-10-26 09:00:00,P0074,Clothing,3067.62,2995.2,470,0.94,3,0,10,0,85,95,321
2023-10-26 10:00:00,P0189,Groceries,2378.46,2809.38,87,0.174,3,0,10,0,85,82,343
2023-10-26 11:00:00,P0095,Furniture,2178.46,2142.46,96,0.192,3,0,10,0,91,96,345
2023-10-26 12:00:00,P0105,Groceries,2886.7,2921.44,477,0.954,3,0,10,0,74,83,273
2023-10-26 13:00:00,P0008,Books,498.59,559.37,165,0.33,3,0,10,0,95,86,373
2023-10-26 14:00:00,P0067,Electronics,4653.59,5068.0,490,0.98,3,0,10,0,63,65,229
2023-10-26 15:00:00,P0191,Groceries,3146.93,3297.48,449,0.898,3,0,10,0,71,80,307
2023-10-26 16:00:00,P0110,Clothing,960.69,928.79,295,0.59,3,0,10,0,102,93,404
2023-10-26 17:00:00,P0009,Groceries,2834.78,3166.38,405,0.81,3,0,10,0,94,108,339
2023-10-26 18:00:00,P0117,Furniture,709.62,836.85,202,0.404,3,0,10,0,105,101,397
2023-10-26 19:00:00,P0011,Groceries,136.89,110.05,446,0.892,3,0,10,0,106,97,463
2023-10-26 20:00:00,P0099,Books,3171.06,3282.48,186,0.372,3,0,10,0,84,93,336
2023-10-26 21:00:00,P0042,Groceries,3259.99,3737.23,459,0.918,3,0,10,0,73,72,284
2023-10-26 22:00:00,P0141,Books,2939.3,3119.32,274,0.548,3,0,10,0,89,94,343
2023-10-26 23:00:00,P0164,Clothing,958.24,1073.55,19,0.038,3,0,10,0,100,100,393
2023-10-27 00:00:00,P0120,Furniture,3036.98,3516.9,374,0.748,4,0,10,0,87,91,328
2023-10-27 01:00:00,P0141,Electronics,329.73,362.83,72,0.144,4,0,10,0,105,90,441
2023-10-27 02:00:00,P0012,Clothing,3065.73,3331.86,426,0.852,4,0,10,0,88,84,353
2023-10-27 03:00:00,P0037,Clothing,2792.38,3311.48,441,0.882,4,0,10,1,77,81,323
2023-10-27 04:00:00,P0074,Electronics,3293.51,3772.63,337,0.674,4,0,10,0,72,69,274
2023-10-27 05:00:00,P0073,Groceries,4482.6,5048.09,360,0.72,4,0,10,0,68,74,245
2023-10-27 06:00:00,P0052,Groceries,4259.27,3554.62,494,0.988,4,0,10,0,56,64,245
2023-10-27 07:00:00,P0199,Groceries,4904.24,4392.3,309,0.618,4,0,10,0,58,50,233
2023-10-27 08:00:00,P0130,Furniture,4882.39,4993.23,81,0.162,4,0,10,1,75,83,275
2023-10-27 09:00:00,P0056,Clothing,3872.98,4197.63,295,0.59,4,0,10,0,83,75,306
2023-10-27 10:00:00,P0060,Books,4784.28,4407.69,355,0.71,4,0,10,0,61,69,241
2023-10-27 11:00:00,P0023,Electronics,4343.06,3636.58,26,0.052,4,0,10,0,88,100,366
2023-10-27 12:00:00,P0103,Clothing,3651.53,3375.62,140,0.28,4,0,10,0,78,80,306
2023-10-27 13:00:00,P0040,Groceries,423.15,469.02,46,0.092,4,0,10,0,116,115,494
2023-10-27 14:00:00,P0064,Electronics,292.8,337.0,455,0.91,4,0,10,0,101,109,390
2023-10-27 15:00:00,P0085,Books,4196.12,4889.16,111,0.222,4,0,10,0,89,100,324
2023-10-27 16:00:00,P0151,Clothing,2473.8,2353.94,234,0.468,4,0,10,0,97,89,350
2023-10-27 17:00:00,P0157,Clothing,4082.3,3874.17,150,0.3,4,0,10,0,75,72,322
2023-10-27 18:00:00,P0179,Furniture,1598.95,1539.28,374,0.748,4,0,10,0,114,111,500
2023-10-27 19:00:00,P0197,Clothing,2018.37,1918.11,314,0.628,4,0,10,1,90,99,334
2023-10-27 20:00:00,P0089,Clothing,3515.92,3749.65,332,0.664,4,0,10,1,77,69,281
2023-10-27 21:00:00,P0031,Books,4580.87,4321.27,125,0.25,4,0,10,0,75,78,325
2023-10-27 22:00:00,P0178,Books,484.42,391.48,6,0.012,4,0,10,0,110,105,405
2023-10-27 23:00:00,P0020,Electronics,4314.32,4209.09,49,0.098,4,0,10,0,88,98,333
2023-10-28 00:00:00,P0183,Groceries,3975.41,3536.77,359,0.718,5,1,10,0,82,78,348
2023-10-28 01:00:00,P0130,Books,1611.92,1308.11,65,0.13,5,1,10,0,125,143,550
2023-10-28 02:00:00,P0153,Electronics,1808.32,1787.23,386,0.772,5,1,10,0,75,64,299
2023-10-28 03:00:00,P0013,Clothing,279.98,247.05,361,0.722,5,1,10,0,120,111,452
2023-10-28 04:00:00,P0122,Electronics,127.92,125.5,166,0.332,5,1,10,0,125,123,535
2023-10-28 05:00:00,P0103,Electronics,2411.18,2196.83,470,0.94,5,1,10,0,95,88,372
2023-10-28 06:00:00,P0106,Electronics,522.92,544.61,251,0.502,5,1,10,0,107,115,409
2023-10-28 07:00:00,P0119,Electronics,1010.31,1208.69,262,0.524,5,1,10,0,114,125,455
2023-10-28 08:00:00,P0070,Books,4241.5,4321.63,195,0.39,5,1,10,0,87,92,373
2023-10-28 09:00:00,P0195,Groceries,2876.59,3045.61,182,0.364,5,1,10,0,96,110,363
2023-10-28 10:00:00,P0186,Electronics,3186.48,3720.89,263,0.526,5,1,10,0,99,98,390
2023-10-28 11:00:00,P0099,Furniture,978.02,928.73,287,0.574,5,1,10,0,116,133,459
2023-10-28 12:00:00,P0082,Clothing,4151.88,3598.1,274,0.548,5,1,10,0,89,79,380
2023-10-28 13:00:00,P0075,Clothing,4346.5,3968.87,117,0.234,5,1,10,1,95,105,393
2023-10-28 14:00:00,P0118,Clothing,2640.47,2537.8,395,0.79,5,1,10,0,105,90,444
2023-10-28 15:00:00,P0084,Clothing,4567.16,4832.09,312,0.624,5,1,10,0,75,76,312
2023-10-28 16:00:00,P0192,Clothing,4231.9,3393.29,393,0.786,5,1,10,0,76,76,310
2023-10-28 17:00:00,P0069,Electronics,3670.05,4188.82,461,0.922,5,1,10,0,96,106,356
2023-10-28 18:00:00,P0059,Groceries,3683.68,3059.07,346,0.692,5,1,10,0,78,83,333
2023-10-28 19:00:00,P0188,Furniture,571.7,663.32,491,0.982,5,1,10,0,106,104,433
2023-10-28 20:00:00,P0126,Books,1390.64,1640.64,276,0.552,5,1,10,1,110,123,458
2023-10-28 21:00:00,P0111,Furniture,380.89,455.56,403,0.806,5,1,10,0,106,118,448
2023-10-28 22:00:00,P0062,Books,92.97,104.48,376,0.752,5,1,10,0,121,104,466
2023-10-28 23:00:00,P0144,Books,833.63,714.21,131,0.262,5,1,10,0,138,153,545
2023-10-29 00:00:00,P0128,Furniture,4408.41,4771.96,146,0.292,6,1,10,0,69,70,278
2023-10-29 01:00:00,P0105,Electronics,1237.38,1090.54,28,0.056,6,1,10,0,117,129,453
2023-10-29 02:00:00,P0068,Clothing,4852.26,5623.05,326,0.652,6,1,10,0,76,69,289
2023-10-29 03:00:00,P0015,Electronics,3006.59,2786.03,319,0.638,6,1,10,0,108,97,456
2023-10-29 04:00:00,P0183,Clothing,1224.43,1139.6,224,0.448,6,1,10,0,98,105,412
2023-10-29 05:00:00,P0035,Groceries,2510.8,2930.26,455,0.91,6,1,10,0,102,95,435
2023-10-29 06:00:00,P0183,Books,1134.52,913.62,138,0.276,6,1,10,0,118,120,491
2023-10-29 07:00:00,P0014,Furniture,4920.67,4318.31,288,0.576,6,1,10,0,77,81,296
2023-10-29 08:00:00,P0177,Groceries,4243.96,4111.43,280,0.56,6,1,10,0,93,96,359
2023-10-29 09:00:00,P0102,Clothing,179.88,194.32,416,0.832,6,1,10,0,116,123,467
2023-10-29 10:00:00,P0100,Electronics,4741.49,5021.36,483,0.966,6,1,10,0,72,75,307
2023-10-29 11:00:00,P0007,Furniture,3619.27,3864.53,25,0.05,6,1,10,0,99,95,384
2023-10-29 12:00:00,P0030,Books,457.79,527.38,291,0.582,6,1,10,0,122,107,514
2023-10-29 13:00:00,P0049,Groceries,3369.66,2858.86,266,0.532,6,1,10,0,82,91,315
2023-10-29 14:00:00,P0144,Books,3252.29,3281.12,285,0.57,6,1,10,0,94,104,364
2023-10-29 15:00:00,P0111,Clothing,1133.0,1235.19,312,0.624,6,1,10,0,117,100,492
2023-10-29 16:00:00,P0179,Books,3804.31,4011.44,96,0.192,6,1,10,0,78,86,323
2023-10-29 17:00:00,P0072,Electronics,480.97,471.03,137,0.274,6,1,10,0,138,124,520
2023-10-29 18:00:00,P0080,Groceries,2472.75,1995.13,476,0.952,6,1,10,0,102,97,435
2023-10-29 19:00:00,P0083,Groceries,99.12,81.69,280,0.56,6,1,10,0,127,124,537
2023-10-29 20:00:00,P0042,Electronics,4845.25,4106.72,95,0.19,6,1,10,0,71,75,301
2023-10-29 21:00:00,P0017,Books,3770.24,3533.81,451,0.902,6,1,10,0,77,68,306
2023-10-29 22:00:00,P0191,Electronics,836.32,708.41,56,0.112,6,1,10,0,97,107,375
2023-10-29 23:00:00,P0173,Furniture,1741.29,1689.81,122,0.244,6,1,10,0,110,125,471
2023-10-30 00:00:00,P0007,Electronics,844.78,736.19,230,0.46,0,0,10,1,94,107,383
2023-10-30 01:00:00,P0155,Books,3844.76,4274.09,289,0.578,0,0,10,0,75,66,326
2023-10-30 02:00:00,P0010,Electronics,341.54,392.29,85,0.17,0,0,10,0,125,141,475
2023-10-30 03:00:00,P0034,Clothing,4210.01,4024.18,460,0.92,0,0,10,0,64,65,280
2023-10-30 04:00:00,P0036,Electronics,4713.87,4735.24,309,0.618,0,0,10,0,70,75,273
2023-10-30 05:00:00,P0153,Electronics,3399.31,4015.94,50,0.1,0,0,10,0,85,96,332
2023-10-30 06:00:00,P0006,Books,1104.18,1119.86,227,0.454,0,0,10,0,92,96,349
2023-10-30 07:00:00,P0152,Furniture,1832.45,2195.33,5,0.01,0,0,10,0,117,115,512
2023-10-30 08:00:00,P0146,Furniture,2412.34,2067.02,442,0.884,0,0,10,0,89,90,323
2023-10-30 09:00:00,P0134,Books,3042.89,3483.78,309,0.618,0,0,10,0,72,76,286
2023-10-30 10:00:00,P0029,Books,3359.88,3356.12,272,0.544,0,0,10,0,83,94,323
2023-10-30 11:00:00,P0126,Books,2793.36,2260.07,409,0.818,0,0,10,0,79,88,294
2023-10-30 12:00:00,P0153,Clothing,1789.0,2126.92,343,0.686,0,0,10,0,96,98,400
2023-10-30 13:00:00,P0183,Groceries,4460.04,5289.69,392,0.784,0,0,10,0,58,53,250
2023-10-30 14:00:00,P0081,Electronics,452.89,431.74,1,0.002,0,0,10,0,112,107,425
2023-10-30 15:00:00,P0174,Books,2357.97,2786.31,275,0.55,0,0,10,0,92,88,368
2023-10-30 16:00:00,P0152,Books,3889.05,3330.6,90,0.18,0,0,10,0,71,67,288
2023-10-30 17:00:00,P0075,Books,351.32,376.63,261,0.522,0,0,10,0,109,117,426
2023-10-30 18:00:00,P0026,Furniture,3541.41,3105.01,241,0.482,0,0,10,0,76,84,330
2023-10-30 19:00:00,P0127,Books,4107.57,3691.3,474,0.948,0,0,10,0,68,64,270
2023-10-30 20:00:00,P0115,Electronics,3321.11,3692.19,374,0.748,0,0,10,0,85,94,373
2023-10-30 21:00:00,P0126,Books,114.04,108.45,245,0.49,0,0,10,0,139,149,533
2023-10-30 22:00:00,P0028,Electronics,941.68,756.03,471,0.942,0,0,10,0,94,92,344
2023-10-30 23:00:00,P0131,Clothing,1743.46,1683.65,78,0.156,0,0,10,0,99,105,402
2023-10-31 00:00:00,P0075,Groceries,1206.77,1075.51,310,0.62,1,0,10,0,116,125,494
2023-10-31 01:00:00,P0166,Furniture,4815.13,5168.23,303,0.606,1,0,10,0,74,75,289
2023-10-31 02:00:00,P0189,Electronics,3275.39,2875.07,57,0.114,1,0,10,0,102,100,382
2023-10-31 03:00:00,P0078,Clothing,1520.01,1728.1,224,0.448,1,0,10,0,100,88,419
2023-10-31 04:00:00,P0179,Groceries,4652.0,4218.61,425,0.85,1,0,10,0,70,60,267
2023-10-31 05:00:00,P0090,Groceries,3715.94,3556.94,201,0.402,1,0,10,0,79,89,333
2023-10-31 06:00:00,P0176,Groceries,1458.81,1340.96,404,0.808,1,0,10,0,92,86,351
2023-10-31 07:00:00,P0021,Electronics,1925.46,2036.31,5,0.01,1,0,10,0,102,107,413
2023-10-31 08:00:00,P0054,Clothing,1037.17,871.71,29,0.058,1,0,10,0,114,129,491
2023-10-31 09:00:00,P0184,Books,4856.82,4814.27,150,0.3,1,0,10,0,70,77,263
2023-10-31 10:00:00,P0103,Clothing,2610.62,2437.75,35,0.07,1,0,10,0,107,95,455
2023-10-31 11:00:00,P0059,Clothing,4485.48,5174.7,109,0.218,1,0,10,0,78,85,297
2023-10-31 12:00:00,P0072,Clothing,1765.17,1463.97,120,0.24,1,0,10,0,101,108,417
2023-10-31 13:00:00,P0179,Electronics,4311.17,4879.72,240,0.48,1,0,10,0,73,69,277
2023-10-31 14:00:00,P0020,Electronics,316.74,274.64,258,0.516,1,0,10,0,102,108,377
2023-10-31 15:00:00,P0112,Electronics,4911.35,4103.09,89,0.178,1,0,10,1,63,69,260
2023-10-31 16:00:00,P0059,Clothing,4564.57,4021.06,417,0.834,1,0,10,0,72,67,293
2023-10-31 17:00:00,P0071,Electronics,1847.85,1554.15,29,0.058,1,0,10,0,111,123,435
2023-10-31 18:00:00,P0137,Groceries,3884.87,3917.48,465,0.93,1,0,10,0,62,54,225
2023-10-31 19:00:00,P0109,Electronics,3773.68,4510.63,464,0.928,1,0,10,0,63,64,251
2023-10-31 20:00:00,P0129,Furniture,4511.21,3670.91,236,0.472,1,0,10,0,76,70,283
2023-10-31 21:00:00,P0157,Electronics,1570.91,1546.48,370,0.74,1,0,10,0,89,95,346
2023-10-31 22:00:00,P0191,Electronics,2354.32,2247.03,169,0.338,1,0,10,0,83,75,338
2023-10-31 23:00:00,P0200,Electronics,4331.75,4053.84,148,0.296,1,0,10,0,63,60,274
2023-11-01 00:00:00,P0056,Electronics,3903.97,3641.41,373,0.746,2,0,11,0,69,61,277
2023-11-01 01:00:00,P0196,Furniture,1997.66,2313.3,87,0.174,2,0,11,0,99,108,372
2023-11-01 02:00:00,P0035,Books,4236.34,3421.23,3,0.006,2,0,11,0,77,69,335
2023-11-01 03:00:00,P0123,Electronics,282.42,313.48,432,0.864,2,0,11,0,87,93,315
2023-11-01 04:00:00,P0131,Groceries,3921.13,3533.62,251,0.502,2,0,11,0,71,75,292
2023-11-01 05:00:00,P0104,Furniture,1073.49,1023.38,431,0.862,2,0,11,0,99,88,377
2023-11-01 06:00:00,P0007,Books,1466.3,1419.47,472,0.944,2,0,11,0,103,105,433
2023-11-01 07:00:00,P0027,Electronics,2491.41,2296.81,50,0.1,2,0,11,0,95,95,367
2023-11-01 08:00:00,P0001,Books,2276.19,1906.14,23,0.046,2,0,11,0,107,110,422
2023-11-01 09:00:00,P0199,Groceries,2626.82,2221.59,45,0.09,2,0,11,0,100,113,422
2023-11-01 10:00:00,P0172,Furniture,2746.64,2524.86,115,0.23,2,0,11,0,85,74,367
2023-11-01 11:00:00,P0087,Furniture,1691.06,1908.74,26,0.052,2,0,11,0,113,124,423
2023-11-01 12:00:00,P0041,Books,917.38,783.31,94,0.188,2,0,11,0,120,133,460
2023-11-01 13:00:00,P0123,Electronics,3853.98,4228.03,366,0.732,2,0,11,0,69,61,249
2023-11-01 14:00:00,P0075,Clothing,2029.88,1858.45,434,0.868,2,0,11,0,86,90,369
2023-11-01 15:00:00,P0042,Furniture,2553.91,2945.64,98,0.196,2,0,11,0,87,92,379
2023-11-01 16:00:00,P0117,Clothing,3241.25,3148.33,115,0.23,2,0,11,0,75,76,287
2023-11-01 17:00:00,P0161,Furniture,4552.71,3954.89,275,0.55,2,0,11,0,76,76,297
2023-11-01 18:00:00,P0178,Electronics,3552.39,4242.75,335,0.67,2,0,11,0,89,84,351
2023-11-01 19:00:00,P0063,Electronics,275.02,239.45,94,0.188,2,0,11,0,113,119,444
2023-11-01 20:00:00,P0165,Furniture,4200.87,4314.49,198,0.396,2,0,11,0,70,65,274
2023-11-01 21:00:00,P0187,Books,4947.31,5084.42,145,0.29,2,0,11,0,76,75,303
2023-11-01 22:00:00,P0127,Electronics,2388.8,2267.27,391,0.782,2,0,11,0,94,104,350
2023-11-01 23:00:00,P0176,Electronics,4849.47,5725.26,154,0.308,2,0,11,0,64,56,233
2023-11-02 00:00:00,P0133,Groceries,2759.28,3138.82,269,0.538,3,0,11,0,86,87,359
2023-11-02 01:00:00,P0048,Electronics,2325.1,2631.85,401,0.802,3,0,11,0,101,101,432
2023-11-02 02:00:00,P0003,Groceries,1690.45,2011.06,320,0.64,3,0,11,0,110,106,467
2023-11-02 03:00:00,P0116,Electronics,3304.9,3248.2,414,0.828,3,0,11,0,69,71,283
2023-11-02 04:00:00,P0175,Electronics,1187.61,996.26,275,0.55,3,0,11,0,85,73,372
2023-11-02 05:00:00,P0190,Books,569.42,629.88,325,0.65,3,0,11,0,106,106,382
2023-11-02 06:00:00,P0099,Books,184.82,176.01,255,0.51,3,0,11,0,116,116,447
2023-11-02 07:00:00,P0116,Electronics,1497.28,1311.82,44,0.088,3,0,11,0,112,113,431
2023-11-02 08:00:00,P0014,Furniture,2009.07,1995.61,0,0.0,3,0,11,0,106,97,411
2023-11-02 09:00:00,P0191,Furniture,2782.78,3256.65,146,0.292,3,0,11,1,91,83,386
2023-11-02 10:00:00,P0112,Electronics,1499.11,1302.04,294,0.588,3,0,11,0,91,95,353
2023-11-02 11:00:00,P0061,Furniture,4921.09,5607.48,374,0.748,3,0,11,0,60,53,241
2023-11-02 12:00:00,P0159,Electronics,1494.14,1445.25,154,0.308,3,0,11,0,108,102,442
2023-11-02 13:00:00,P0095,Books,2232.83,1908.45,55,0.11,3,0,11,0,90,99,385
2023-11-02 14:00:00,P0017,Clothing,561.22,639.43,399,0.798,3,0,11,0,83,73,340
2023-11-02 15:00:00,P0124,Groceries,1340.1,1591.84,461,0.922,3,0,11,0,92,91,359
2023-11-02 16:00:00,P0024,Furniture,289.24,265.09,225,0.45,3,0,11,0,112,118,465
2023-11-02 17:00:00,P0116,Furniture,2819.57,2597.99,6,0.012,3,0,11,0,111,99,445
2023-11-02 18:00:00,P0151,Books,3767.77,3602.81,19,0.038,3,0,11,0,84,79,338
2023-11-02 19:00:00,P0082,Furniture,1018.76,1146.77,158,0.316,3,0,11,1,91,93,352
2023-11-02 20:00:00,P0050,Electronics,1871.16,1504.72,469,0.938,3,0,11,0,97,92,349
2023-11-02 21:00:00,P0079,Electronics,132.25,117.65,339,0.678,3,0,11,0,105,93,408
2023-11-02 22:00:00,P0079,Clothing,4205.63,4552.01,78,0.156,3,0,11,0,76,70,292
2023-11-02 23:00:00,P0070,Clothing,3910.82,3763.21,408,0.816,3,0,11,0,63,56,232
2023-11-03 00:00:00,P0027,Clothing,363.11,338.46,365,0.73,4,0,11,0,108,124,406
2023-11-03 01:00:00,P0015,Electronics,1856.09,2132.49,0,0.0,4,0,11,0,104,96,456
2023-11-03 02:00:00,P0050,Clothing,4778.67,5576.39,400,0.8,4,0,11,0,65,66,249
2023-11-03 03:00:00,P0036,Clothing,1990.53,2347.22,335,0.67,4,0,11,1,98,96,393
2023-11-03 04:00:00,P0008,Electronics,2654.73,2413.2,228,0.456,4,0,11,0,97,99,392
2023-11-03 05:00:00,P0079,Books,1808.45,2106.85,212,0.424,4,0,11,0,98,98,397
2023-11-03 06:00:00,P0131,Furniture,3000.85,3285.29,282,0.564,4,0,11,0,87,93,316
2023-11-03 07:00:00,P0190,Groceries,4891.88,4215.26,247,0.494,4,0,11,0,69,77,291
2023-11-03 08:00:00,P0047,Electronics,4987.64,5207.63,118,0.236,4,0,11,0,81,76,339
2023-11-03 09:00:00,P0105,Electronics,3884.84,3148.79,378,0.756,4,0,11,0,66,60,289
2023-11-03 10:00:00,P0098,Groceries,2051.34,2222.32,226,0.452,4,0,11,0,83,95,311
2023-11-03 11:00:00,P0096,Groceries,2497.44,2730.77,23,0.046,4,0,11,0,84,93,340
2023-11-03 12:00:00,P0189,Clothing,1815.82,2025.97,189,0.378,4,0,11,0,101,97,429
2023-11-03 13:00:00,P0160,Groceries,4928.59,4282.99,307,0.614,4,0,11,0,65,73,240
2023-11-03 14:00:00,P0116,Furniture,3553.41,3735.7,306,0.612,4,0,11,0,69,73,292
2023-11-03 15:00:00,P0013,Furniture,2272.21,1980.33,449,0.898,4,0,11,0,82,80,313
2023-11-03 16:00:00,P0001,Furniture,109.97,129.62,56,0.112,4,0,11,0,142,158,543
2023-11-03 17:00:00,P0034,Furniture,2626.39,2810.25,493,0.986,4,0,11,0,83,87,362
2023-11-03 18:00:00,P0190,Furniture,4920.44,4123.97,310,0.62,4,0,11,0,75,82,289
2023-11-03 19:00:00,P0079,Clothing,2639.15,2308.76,308,0.616,4,0,11,0,74,72,301
2023-11-03 20:00:00,P0078,Electronics,953.01,1015.32,88,0.176,4,0,11,0,111,121,439
2023-11-03 21:00:00,P0121,Groceries,159.36,157.87,274,0.548,4,0,11,0,113,108,414
2023-11-03 22:00:00,P0093,Electronics,1805.78,1976.46,108,0.216,4,0,11,0,106,113,462
2023-11-03 23:00:00,P0098,Groceries,4595.23,4192.3,140,0.28,4,0,11,0,71,70,268
2023-11-04 00:00:00,P0082,Clothing,4982.94,5297.7,284,0.568,5,1,11,1,83,81,317
2023-11-04 01:00:00,P0199,Clothing,4729.57,4118.43,479,0.958,5,1,11,0,76,83,297
2023-11-04 02:00:00,P0159,Books,3660.63,3724.63,389,0.778,5,1,11,0,86,76,344
2023-11-04 03:00:00,P0192,Books,2812.81,3327.89,375,0.75,5,1,11,0,90,102,334
2023-11-04 04:00:00,P0153,Clothing,2973.9,3126.43,456,0.912,5,1,11,0,76,76,312
2023-11-04 05:00:00,P0038,Clothing,2718.01,2228.76,243,0.486,5,1,11,0,80,83,321
2023-11-04 06:00:00,P0014,Groceries,3549.89,4243.91,384,0.768,5,1,11,0,80,78,307
2023-11-04 07:00:00,P0136,Clothing,2123.42,1831.97,407,0.814,5,1,11,0,97,101,403
2023-11-04 08:00:00,P0091,Electronics,3362.56,3655.87,73,0.146,5,1,11,0,92,98,369
2023-11-04 09:00:00,P0054,Groceries,651.98,660.46,354,0.708,5,1,11,0,119,132,508
2023-11-04 10:00:00,P0130,Clothing,1365.19,1252.9,261,0.522,5,1,11,0,121,134,518
2023-11-04 11:00:00,P0101,Groceries,4188.22,3647.62,175,0.35,5,1,11,0,76,73,333
2023-11-04 12:00:00,P0089,Groceries,4523.56,3940.39,403,0.806,5,1,11,0,80,83,292
2023-11-04 13:00:00,P0056,Furniture,2718.09,3107.76,229,0.458,5,1,11,1,99,107,388
2023-11-04 14:00:00,P0094,Books,206.6,237.42,75,0.15,5,1,11,0,110,119,440
2023-11-04 15:00:00,P0093,Groceries,4638.52,4573.85,322,0.644,5,1,11,0,85,95,322
2023-11-04 16:00:00,P0084,Groceries,3525.22,2966.29,182,0.364,5,1,11,0,84,92,364
2023-11-04 17:00:00,P0085,Furniture,2099.44,2422.05,273,0.546,5,1,11,0,131,140,481
2023-11-04 18:00:00,P0189,Clothing,3011.98,2996.34,276,0.552,5,1,11,0,106,114,418
2023-11-04 19:00:00,P0022,Groceries,2177.39,2124.05,226,0.452,5,1,11,0,104,114,390
2023-11-04 20:00:00,P0035,Furniture,2353.43,2266.22,447,0.894,5,1,11,1,95,105,394
2023-11-04 21:00:00,P0016,Electronics,4439.71,4199.99,164,0.328,5,1,11,0,72,69,300
2023-11-04 22:00:00,P0050,Furniture,847.37,856.18,274,0.548,5,1,11,0,137,149,589
2023-11-04 23:00:00,P0122,Books,563.16,586.71,216,0.432,5,1,11,0,112,127,440
2023-11-05 00:00:00,P0128,Books,63.51,62.66,311,0.622,6,1,11,0,124,114,523
2023-11-05 01:00:00,P0113,Clothing,1604.3,1858.84,189,0.378,6,1,11,0,105,91,424
2023-11-05 02:00:00,P0171,Clothing,779.7,722.83,17,0.034,6,1,11,0,135,118,574
2023-11-05 03:00:00,P0017,Books,1138.93,1174.61,231,0.462,6,1,11,0,116,106,426
2023-11-05 04:00:00,P0080,Books,105.63,97.18,413,0.826,6,1,11,0,111,125,441
2023-11-05 05:00:00,P0186,Groceries,1174.62,1293.66,183,0.366,6,1,11,0,123,109,458
2023-11-05 06:00:00,P0130,Books,1696.92,1426.85,105,0.21,6,1,11,0,132,142,559
2023-11-05 07:00:00,P0132,Clothing,206.26,180.58,242,0.484,6,1,11,0,125,139,465
2023-11-05 08:00:00,P0085,Books,3059.13,3427.7,425,0.85,6,1,11,0,70,78,252
2023-11-05 09:00:00,P0167,Clothing,2865.56,2502.43,52,0.104,6,1,11,0,108,105,469
2023-11-05 10:00:00,P0094,Electronics,530.33,557.0,225,0.45,6,1,11,0,104,104,415
2023-11-05 11:00:00,P0134,Books,2995.3,3558.71,201,0.402,6,1,11,0,84,80,369
2023-11-05 12:00:00,P0081,Clothing,4993.34,5039.06,85,0.17,6,1,11,0,69,62,273
2023-11-05 13:00:00,P0069,Furniture,4725.12,4134.28,49,0.098,6,1,11,0,90,82,367
2023-11-05 14:00:00,P0069,Groceries,63.22,58.69,382,0.764,6,1,11,0,102,91,428
2023-11-05 15:00:00,P0148,Clothing,3987.12,4502.99,259,0.518,6,1,11,0,94,91,360
2023-11-05 16:00:00,P0192,Books,1800.35,1693.53,318,0.636,6,1,11,0,114,103,423
2023-11-05 17:00:00,P0016,Books,365.07,397.71,194,0.388,6,1,11,0,114,111,471
2023-11-05 18:00:00,P0051,Electronics,1515.12,1683.21,368,0.736,6,1,11,0,111,123,445
2023-11-05 19:00:00,P0105,Furniture,1642.6,1643.38,247,0.494,6,1,11,0,123,129,524
2023-11-05 20:00:00,P0165,Clothing,2640.06,2939.14,55,0.11,6,1,11,0,101,106,367
2023-11-05 21:00:00,P0197,Furniture,3322.36,3079.03,176,0.352,6,1,11,0,107,117,432
2023-11-05 22:00:00,P0170,Electronics,3757.83,3782.12,475,0.95,6,1,11,0,83,72,311
2023-11-05 23:00:00,P0185,Groceries,1267.22,1361.78,149,0.298,6,1,11,0,110,120,450
2023-11-06 00:00:00,P0066,Furniture,1642.76,1424.65,395,0.79,0,0,11,0,98,89,412
2023-11-06 01:00:00,P0009,Electronics,1576.49,1433.74,432,0.864,0,0,11,0,83,79,316
2023-11-06 02:00:00,P0107,Clothing,1845.55,1957.79,12,0.024,0,0,11,0,116,109,462
2023-11-06 03:00:00,P0100,Groceries,4998.3,5308.91,360,0.72,0,0,11,0,56,49,220
2023-11-06 04:00:00,P0086,Books,3900.82,3890.37,288,0.576,0,0,11,0,84,76,353
2023-11-06 05:00:00,P0064,Electronics,4876.2,5452.73,430,0.86,0,0,11,0,64,73,261
2023-11-06 06:00:00,P0022,Books,3480.9,3455.91,63,0.126,0,0,11,0,91,94,336
2023-11-06 07:00:00,P0162,Groceries,2061.04,2375.41,338,0.676,0,0,11,0,85,84,372
2023-11-06 08:00:00,P0183,Electronics,1979.23,2165.99,104,0.208,0,0,11,0,101,109,437
2023-11-06 09:00:00,P0157,Electronics,2468.48,2285.51,400,0.8,0,0,11,0,62,68,252
2023-11-06 10:00:00,P0166,Groceries,2113.51,2024.96,238,0.476,0,0,11,0,94,83,397
2023-11-06 11:00:00,P0110,Clothing,4150.21,4428.58,33,0.066,0,0,11,0,69,74,250
2023-11-06 12:00:00,P0097,Electronics,2351.76,2722.82,323,0.646,0,0,11,0,93,105,350
2023-11-06 13:00:00,P0018,Groceries,1513.29,1318.81,38,0.076,0,0,11,0,99,102,417
2023-11-06 14:00:00,P0071,Furniture,3885.56,3908.35,455,0.91,0,0,11,0,66,68,243
2023-11-06 15:00:00,P0193,Books,4279.38,3626.83,224,0.448,0,0,11,0,65,72,236
2023-11-06 16:00:00,P0127,Electronics,2131.12,1943.12,128,0.256,0,0,11,0,97,102,397
2023-11-06 17:00:00,P0097,Furniture,3355.65,3605.29,132,0.264,0,0,11,0,77,88,279
2023-11-06 18:00:00,P0001,Electronics,341.08,283.47,479,0.958,0,0,11,0,98,92,367
2023-11-06 19:00:00,P0132,Clothing,2670.85,2844.3,39,0.078,0,0,11,0,90,99,330
2023-11-06 20:00:00,P0004,Groceries,272.66,316.37,318,0.636,0,0,11,0,94,97,379
2023-11-06 21:00:00,P0125,Electronics,194.49,231.01,384,0.768,0,0,11,0,99,95,410
2023-11-06 22:00:00,P0082,Groceries,3083.98,2734.42,418,0.836,0,0,11,0,73,81,274
2023-11-06 23:00:00,P0027,Electronics,1551.51,1705.98,469,0.938,0,0,11,0,97,111,386
2023-11-07 00:00:00,P0171,Clothing,3725.56,4360.95,220,0.44,1,0,11,0,87,75,315
2023-11-07 01:00:00,P0059,Clothing,4485.61,3752.43,400,0.8,1,0,11,0,58,65,221
2023-11-07 02:00:00,P0032,Furniture,739.99,714.54,93,0.186,1,0,11,0,112,102,419
2023-11-07 03:00:00,P0161,Clothing,3636.39,4246.44,98,0.196,1,0,11,0,80,73,299
2023-11-07 04:00:00,P0028,Groceries,2596.87,2288.14,59,0.118,1,0,11,0,85,73,321
2023-11-07 05:00:00,P0106,Clothing,604.99,709.96,128,0.256,1,0,11,0,111,125,471
2023-11-07 06:00:00,P0105,Electronics,3275.38,3311.01,131,0.262,1,0,11,0,89,96,388
2023-11-07 07:00:00,P0183,Clothing,3066.86,2576.03,392,0.784,1,0,11,1,58,50,242
2023-11-07 08:00:00,P0188,Groceries,2602.43,2550.25,300,0.6,1,0,11,0,94,98,344
2023-11-07 09:00:00,P0070,Electronics,4636.03,4313.85,415,0.83,1,0,11,0,70,62,287
2023-11-07 10:00:00,P0062,Furniture,2629.34,2400.28,68,0.136,1,0,11,1,92,99,385
2023-11-07 11:00:00,P0034,Furniture,4953.05,5035.22,13,0.026,1,0,11,0,66,64,243
2023-11-07 12:00:00,P0087,Furniture,2570.68,2553.81,434,0.868,1,0,11,0,86,74,330
2023-11-07 13:00:00,P0114,Electronics,623.47,618.97,473,0.946,1,0,11,0,90,99,355
2023-11-07 14:00:00,P0106,Furniture,2378.83,1986.93,150,0.3,1,0,11,0,104,106,400
2023-11-07 15:00:00,P0056,Clothing,952.53,1067.72,173,0.346,1,0,11,0,114,123,458
2023-11-07 16:00:00,P0113,Electronics,3005.81,2983.49,469,0.938,1,0,11,0,77,81,285
2023-11-07 17:00:00,P0013,Electronics,3481.0,3927.83,410,0.82,1,0,11,0,69,68,273
2023-11-07 18:00:00,P0184,Electronics,2368.75,2676.3,344,0.688,1,0,11,0,90,95,377
2023-11-07 19:00:00,P0018,Books,533.63,494.6,291,0.582,1,0,11,0,112,96,444
2023-11-07 20:00:00,P0182,Groceries,2369.77,1899.94,195,0.39,1,0,11,0,88,84,332
2023-11-07 21:00:00,P0113,Books,453.2,527.75,31,0.062,1,0,11,0,119,129,505
2023-11-07 22:00:00,P0171,Books,3426.52,3783.83,72,0.144,1,0,11,0,81,87,317
2023-11-07 23:00:00,P0039,Books,3962.32,3339.84,193,0.386,1,0,11,0,63,70,248
2023-11-08 00:00:00,P0189,Groceries,4813.78,5202.21,425,0.85,2,0,11,0,53,55,206
2023-11-08 01:00:00,P0170,Books,786.57,635.56,49,0.098,2,0,11,0,112,127,429
2023-11-08 02:00:00,P0079,Furniture,2685.48,2178.2,56,0.112,2,0,11,0,107,109,437
2023-11-08 03:00:00,P0146,Electronics,2859.31,2888.84,486,0.972,2,0,11,0,70,70,263
2023-11-08 04:00:00,P0151,Electronics,4616.26,3870.34,116,0.232,2,0,11,0,67,61,282
2023-11-08 05:00:00,P0182,Clothing,3155.02,3741.02,191,0.382,2,0,11,0,87,94,347
2023-11-08 06:00:00,P0030,Furniture,770.27,891.61,429,0.858,2,0,11,0,97,103,418
2023-11-08 07:00:00,P0098,Groceries,2209.94,2342.37,216,0.432,2,0,11,0,94,93,409
2023-11-08 08:00:00,P0058,Electronics,3291.07,2716.72,110,0.22,2,0,11,0,90,79,352
2023-11-08 09:00:00,P0196,Books,3516.41,3270.03,457,0.914,2,0,11,0,73,65,272
2023-11-08 10:00:00,P0067,Clothing,4322.22,4100.44,484,0.968,2,0,11,0,67,59,268
2023-11-08 11:00:00,P0071,Clothing,943.51,936.29,88,0.176,2,0,11,0,96,92,366
2023-11-08 12:00:00,P0146,Electronics,4760.13,4129.7,359,0.718,2,0,11,0,63,57,248
2023-11-08 13:00:00,P0106,Furniture,342.74,353.37,309,0.618,2,0,11,0,118,131,460
2023-11-08 14:00:00,P0007,Clothing,4919.62,4793.23,308,0.616,2,0,11,0,68,76,269
2023-11-08 15:00:00,P0040,Electronics,4295.95,5064.58,156,0.312,2,0,11,0,77,85,308
2023-11-08 16:00:00,P0070,Furniture,3318.35,3897.33,420,0.84,2,0,11,0,69,71,283
2023-11-08 17:00:00,P0193,Electronics,3688.23,3784.82,68,0.136,2,0,11,0,76,78,274
2023-11-08 18:00:00,P0068,Electronics,409.83,433.49,269,0.538,2,0,11,0,94,105,358
2023-11-08 19:00:00,P0049,Furniture,255.33,218.34,224,0.448,2,0,11,0,89,86,333
2023-11-08 20:00:00,P0052,Furniture,553.74,492.46,410,0.82,2,0,11,0,96,83,400
2023-11-08 21:00:00,P0114,Furniture,482.43,559.76,4,0.008,2,0,11,0,111,110,474
2023-11-08 22:00:00,P0107,Electronics,2759.54,2979.38,242,0.484,2,0,11,0,88,89,368
2023-11-08 23:00:00,P0029,Clothing,1116.45,977.76,117,0.234,2,0,11,0,116,118,508
2023-11-09 00:00:00,P0149,Groceries,4308.02,4429.01,171,0.342,3,0,11,0,70,63,256
2023-11-09 01:00:00,P0078,Groceries,2256.46,2648.87,142,0.284,3,0,11,0,105,114,417
2023-11-09 02:00:00,P0009,Electronics,3492.78,3276.47,322,0.644,3,0,11,0,81,87,350
2023-11-09 03:00:00,P0175,Electronics,3281.72,2869.3,256,0.512,3,0,11,0,92,85,355
2023-11-09 04:00:00,P0076,Clothing,1633.27,1922.05,407,0.814,3,0,11,0,80,81,339
2023-11-09 05:00:00,P0042,Furniture,1253.68,1234.26,459,0.918,3,0,11,0,102,111,413
2023-11-09 06:00:00,P0179,Electronics,1745.16,1687.39,364,0.728,3,0,11,0,85,72,373
2023-11-09 07:00:00,P0184,Books,3993.46,3622.18,317,0.634,3,0,11,0,67,62,261
2023-11-09 08:00:00,P0179,Furniture,2952.07,3414.46,77,0.154,3,0,11,0,89,88,350
2023-11-09 09:00:00,P0198,Electronics,1305.02,1485.43,56,0.112,3,0,11,0,97,107,362
2023-11-09 10:00:00,P0128,Books,4098.34,3939.31,489,0.978,3,0,11,0,70,76,261
2023-11-09 11:00:00,P0020,Clothing,321.06,260.78,19,0.038,3,0,11,0,126,113,540
2023-11-09 12:00:00,P0155,Books,3510.96,3436.04,441,0.882,3,0,11,0,77,76,302
2023-11-09 13:00:00,P0166,Electronics,2223.55,1939.7,13,0.026,3,0,11,0,98,92,401
2023-11-09 14:00:00,P0072,Groceries,3669.89,3145.44,205,0.41,3,0,11,0,88,85,370
2023-11-09 15:00:00,P0065,Electronics,4640.93,4442.47,236,0.472,3,0,11,0,72,73,284
2023-11-09 16:00:00,P0182,Groceries,3762.67,3159.25,180,0.36,3,0,11,0,78,78,340
2023-11-09 17:00:00,P0113,Clothing,2237.73,2647.2,290,0.58,3,0,11,0,88,79,383
2023-11-09 18:00:00,P0024,Clothing,797.33,653.03,445,0.89,3,0,11,0,87,77,361
2023-11-09 19:00:00,P0128,Furniture,4041.44,3882.0,188,0.376,3,0,11,0,69,61,303
2023-11-09 20:00:00,P0175,Furniture,2330.49,2016.06,146,0.292,3,0,11,0,89,98,321
2023-11-09 21:00:00,P0199,Groceries,422.8,454.73,339,0.678,3,0,11,0,92,79,332
2023-11-09 22:00:00,P0083,Groceries,3609.32,3001.24,41,0.082,3,0,11,0,75,68,274
2023-11-09 23:00:00,P0063,Clothing,1494.67,1522.65,427,0.854,3,0,11,0,82,93,357
2023-11-10 00:00:00,P0185,Books,292.0,323.9,470,0.94,4,0,11,0,109,95,445
2023-11-10 01:00:00,P0183,Groceries,4518.62,5332.08,353,0.706,4,0,11,0,62,53,269
2023-11-10 02:00:00,P0060,Groceries,2441.35,2635.22,0,0.0,4,0,11,0,105,101,389
2023-11-10 03:00:00,P0099,Books,1440.76,1209.95,323,0.646,4,0,11,0,89,80,323
2023-11-10 04:00:00,P0062,Furniture,3596.11,3004.22,103,0.206,4,0,11,0,84,86,339
2023-11-10 05:00:00,P0030,Furniture,4435.22,4846.1,254,0.508,4,0,11,0,65,62,243
2023-11-10 06:00:00,P0022,Groceries,51.52,45.65,208,0.416,4,0,11,0,113,103,485
2023-11-10 07:00:00,P0126,Furniture,3454.87,3381.96,217,0.434,4,0,11,0,99,114,390
2023-11-10 08:00:00,P0157,Furniture,3846.71,4580.08,77,0.154,4,0,11,0,75,71,316
2023-11-10 09:00:00,P0169,Furniture,1089.14,1228.51,429,0.858,4,0,11,0,91,95,365
2023-11-10 10:00:00,P0042,Clothing,2473.64,2816.58,50,0.1,4,0,11,0,83,92,334
2023-11-10 11:00:00,P0098,Electronics,491.97,562.97,287,0.574,4,0,11,0,116,131,481
2023-11-10 12:00:00,P0193,Groceries,3746.41,3925.56,99,0.198,4,0,11,0,91,89,352
2023-11-10 13:00:00,P0031,Groceries,4244.91,4659.1,211,0.422,4,0,11,0,67,77,292
2023-11-10 14:00:00,P0158,Clothing,585.52,552.49,463,0.926,4,0,11,0,95,101,372
2023-11-10 15:00:00,P0112,Electronics,4091.48,4907.23,498,0.996,4,0,11,0,70,72,274
2023-11-10 16:00:00,P0146,Electronics,3869.27,3528.19,402,0.804,4,0,11,0,72,76,300
2023-11-10 17:00:00,P0122,Clothing,1767.22,1830.85,236,0.472,4,0,11,0,86,82,353
2023-11-10 18:00:00,P0017,Books,3466.93,3164.7,294,0.588,4,0,11,0,71,69,312
2023-11-10 19:00:00,P0038,Books,50.24,42.44,471,0.942,4,0,11,0,88,90,377
2023-11-10 20:00:00,P0142,Electronics,4662.4,4788.44,397,0.794,4,0,11,0,72,68,276
2023-11-10 21:00:00,P0110,Books,2774.4,2611.65,156,0.312,4,0,11,0,94,102,346
2023-11-10 22:00:00,P0184,Books,3120.68,3224.56,297,0.594,4,0,11,0,95,88,350
2023-11-10 23:00:00,P0022,Books,3340.06,3418.46,13,0.026,4,0,11,0,79,86,307
2023-11-11 00:00:00,P0195,Electronics,2828.78,2876.59,115,0.23,5,1,11,0,106,95,422
2023-11-11 01:00:00,P0056,Books,4290.98,3644.42,138,0.276,5,1,11,0,88,81,362
2023-11-11 02:00:00,P0119,Groceries,3068.02,2994.61,74,0.148,5,1,11,0,105,113,450
2023-11-11 03:00:00,P0147,Electronics,4543.41,5110.43,302,0.604,5,1,11,0,84,78,369
2023-11-11 04:00:00,P0057,Clothing,2932.54,2715.7,359,0.718,5,1,11,0,123,134,483
2023-11-11 05:00:00,P0172,Books,897.06,876.91,23,0.046,5,1,11,0,167,181,674
2023-11-11 06:00:00,P0035,Furniture,4572.13,4560.85,405,0.81,5,1,11,0,78,72,318
2023-11-11 07:00:00,P0114,Electronics,3424.06,3920.87,176,0.352,5,1,11,0,110,96,445
2023-11-11 08:00:00,P0125,Clothing,3511.23,3729.77,438,0.876,5,1,11,1,77,69,283
2023-11-11 09:00:00,P0129,Groceries,4928.13,4140.03,54,0.108,5,1,11,1,81,87,299
2023-11-11 10:00:00,P0052,Clothing,422.22,483.89,212,0.424,5,1,11,0,114,126,491
2023-11-11 11:00:00,P0085,Books,2171.53,2459.97,325,0.65,5,1,11,0,104,100,431
2023-11-11 12:00:00,P0198,Furniture,1233.52,1358.67,333,0.666,5,1,11,0,116,104,481
2023-11-11 13:00:00,P0165,Books,3170.61,3127.56,328,0.656,5,1,11,0,113,99,480
2023-11-11 14:00:00,P0065,Clothing,4043.72,4460.3,162,0.324,5,1,11,1,80,73,293
2023-11-11 15:00:00,P0179,Electronics,4833.24,4792.14,299,0.598,5,1,11,0,86,98,338
2023-11-11 16:00:00,P0129,Furniture,2300.25,2517.97,163,0.326,5,1,11,0,102,92,387
2023-11-11 17:00:00,P0021,Furniture,3941.78,4541.1,88,0.176,5,1,11,0,87,76,359
2023-11-11 18:00:00,P0181,Clothing,4589.41,5306.35,14,0.028,5,1,11,0,85,92,321
2023-11-11 19:00:00,P0016,Books,3432.46,3370.1,300,0.6,5,1,11,0,108,112,449
2023-11-11 20:00:00,P0123,Clothing,1251.53,1431.42,121,0.242,5,1,11,0,96,97,375
2023-11-11 21:00:00,P0061,Furniture,3058.88,2571.24,317,0.634,5,1,11,0,97,95,383
2023-11-11 22:00:00,P0054,Clothing,4851.26,4078.59,347,0.694,5,1,11,0,83,88,353
2023-11-11 23:00:00,P0168,Furniture,4938.39,5033.73,177,0.354,5,1,11,0,71,75,275
2023-11-12 00:00:00,P0026,Books,3229.68,3425.84,461,0.922,6,1,11,0,91,89,346
2023-11-12 01:00:00,P0080,Electronics,4440.59,3824.23,268,0.536,6,1,11,0,75,69,321
2023-11-12 02:00:00,P0065,Electronics,1041.73,1030.14,104,0.208,6,1,11,0,146,161,606
2023-11-12 03:00:00,P0100,Clothing,1268.09,1062.34,158,0.316,6,1,11,0,102,92,400
2023-11-12 04:00:00,P0074,Furniture,4766.79,4961.46,4,0.008,6,1,11,0,90,91,360
2023-11-12 05:00:00,P0192,Electronics,719.42,821.6,338,0.676,6,1,11,0,110,116,427
2023-11-12 06:00:00,P0171,Furniture,995.98,1090.65,391,0.782,6,1,11,0,109,114,440
2023-11-12 07:00:00,P0017,Books,2131.72,2027.94,140,0.28,6,1,11,0,106,110,393
2023-11-12 08:00:00,P0121,Clothing,2968.44,3554.76,168,0.336,6,1,11,0,110,115,474
2023-11-12 09:00:00,P0187,Furniture,3038.9,3236.96,16,0.032,6,1,11,0,106,118,429
2023-11-12 10:00:00,P0023,Clothing,1495.28,1683.83,31,0.062,6,1,11,0,103,99,403
2023-11-12 11:00:00,P0135,Furniture,4607.04,4919.76,4,0.008,6,1,11,0,90,93,365
2023-11-12 12:00:00,P0172,Furniture,4579.74,5476.3,381,0.762,6,1,11,0,78,83,291
2023-11-12 13:00:00,P0181,Books,1990.74,2246.64,136,0.272,6,1,11,0,122,125,447
2023-11-12 14:00:00,P0071,Clothing,2199.74,2216.83,106,0.212,6,1,11,0,114,128,460
2023-11-12 15:00:00,P0108,Groceries,3527.36,3339.53,161,0.322,6,1,11,0,80,84,293
2023-11-12 16:00:00,P0079,Furniture,3331.83,3574.59,492,0.984,6,1,11,0,95,93,392
2023-11-12 17:00:00,P0162,Furniture,1942.37,2012.47,256,0.512,6,1,11,0,119,131,505
2023-11-12 18:00:00,P0046,Electronics,2100.51,2209.19,167,0.334,6,1,11,0,114,114,501
2023-11-12 19:00:00,P0196,Clothing,1772.79,1661.47,462,0.924,6,1,11,0,103,104,434
2023-11-12 20:00:00,P0078,Groceries,1215.16,1180.52,437,0.874,6,1,11,0,111,114,486
2023-11-12 21:00:00,P0016,Books,2317.78,2371.64,381,0.762,6,1,11,0,110,104,398
2023-11-12 22:00:00,P0071,Groceries,3447.85,3915.77,287,0.574,6,1,11,0,103,110,417
2023-11-12 23:00:00,P0096,Books,3722.74,4114.24,381,0.762,6,1,11,0,89,78,332
2023-11-13 00:00:00,P0147,Groceries,3905.42,3309.7,481,0.962,0,0,11,0,74,82,281
2023-11-13 01:00:00,P0002,Groceries,1904.92,1711.04,354,0.708,0,0,11,0,92,99,385
2023-11-13 02:00:00,P0010,Clothing,3834.95,3108.85,244,0.488,0,0,11,0,95,91,361
2023-11-13 03:00:00,P0178,Electronics,82.26,66.07,112,0.224,0,0,11,0,92,84,344
2023-11-13 04:00:00,P0125,Groceries,2411.4,2145.54,177,0.354,0,0,11,0,85,82,331
2023-11-13 05:00:00,P0081,Furniture,3979.83,4456.33,442,0.884,0,0,11,0,64,70,235
2023-11-13 06:00:00,P0140,Furniture,3168.72,3681.73,475,0.95,0,0,11,0,91,78,338
2023-11-13 07:00:00,P0070,Furniture,2396.61,2292.85,464,0.928,0,0,11,0,80,79,297
2023-11-13 08:00:00,P0150,Electronics,3240.98,3322.91,189,0.378,0,0,11,0,67,62,253
2023-11-13 09:00:00,P0032,Groceries,4539.38,4913.52,493,0.986,0,0,11,0,59,66,253
2023-11-13 10:00:00,P0105,Books,2853.59,3370.59,10,0.02,0,0,11,0,98,95,376
2023-11-13 11:00:00,P0084,Books,4008.94,4671.11,22,0.044,0,0,11,0,81,86,309
2023-11-13 12:00:00,P0129,Clothing,4904.68,4035.95,118,0.236,0,0,11,0,69,66,255
2023-11-13 13:00:00,P0182,Electronics,3542.56,3185.7,281,0.562,0,0,11,0,80,76,289
2023-11-13 14:00:00,P0058,Groceries,2887.96,2367.14,318,0.636,0,0,11,0,92,87,343
2023-11-13 15:00:00,P0198,Furniture,235.56,246.54,429,0.858,0,0,11,0,110,116,460
2023-11-13 16:00:00,P0146,Electronics,1903.67,2063.95,68,0.136,0,0,11,0,92,105,403
2023-11-13 17:00:00,P0134,Electronics,2848.94,2630.46,345,0.69,0,0,11,0,85,78,357
2023-11-13 18:00:00,P0045,Groceries,3996.17,4561.79,133,0.266,0,0,11,0,90,94,385
2023-11-13 19:00:00,P0097,Clothing,2218.62,2176.74,252,0.504,0,0,11,0,93,86,393
2023-11-13 20:00:00,P0023,Clothing,4802.29,5759.64,50,0.1,0,0,11,0,69,70,265
2023-11-13 21:00:00,P0023,Clothing,1395.38,1116.53,42,0.084,0,0,11,0,93,94,389
2023-11-13 22:00:00,P0154,Furniture,3735.61,3152.09,481,0.962,0,0,11,0,72,71,302
2023-11-13 23:00:00,P0135,Furniture,2124.21,1955.8,425,0.85,0,0,11,0,84,84,320
2023-11-14 00:00:00,P0079,Groceries,2455.64,1989.57,140,0.28,1,0,11,0,90,100,390
2023-11-14 01:00:00,P0044,Clothing,4022.39,4476.66,24,0.048,1,0,11,0,83,73,365
2023-11-14 02:00:00,P0027,Groceries,1516.27,1245.02,385,0.77,1,0,11,0,86,95,348
2023-11-14 03:00:00,P0026,Clothing,529.22,581.93,269,0.538,1,0,11,0,118,117,455
2023-11-14 04:00:00,P0097,Electronics,2625.27,2155.42,400,0.8,1,0,11,0,82,78,319
2023-11-14 05:00:00,P0036,Books,2667.53,2403.69,360,0.72,1,0,11,0,100,90,407
2023-11-14 06:00:00,P0109,Books,3995.98,4541.47,103,0.206,1,0,11,0,87,95,314
2023-11-14 07:00:00,P0055,Clothing,4843.18,5717.07,423,0.846,1,0,11,0,63,65,242
2023-11-14 08:00:00,P0192,Groceries,323.74,312.67,294,0.588,1,0,11,0,92,98,335
2023-11-14 09:00:00,P0185,Furniture,2978.86,3538.81,152,0.304,1,0,11,0,93,88,381
2023-11-14 10:00:00,P0069,Clothing,3422.33,3596.02,474,0.948,1,0,11,0,77,75,314
2023-11-14 11:00:00,P0061,Clothing,4929.72,4763.76,303,0.606,1,0,11,0,61,69,248
2023-11-14 12:00:00,P0130,Furniture,4715.82,5287.0,370,0.74,1,0,11,0,58,66,216
2023-11-14 13:00:00,P0055,Clothing,3576.63,3283.82,471,0.942,1,0,11,0,72,77,314
2023-11-14 14:00:00,P0122,Electronics,2632.86,2386.21,304,0.608,1,0,11,0,87,94,350
2023-11-14 15:00:00,P0097,Furniture,849.54,902.74,160,0.32,1,0,11,0,108,114,437
2023-11-14 16:00:00,P0080,Electronics,1951.67,1866.18,282,0.564,1,0,11,0,92,94,371
2023-11-14 17:00:00,P0087,Books,2946.36,2517.27,44,0.088,1,0,11,0,101,104,406
2023-11-14 18:00:00,P0038,Furniture,3639.74,3009.28,286,0.572,1,0,11,0,72,82,313
2023-11-14 19:00:00,P0119,Furniture,3195.23,3563.12,318,0.636,1,0,11,1,95,102,388
2023-11-14 20:00:00,P0078,Groceries,3584.91,3837.16,367,0.734,1,0,11,0,63,66,251
2023-11-14 21:00:00,P0157,Groceries,2174.3,2097.59,165,0.33,1,0,11,0,87,79,367
2023-11-14 22:00:00,P0154,Furniture,3651.76,4230.53,206,0.412,1,0,11,1,70,80,266
2023-11-14 23:00:00,P0035,Books,761.52,734.37,107,0.214,1,0,11,0,111,112,417
2023-11-15 00:00:00,P0079,Clothing,854.8,926.7,423,0.846,2,0,11,0,100,113,395
2023-11-15 01:00:00,P0067,Groceries,856.02,996.1,441,0.882,2,0,11,0,112,119,405
2023-11-15 02:00:00,P0087,Books,4459.78,5067.59,64,0.128,2,0,11,0,77,66,295
2023-11-15 03:00:00,P0157,Books,426.37,428.26,266,0.532,2,0,11,0,115,116,453
2023-11-15 04:00:00,P0034,Groceries,4017.47,4307.75,398,0.796,2,0,11,0,63,70,256
2023-11-15 05:00:00,P0097,Clothing,1206.18,1164.53,352,0.704,2,0,11,0,82,71,331
2023-11-15 06:00:00,P0169,Groceries,2368.73,2508.2,184,0.368,2,0,11,0,103,114,401
2023-11-15 07:00:00,P0169,Books,4583.99,4139.44,367,0.734,2,0,11,0,73,75,283
2023-11-15 08:00:00,P0151,Electronics,2950.39,2873.38,223,0.446,2,0,11,0,87,75,313
2023-11-15 09:00:00,P0071,Groceries,1090.08,963.43,152,0.304,2,0,11,0,95,91,409
2023-11-15 10:00:00,P0003,Books,1456.25,1187.24,422,0.844,2,0,11,0,113,97,428
2023-11-15 11:00:00,P0058,Groceries,4606.21,4769.34,288,0.576,2,0,11,0,74,63,288
2023-11-15 12:00:00,P0032,Books,2164.36,2479.86,284,0.568,2,0,11,0,84,94,304
2023-11-15 13:00:00,P0031,Clothing,2955.58,2394.7,185,0.37,2,0,11,0,86,92,375
2023-11-15 14:00:00,P0082,Books,2326.66,2043.77,225,0.45,2,0,11,0,77,72,308
2023-11-15 15:00:00,P0043,Furniture,1923.27,1892.64,199,0.398,2,0,11,0,96,85,347
2023-11-15 16:00:00,P0135,Electronics,1155.23,1231.89,10,0.02,2,0,11,0,104,90,395
2023-11-15 17:00:00,P0105,Books,3446.65,2993.39,396,0.792,2,0,11,0,93,105,400
2023-11-15 18:00:00,P0001,Groceries,3605.3,2966.0,324,0.648,2,0,11,0,82,85,320
2023-11-15 19:00:00,P0061,Groceries,1410.68,1421.43,497,0.994,2,0,11,0,66,59,274
2023-11-15 20:00:00,P0014,Books,3955.6,4459.88,466,0.932,2,0,11,0,82,86,335
2023-11-15 21:00:00,P0180,Furniture,4279.95,3484.28,276,0.552,2,0,11,0,75,86,298
2023-11-15 22:00:00,P0006,Books,4607.34,4329.74,2,0.004,2,0,11,1,87,95,371
2023-11-15 23:00:00,P0103,Clothing,848.0,903.46,409,0.818,2,0,11,0,99,97,360
2023-11-16 00:00:00,P0010,Furniture,1554.42,1324.83,416,0.832,3,0,11,0,92,101,398
2023-11-16 01:00:00,P0071,Books,4308.75,3853.65,349,0.698,3,0,11,0,64,69,267
2023-11-16 02:00:00,P0090,Electronics,1032.77,1047.43,277,0.554,3,0,11,0,106,93,455
2023-11-16 03:00:00,P0158,Furniture,67.17,79.35,61,0.122,3,0,11,0,130,147,470
2023-11-16 04:00:00,P0149,Books,4360.6,3989.67,4,0.008,3,0,11,0,64,71,235
2023-11-16 05:00:00,P0126,Electronics,1665.92,1657.61,402,0.804,3,0,11,0,83,85,312
2023-11-16 06:00:00,P0188,Books,2101.76,2017.63,8,0.016,3,0,11,0,87,87,355
2023-11-16 07:00:00,P0097,Clothing,2259.35,2618.49,57,0.114,3,0,11,0,114,105,419
2023-11-16 08:00:00,P0074,Groceries,4248.96,3521.35,279,0.558,3,0,11,0,80,88,348
2023-11-16 09:00:00,P0115,Books,1722.57,1768.15,422,0.844,3,0,11,0,86,84,361
2023-11-16 10:00:00,P0191,Furniture,4466.79,5085.21,459,0.918,3,0,11,0,72,74,306
2023-11-16 11:00:00,P0170,Books,3103.85,3709.87,237,0.474,3,0,11,0,72,65,293
2023-11-16 12:00:00,P0051,Books,2660.07,2871.52,316,0.632,3,0,11,0,87,80,357
2023-11-16 13:00:00,P0192,Books,1661.79,1581.98,126,0.252,3,0,11,0,109,125,412
2023-11-16 14:00:00,P0056,Books,1256.37,1212.06,303,0.606,3,0,11,0,92,92,398
2023-11-16 15:00:00,P0041,Furniture,3139.09,2952.86,236,0.472,3,0,11,0,83,91,342
2023-11-16 16:00:00,P0032,Furniture,2262.13,2355.88,218,0.436,3,0,11,0,96,105,378
2023-11-16 17:00:00,P0015,Books,4557.05,4993.44,177,0.354,3,0,11,0,80,92,344
2023-11-16 18:00:00,P0062,Groceries,2483.61,2800.98,317,0.634,3,0,11,0,73,84,313
2023-11-16 19:00:00,P0155,Books,2583.38,2497.19,489,0.978,3,0,11,0,78,77,281
2023-11-16 20:00:00,P0028,Furniture,2112.78,2295.92,436,0.872,3,0,11,0,77,87,334
2023-11-16 21:00:00,P0064,Clothing,3956.85,4615.62,148,0.296,3,0,11,0,82,79,319
2023-11-16 22:00:00,P0187,Books,2152.95,2515.36,37,0.074,3,0,11,0,95,98,374
2023-11-16 23:00:00,P0186,Books,1383.24,1496.13,117,0.234,3,0,11,0,111,122,407
2023-11-17 00:00:00,P0130,Books,4317.05,4553.46,482,0.964,4,0,11,0,57,64,245
2023-11-17 01:00:00,P0127,Books,3004.3,3042.19,479,0.958,4,0,11,0,73,74,294
2023-11-17 02:00:00,P0036,Electronics,2977.98,2600.61,314,0.628,4,0,11,0,98,96,424
2023-11-17 03:00:00,P0114,Books,3073.57,2610.85,483,0.966,4,0,11,0,74,79,313
2023-11-17 04:00:00,P0199,Furniture,3608.26,3587.64,96,0.192,4,0,11,0,92,91,397
2023-11-17 05:00:00,P0013,Furniture,1599.69,1381.78,426,0.852,4,0,11,0,80,84,349
2023-11-17 06:00:00,P0015,Electronics,217.53,224.23,16,0.032,4,0,11,0,100,109,431
2023-11-17 07:00:00,P0089,Books,4062.44,4299.2,324,0.648,4,0,11,0,82,90,309
2023-11-17 08:00:00,P0188,Groceries,688.08,695.13,427,0.854,4,0,11,0,105,97,384
2023-11-17 09:00:00,P0022,Books,3623.01,2951.2,467,0.934,4,0,11,0,69,70,283
2023-11-17 10:00:00,P0191,Furniture,457.46,376.53,446,0.892,4,0,11,0,115,99,428
2023-11-17 11:00:00,P0074,Clothing,1907.77,1612.71,278,0.556,4,0,11,0,87,95,373
2023-11-17 12:00:00,P0025,Clothing,361.98,311.83,358,0.716,4,0,11,0,94,83,410
2023-11-17 13:00:00,P0101,Groceries,2634.96,3151.29,451,0.902,4,0,11,0,81,90,299
2023-11-17 14:00:00,P0176,Books,3283.02,3078.81,153,0.306,4,0,11,0,82,80,311
2023-11-17 15:00:00,P0171,Electronics,898.59,823.82,93,0.186,4,0,11,0,95,86,390
2023-11-17 16:00:00,P0117,Books,1889.56,1551.15,431,0.862,4,0,11,0,86,94,359
2023-11-17 17:00:00,P0166,Groceries,4654.69,4906.64,174,0.348,4,0,11,0,73,66,293
2023-11-17 18:00:00,P0041,Groceries,2239.83,2376.18,301,0.602,4,0,11,0,96,93,374
2023-11-17 19:00:00,P0173,Groceries,4022.59,3500.38,28,0.056,4,0,11,0,102,104,392
2023-11-17 20:00:00,P0088,Clothing,4639.56,5417.6,33,0.066,4,0,11,0,84,80,347
2023-11-17 21:00:00,P0168,Books,4873.01,5458.73,9,0.018,4,0,11,0,65,59,273
2023-11-17 22:00:00,P0110,Books,4496.69,4011.62,275,0.55,4,0,11,0,89,86,341
2023-11-17 23:00:00,P0120,Electronics,1621.16,1611.98,471,0.942,4,0,11,0,88,79,340
2023-11-18 00:00:00,P0097,Groceries,4814.74,4734.61,289,0.578,5,1,11,0,79,84,313
2023-11-18 01:00:00,P0145,Groceries,4071.36,3824.67,100,0.2,5,1,11,0,84,76,333
2023-11-18 02:00:00,P0057,Furniture,4194.02,4726.89,140,0.28,5,1,11,1,87,87,372
2023-11-18 03:00:00,P0130,Furniture,125.11,105.56,86,0.172,5,1,11,0,132,134,521
2023-11-18 04:00:00,P0096,Clothing,4773.48,4611.78,393,0.786,5,1,11,0,79,90,346
2023-11-18 05:00:00,P0121,Books,3901.55,3789.23,469,0.938,5,1,11,0,87,76,335
2023-11-18 06:00:00,P0062,Electronics,3851.44,3803.26,300,0.6,5,1,11,0,83,94,345
2023-11-18 07:00:00,P0137,Electronics,453.55,519.11,127,0.254,5,1,11,0,143,130,602
2023-11-18 08:00:00,P0068,Groceries,1201.21,1065.79,205,0.41,5,1,11,0,110,121,451
2023-11-18 09:00:00,P0081,Electronics,4813.2,4048.72,88,0.176,5,1,11,1,92,81,358
2023-11-18 10:00:00,P0017,Groceries,2528.35,2647.49,81,0.162,5,1,11,0,100,115,381
2023-11-18 11:00:00,P0117,Books,2019.4,1755.94,211,0.422,5,1,11,0,95,104,388
2023-11-18 12:00:00,P0050,Electronics,4207.71,3492.28,118,0.236,5,1,11,1,85,74,351
2023-11-18 13:00:00,P0112,Groceries,482.34,468.19,347,0.694,5,1,11,0,114,104,434
2023-11-18 14:00:00,P0094,Books,2113.86,1876.81,135,0.27,5,1,11,0,99,100,383
2023-11-18 15:00:00,P0168,Books,1909.72,1803.71,260,0.52,5,1,11,0,103,104,442
2023-11-18 16:00:00,P0186,Groceries,1781.76,1610.51,468,0.936,5,1,11,0,94,98,399
2023-11-18 17:00:00,P0085,Groceries,1573.08,1316.75,275,0.55,5,1,11,0,110,109,412
2023-11-18 18:00:00,P0149,Clothing,1089.87,1116.18,376,0.752,5,1,11,0,116,124,504
2023-11-18 19:00:00,P0146,Books,905.91,734.52,427,0.854,5,1,11,0,109,104,447
2023-11-18 20:00:00,P0183,Groceries,3220.01,3820.7,207,0.414,5,1,11,1,86,78,344
2023-11-18 21:00:00,P0157,Books,4601.0,4308.98,313,0.626,5,1,11,0,75,65,282
2023-11-18 22:00:00,P0152,Electronics,2568.82,2769.35,403,0.806,5,1,11,0,104,99,435
2023-11-18 23:00:00,P0074,Furniture,1524.97,1714.29,242,0.484,5,1,11,0,104,102,451
2023-11-19 00:00:00,P0109,Furniture,837.84,763.81,472,0.944,6,1,11,0,98,103,358
2023-11-19 01:00:00,P0145,Groceries,4159.21,4573.03,454,0.908,6,1,11,1,66,72,265
2023-11-19 02:00:00,P0018,Groceries,4858.89,5504.97,344,0.688,6,1,11,0,70,65,301
2023-11-19 03:00:00,P0042,Books,1778.32,1594.31,99,0.198,6,1,11,0,124,124,541
2023-11-19 04:00:00,P0101,Groceries,1490.2,1783.77,114,0.228,6,1,11,0,108,99,395
2023-11-19 05:00:00,P0045,Books,3027.39,2446.97,329,0.658,6,1,11,0,93,106,394
2023-11-19 06:00:00,P0082,Groceries,3887.88,3447.77,423,0.846,6,1,11,0,78,81,298
2023-11-19 07:00:00,P0017,Books,2304.24,2562.33,15,0.03,6,1,11,0,106,112,428
2023-11-19 08:00:00,P0073,Groceries,3168.86,2781.16,3,0.006,6,1,11,0,116,117,490
2023-11-19 09:00:00,P0014,Clothing,3596.92,3882.17,265,0.53,6,1,11,0,88,82,355
2023-11-19 10:00:00,P0177,Books,4804.93,5488.25,434,0.868,6,1,11,0,64,58,236
2023-11-19 11:00:00,P0157,Clothing,866.93,1026.17,47,0.094,6,1,11,0,107,112,436
2023-11-19 12:00:00,P0132,Clothing,4987.04,4935.67,222,0.444,6,1,11,1,69,78,255
2023-11-19 13:00:00,P0082,Clothing,1991.18,2366.41,203,0.406,6,1,11,0,95,87,368
2023-11-19 14:00:00,P0148,Clothing,3629.84,3501.52,19,0.038,6,1,11,0,106,108,429
2023-11-19 15:00:00,P0120,Electronics,2883.45,2558.34,287,0.574,6,1,11,0,94,95,413
2023-11-19 16:00:00,P0120,Furniture,2459.01,2472.7,193,0.386,6,1,11,0,104,108,435
2023-11-19 17:00:00,P0047,Electronics,3505.47,3715.55,315,0.63,6,1,11,0,87,89,334
2023-11-19 18:00:00,P0107,Groceries,2008.98,1975.2,10,0.02,6,1,11,0,113,105,486
2023-11-19 19:00:00,P0108,Groceries,674.24,692.3,19,0.038,6,1,11,0,142,150,537
2023-11-19 20:00:00,P0009,Furniture,2470.02,2387.43,278,0.556,6,1,11,0,111,103,434
2023-11-19 21:00:00,P0079,Furniture,2633.48,2659.56,382,0.764,6,1,11,0,112,117,461
2023-11-19 22:00:00,P0155,Furniture,1049.42,1239.41,332,0.664,6,1,11,0,103,97,405
2023-11-19 23:00:00,P0015,Clothing,4681.32,4681.0,34,0.068,6,1,11,0,82,72,343
2023-11-20 00:00:00,P0019,Electronics,1176.0,1059.9,400,0.8,0,0,11,0,96,85,396
2023-11-20 01:00:00,P0090,Groceries,2075.68,2290.51,265,0.53,0,0,11,0,106,117,438
2023-11-20 02:00:00,P0180,Electronics,816.9,763.83,231,0.462,0,0,11,0,96,85,378
2023-11-20 03:00:00,P0026,Electronics,2702.19,3043.97,37,0.074,0,0,11,0,102,97,372
2023-11-20 04:00:00,P0154,Electronics,1572.81,1294.01,461,0.922,0,0,11,0,83,78,357
2023-11-20 05:00:00,P0154,Furniture,2471.9,2305.96,82,0.164,0,0,11,0,103,89,377
2023-11-20 06:00:00,P0174,Furniture,1161.85,973.33,31,0.062,0,0,11,1,109,112,433
2023-11-20 07:00:00,P0092,Groceries,316.19,263.74,53,0.106,0,0,11,0,103,112,396
2023-11-20 08:00:00,P0177,Groceries,3907.17,4154.71,224,0.448,0,0,11,0,75,86,288
2023-11-20 09:00:00,P0082,Groceries,3223.38,3075.54,312,0.624,0,0,11,0,85,96,321
2023-11-20 10:00:00,P0181,Electronics,1736.66,1994.71,106,0.212,0,0,11,1,71,61,271
2023-11-20 11:00:00,P0131,Furniture,285.1,286.97,472,0.944,0,0,11,0,108,100,471
2023-11-20 12:00:00,P0194,Clothing,4334.6,3979.76,24,0.048,0,0,11,0,66,64,289
2023-11-20 13:00:00,P0042,Electronics,890.49,969.17,397,0.794,0,0,11,0,95,106,385
2023-11-20 14:00:00,P0019,Books,4657.17,4888.2,44,0.088,0,0,11,1,73,70,293
2023-11-20 15:00:00,P0017,Electronics,2419.05,2708.94,427,0.854,0,0,11,0,60,61,218
2023-11-20 16:00:00,P0161,Furniture,1734.91,1834.56,117,0.234,0,0,11,0,93,97,395
2023-11-20 17:00:00,P0076,Books,3721.71,3226.0,293,0.586,0,0,11,0,79,74,295
2023-11-20 18:00:00,P0177,Electronics,4390.36,4689.45,124,0.248,0,0,11,1,89,91,331
2023-11-20 19:00:00,P0184,Furniture,1885.03,1803.26,35,0.07,0,0,11,0,109,94,429
2023-11-20 20:00:00,P0063,Furniture,2066.35,2035.89,343,0.686,0,0,11,0,97,96,376
2023-11-20 21:00:00,P0131,Clothing,2194.13,2564.12,488,0.976,0,0,11,0,65,63,239
2023-11-20 22:00:00,P0107,Electronics,4615.5,4356.97,379,0.758,0,0,11,0,64,61,238
2023-11-20 23:00:00,P0049,Furniture,3478.19,3633.96,422,0.844,0,0,11,1,88,81,387
2023-11-21 00:00:00,P0055,Groceries,1275.85,1206.18,166,0.332,1,0,11,0,112,123,469
2023-11-21 01:00:00,P0154,Furniture,965.75,809.19,268,0.536,1,0,11,0,96,107,392
2023-11-21 02:00:00,P0099,Clothing,1190.32,1168.19,193,0.386,1,0,11,0,103,115,396
2023-11-21 03:00:00,P0200,Furniture,1354.64,1407.23,417,0.834,1,0,11,0,101,98,398
2023-11-21 04:00:00,P0052,Electronics,1189.41,1145.4,123,0.246,1,0,11,0,114,106,468
2023-11-21 05:00:00,P0100,Electronics,3309.61,3164.87,270,0.54,1,0,11,0,79,69,334
2023-11-21 06:00:00,P0117,Books,623.87,703.82,57,0.114,1,0,11,0,109,115,475
2023-11-21 07:00:00,P0118,Electronics,1967.42,1597.3,367,0.734,1,0,11,0,93,88,344
2023-11-21 08:00:00,P0007,Books,3144.02,2886.95,58,0.116,1,0,11,1,97,91,364
2023-11-21 09:00:00,P0046,Groceries,1489.76,1675.54,449,0.898,1,0,11,0,86,83,349
2023-11-21 10:00:00,P0046,Clothing,373.11,435.87,307,0.614,1,0,11,0,85,86,370
2023-11-21 11:00:00,P0100,Groceries,455.03,439.07,216,0.432,1,0,11,0,106,95,420
2023-11-21 12:00:00,P0144,Books,673.54,778.29,68,0.136,1,0,11,0,97,110,398
2023-11-21 13:00:00,P0152,Furniture,4187.42,3683.14,481,0.962,1,0,11,0,80,86,307
2023-11-21 14:00:00,P0189,Furniture,3306.42,2937.99,243,0.486,1,0,11,0,73,63,310
2023-11-21 15:00:00,P0054,Groceries,369.39,420.54,102,0.204,1,0,11,0,111,105,453
2023-11-21 16:00:00,P0062,Furniture,1985.79,2306.1,4,0.008,1,0,11,0,94,81,367
2023-11-21 17:00:00,P0129,Books,1429.0,1270.56,298,0.596,1,0,11,1,91,84,367
2023-11-21 18:00:00,P0049,Clothing,2911.3,2398.12,263,0.526,1,0,11,0,91,85,378
2023-11-21 19:00:00,P0025,Electronics,2637.89,2205.62,240,0.48,1,0,11,0,96,102,362
2023-11-21 20:00:00,P0010,Books,2431.56,2199.47,333,0.666,1,0,11,0,92,98,356
2023-11-21 21:00:00,P0118,Books,1606.84,1774.88,348,0.696,1,0,11,0,101,87,384
2023-11-21 22:00:00,P0144,Electronics,732.11,735.04,221,0.442,1,0,11,1,99,102,432
2023-11-21 23:00:00,P0186,Electronics,3724.76,3658.59,318,0.636,1,0,11,0,67,76,244
2023-11-22 00:00:00,P0200,Clothing,4405.29,4553.55,228,0.456,2,0,11,0,66,69,241
2023-11-22 01:00:00,P0157,Clothing,4723.55,5460.85,451,0.902,2,0,11,0,66,75,256
2023-11-22 02:00:00,P0092,Clothing,340.16,284.43,418,0.836,2,0,11,0,113,109,455
2023-11-22 03:00:00,P0134,Furniture,3712.55,4001.72,454,0.908,2,0,11,0,63,62,243
2023-11-22 04:00:00,P0144,Books,3646.19,4268.65,473,0.946,2,0,11,1,69,69,296
2023-11-22 05:00:00,P0148,Electronics,4738.19,4194.91,31,0.062,2,0,11,0,72,81,269
2023-11-22 06:00:00,P0080,Books,1301.93,1477.83,490,0.98,2,0,11,0,83,80,323
2023-11-22 07:00:00,P0071,Books,3723.79,4018.75,352,0.704,2,0,11,0,79,90,315
2023-11-22 08:00:00,P0078,Clothing,320.4,258.17,373,0.746,2,0,11,0,113,114,425
2023-11-22 09:00:00,P0043,Clothing,3174.67,2833.85,23,0.046,2,0,11,0,111,102,425
2023-11-22 10:00:00,P0154,Books,1786.7,1862.35,305,0.61,2,0,11,0,111,98,484
2023-11-22 11:00:00,P0090,Clothing,3856.1,3859.8,373,0.746,2,0,11,0,78,70,313
2023-11-22 12:00:00,P0078,Furniture,4323.36,4371.67,186,0.372,2,0,11,0,70,60,301
2023-11-22 13:00:00,P0199,Electronics,1855.86,1656.86,448,0.896,2,0,11,0,93,98,355
2023-11-22 14:00:00,P0161,Books,2651.65,2837.27,476,0.952,2,0,11,0,64,64,262
2023-11-22 15:00:00,P0026,Electronics,631.15,572.18,127,0.254,2,0,11,0,116,124,488
2023-11-22 16:00:00,P0121,Furniture,2113.69,2020.21,111,0.222,2,0,11,1,100,108,394
2023-11-22 17:00:00,P0045,Clothing,1835.96,1739.69,492,0.984,2,0,11,0,86,97,353
2023-11-22 18:00:00,P0063,Groceries,956.46,1022.27,293,0.586,2,0,11,0,92,81,395
2023-11-22 19:00:00,P0195,Furniture,4477.67,3743.78,421,0.842,2,0,11,0,71,64,264
2023-11-22 20:00:00,P0180,Groceries,783.03,690.8,148,0.296,2,0,11,0,96,97,373
2023-11-22 21:00:00,P0068,Electronics,3196.91,2813.92,150,0.3,2,0,11,0,94,84,400
2023-11-22 22:00:00,P0154,Books,4456.21,3758.23,173,0.346,2,0,11,0,77,68,291
2023-11-22 23:00:00,P0002,Clothing,4564.24,4030.4,196,0.392,2,0,11,1,74,78,299
2023-11-23 00:00:00,P0142,Furniture,3976.54,4146.83,254,0.508,3,0,11,1,68,73,269
2023-11-23 01:00:00,P0108,Clothing,921.9,1007.51,413,0.826,3,0,11,0,90,99,372
2023-11-23 02:00:00,P0030,Groceries,4096.29,4358.95,167,0.334,3,0,11,0,65,73,269
2023-11-23 03:00:00,P0049,Groceries,1419.0,1404.92,81,0.162,3,0,11,0,112,110,455
2023-11-23 04:00:00,P0140,Books,4615.87,3789.51,69,0.138,3,0,11,0,74,85,322
2023-11-23 05:00:00,P0044,Groceries,3559.98,4213.6,324,0.648,3,0,11,0,72,62,269
2023-11-23 06:00:00,P0161,Books,3937.07,3414.35,425,0.85,3,0,11,0,70,78,299
2023-11-23 07:00:00,P0013,Furniture,470.91,502.63,401,0.802,3,0,11,0,111,105,443
2023-11-23 08:00:00,P0078,Books,2934.69,3419.37,442,0.884,3,0,11,0,69,78,285
2023-11-23 09:00:00,P0126,Groceries,4114.65,4440.16,12,0.024,3,0,11,0,77,71,294
2023-11-23 10:00:00,P0098,Electronics,4314.87,3828.24,118,0.236,3,0,11,1,64,69,235
2023-11-23 11:00:00,P0026,Books,191.73,177.6,211,0.422,3,0,11,0,98,96,414
2023-11-23 12:00:00,P0149,Clothing,4698.84,3815.85,101,0.202,3,0,11,0,71,68,270
2023-11-23 13:00:00,P0156,Electronics,264.53,276.46,276,0.552,3,0,11,0,118,102,462
2023-11-23 14:00:00,P0048,Books,3091.87,3231.61,195,0.39,3,0,11,0,90,96,327
2023-11-23 15:00:00,P0168,Clothing,3482.27,3796.37,76,0.152,3,0,11,0,93,84,383
2023-11-23 16:00:00,P0066,Electronics,581.36,467.65,337,0.674,3,0,11,0,108,107,448
2023-11-23 17:00:00,P0087,Books,287.66,324.23,332,0.664,3,0,11,0,94,84,406
2023-11-23 18:00:00,P0079,Furniture,3935.32,4311.08,204,0.408,3,0,11,0,90,93,388
2023-11-23 19:00:00,P0023,Clothing,1954.12,1673.42,486,0.972,3,0,11,0,91,84,379
2023-11-23 20:00:00,P0081,Furniture,580.21,544.85,228,0.456,3,0,11,0,125,129,482
2023-11-23 21:00:00,P0048,Groceries,3825.21,4037.16,188,0.376,3,0,11,0,91,103,355
2023-11-23 22:00:00,P0124,Books,4253.36,4246.21,98,0.196,3,0,11,0,76,86,297
2023-11-23 23:00:00,P0130,Books,2957.56,2502.21,421,0.842,3,0,11,0,75,68,278
2023-11-24 00:00:00,P0084,Clothing,848.12,708.13,423,0.846,4,0,11,0,75,66,327
2023-11-24 01:00:00,P0020,Books,125.35,139.46,410,0.82,4,0,11,0,104,90,442
2023-11-24 02:00:00,P0187,Groceries,3518.97,3034.71,441,0.882,4,0,11,0,73,80,271
2023-11-24 03:00:00,P0046,Books,2773.19,2409.45,217,0.434,4,0,11,0,81,75,353
2023-11-24 04:00:00,P0131,Electronics,3271.45,3704.49,459,0.918,4,0,11,0,71,66,303
2023-11-24 05:00:00,P0183,Furniture,4075.26,4258.06,193,0.386,4,0,11,0,80,73,347
2023-11-24 06:00:00,P0012,Groceries,2199.43,2291.56,42,0.084,4,0,11,0,79,87,302
2023-11-24 07:00:00,P0040,Groceries,666.35,660.84,377,0.754,4,0,11,0,112,128,433
2023-11-24 08:00:00,P0066,Furniture,4702.92,4832.71,123,0.246,4,0,11,0,78,84,310
2023-11-24 09:00:00,P0100,Furniture,2749.05,2860.96,19,0.038,4,0,11,0,90,99,340
2023-11-24 10:00:00,P0078,Groceries,3095.71,3675.01,418,0.836,4,0,11,0,77,80,306
2023-11-24 11:00:00,P0016,Furniture,4670.39,4152.86,310,0.62,4,0,11,0,70,71,253
2023-11-24 12:00:00,P0083,Clothing,4661.34,4129.13,329,0.658,4,0,11,0,72,77,310
2023-11-24 13:00:00,P0162,Furniture,2881.87,2371.45,327,0.654,4,0,11,0,99,85,369
2023-11-24 14:00:00,P0044,Electronics,1523.18,1619.57,167,0.334,4,0,11,0,94,82,376
2023-11-24 15:00:00,P0134,Electronics,4985.71,5083.51,45,0.09,4,0,11,0,81,86,352
2023-11-24 16:00:00,P0192,Clothing,3420.04,2888.21,483,0.966,4,0,11,0,72,68,306
2023-11-24 17:00:00,P0100,Furniture,2071.76,1959.5,222,0.444,4,0,11,0,89,89,376
2023-11-24 18:00:00,P0022,Electronics,2821.19,2458.57,78,0.156,4,0,11,1,88,95,359
2023-11-24 19:00:00,P0018,Books,2108.38,1966.26,169,0.338,4,0,11,0,104,106,411
2023-11-24 20:00:00,P0012,Furniture,4447.11,5249.84,401,0.802,4,0,11,0,63,69,249
2023-11-24 21:00:00,P0180,Clothing,2438.37,2617.17,245,0.49,4,0,11,0,90,88,330
2023-11-24 22:00:00,P0123,Furniture,4126.47,3313.67,270,0.54,4,0,11,0,69,65,252
2023-11-24 23:00:00,P0117,Groceries,4208.87,3792.21,466,0.932,4,0,11,0,64,59,274
2023-11-25 00:00:00,P0051,Groceries,4130.45,3321.48,471,0.942,5,1,11,0,88,78,346
2023-11-25 01:00:00,P0071,Electronics,3624.83,3936.37,98,0.196,5,1,11,0,95,82,346
2023-11-25 02:00:00,P0048,Groceries,4281.64,4229.27,321,0.642,5,1,11,0,76,66,314
2023-11-25 03:00:00,P0019,Clothing,1966.79,2355.44,140,0.28,5,1,11,1,106,99,440
2023-11-25 04:00:00,P0006,Electronics,617.58,675.28,108,0.216,5,1,11,0,130,121,492
2023-11-25 05:00:00,P0084,Clothing,4220.15,4250.39,312,0.624,5,1,11,0,81,78,318
2023-11-25 06:00:00,P0155,Clothing,2515.93,2822.58,136,0.272,5,1,11,0,105,108,426
2023-11-25 07:00:00,P0053,Groceries,680.51,736.26,120,0.24,5,1,11,0,122,131,497
2023-11-25 08:00:00,P0107,Groceries,620.8,557.17,98,0.196,5,1,11,0,140,127,561
2023-11-25 09:00:00,P0101,Clothing,838.25,848.4,65,0.13,5,1,11,0,133,143,518
2023-11-25 10:00:00,P0048,Groceries,3767.32,3851.71,493,0.986,5,1,11,0,79,70,289
2023-11-25 11:00:00,P0135,Groceries,3568.74,3499.12,143,0.286,5,1,11,0,95,109,344
2023-11-25 12:00:00,P0187,Groceries,1058.9,923.02,109,0.218,5,1,11,0,112,105,444
2023-11-25 13:00:00,P0069,Furniture,4242.27,3772.85,483,0.966,5,1,11,0,76,84,286
2023-11-25 14:00:00,P0011,Clothing,1442.41,1316.08,129,0.258,5,1,11,0,109,99,474
2023-11-25 15:00:00,P0143,Books,3975.28,3196.53,399,0.798,5,1,11,0,83,94,341
2023-11-25 16:00:00,P0192,Clothing,2469.59,2881.46,327,0.654,5,1,11,0,98,108,399
2023-11-25 17:00:00,P0131,Electronics,3671.17,3944.45,256,0.512,5,1,11,1,87,83,341
2023-11-25 18:00:00,P0122,Groceries,1937.87,2084.85,209,0.418,5,1,11,0,110,107,425
2023-11-25 19:00:00,P0069,Groceries,1768.35,1819.51,245,0.49,5,1,11,1,112,95,419
2023-11-25 20:00:00,P0023,Books,4214.73,4533.89,360,0.72,5,1,11,0,89,82,325
2023-11-25 21:00:00,P0181,Electronics,224.75,268.07,153,0.306,5,1,11,0,139,130,571
2023-11-25 22:00:00,P0037,Furniture,4874.95,4651.01,427,0.854,5,1,11,0,79,78,334
2023-11-25 23:00:00,P0009,Clothing,3258.49,3535.49,132,0.264,5,1,11,0,94,84,403
2023-11-26 00:00:00,P0015,Furniture,2190.79,2067.69,20,0.04,6,1,11,0,116,115,485
2023-11-26 01:00:00,P0131,Electronics,3158.87,3606.53,34,0.068,6,1,11,0,120,126,518
2023-11-26 02:00:00,P0093,Books,657.57,751.74,359,0.718,6,1,11,0,114,110,500
2023-11-26 03:00:00,P0198,Electronics,2594.56,3012.04,475,0.95,6,1,11,0,93,86,406
2023-11-26 04:00:00,P0017,Books,4926.22,3951.74,309,0.618,6,1,11,0,76,77,310
2023-11-26 05:00:00,P0154,Furniture,1214.58,1116.53,473,0.946,6,1,11,1,104,89,393
2023-11-26 06:00:00,P0149,Furniture,3625.28,3094.43,223,0.446,6,1,11,0,102,97,376
2023-11-26 07:00:00,P0072,Electronics,2203.11,2162.56,123,0.246,6,1,11,0,104,105,457
2023-11-26 08:00:00,P0149,Electronics,3279.67,3273.7,239,0.478,6,1,11,0,104,99,400
2023-11-26 09:00:00,P0121,Groceries,1064.19,960.28,433,0.866,6,1,11,0,116,111,421
2023-11-26 10:00:00,P0011,Books,2378.8,2591.41,363,0.726,6,1,11,1,98,108,383
2023-11-26 11:00:00,P0166,Groceries,4901.46,4450.07,299,0.598,6,1,11,0,72,81,302
2023-11-26 12:00:00,P0072,Clothing,1016.67,1160.59,340,0.68,6,1,11,0,112,123,483
2023-11-26 13:00:00,P0106,Clothing,3200.4,2787.75,3,0.006,6,1,11,0,114,100,454
2023-11-26 14:00:00,P0125,Electronics,2899.21,2745.24,122,0.244,6,1,11,0,113,106,433
2023-11-26 15:00:00,P0035,Furniture,2847.01,2986.21,41,0.082,6,1,11,0,114,121,481
2023-11-26 16:00:00,P0119,Clothing,3094.86,3225.26,168,0.336,6,1,11,0,97,111,388
2023-11-26 17:00:00,P0014,Clothing,2536.08,2108.02,419,0.838,6,1,11,0,95,88,349
2023-11-26 18:00:00,P0014,Groceries,133.81,152.34,279,0.558,6,1,11,1,132,148,569
2023-11-26 19:00:00,P0010,Groceries,4505.48,4682.21,224,0.448,6,1,11,1,80,86,330
2023-11-26 20:00:00,P0140,Clothing,4143.55,4756.56,388,0.776,6,1,11,0,87,100,316
2023-11-26 21:00:00,P0038,Electronics,912.13,1046.26,184,0.368,6,1,11,0,122,107,440
2023-11-26 22:00:00,P0108,Groceries,2095.7,2134.19,322,0.644,6,1,11,0,113,109,415
2023-11-26 23:00:00,P0119,Clothing,3864.22,4499.16,10,0.02,6,1,11,0,82,81,349
2023-11-27 00:00:00,P0034,Furniture,4901.31,5584.37,172,0.344,0,0,11,0,65,68,259
2023-11-27 01:00:00,P0169,Groceries,4758.13,5630.05,95,0.19,0,0,11,0,70,73,271
2023-11-27 02:00:00,P0010,Clothing,4501.83,5132.98,277,0.554,0,0,11,0,73,82,277
2023-11-27 03:00:00,P0122,Books,833.95,941.1,138,0.276,0,0,11,0,103,113,413
2023-11-27 04:00:00,P0145,Groceries,4576.65,4520.56,165,0.33,0,0,11,0,88,76,323
2023-11-27 05:00:00,P0145,Books,4398.3,3891.67,186,0.372,0,0,11,0,64,64,262
2023-11-27 06:00:00,P0195,Groceries,1915.9,2230.65,85,0.17,0,0,11,0,109,106,426
2023-11-27 07:00:00,P0190,Groceries,2002.89,2181.19,387,0.774,0,0,11,0,99,114,424
2023-11-27 08:00:00,P0115,Books,2326.55,2123.44,230,0.46,0,0,11,0,95,93,399
2023-11-27 09:00:00,P0001,Electronics,3298.07,3088.31,450,0.9,0,0,11,0,73,77,264
2023-11-27 10:00:00,P0012,Clothing,1341.14,1440.96,137,0.274,0,0,11,0,102,95,381
2023-11-27 11:00:00,P0103,Electronics,163.59,162.14,484,0.968,0,0,11,0,107,111,426
2023-11-27 12:00:00,P0004,Electronics,749.09,623.69,18,0.036,0,0,11,0,94,86,388
2023-11-27 13:00:00,P0170,Clothing,2228.57,1908.95,337,0.674,0,0,11,0,82,85,342
2023-11-27 14:00:00,P0141,Furniture,1445.91,1587.98,155,0.31,0,0,11,0,95,105,404
2023-11-27 15:00:00,P0098,Electronics,3834.36,3571.43,94,0.188,0,0,11,0,85,73,309
2023-11-27 16:00:00,P0106,Electronics,578.12,579.89,16,0.032,0,0,11,0,126,126,455
2023-11-27 17:00:00,P0085,Electronics,4591.45,5081.12,279,0.558,0,0,11,0,83,95,339
2023-11-27 18:00:00,P0121,Furniture,4481.87,4932.16,384,0.768,0,0,11,0,55,49,230
2023-11-27 19:00:00,P0132,Groceries,4548.35,3942.54,260,0.52,0,0,11,0,63,57,266
2023-11-27 20:00:00,P0082,Books,3711.07,3114.91,159,0.318,0,0,11,0,77,76,287
2023-11-27 21:00:00,P0197,Books,579.65,600.78,308,0.616,0,0,11,1,108,120,472
2023-11-27 22:00:00,P0019,Furniture,2218.78,2433.23,80,0.16,0,0,11,0,103,105,390
2023-11-27 23:00:00,P0130,Electronics,700.46,602.13,184,0.368,0,0,11,0,94,94,357
2023-11-28 00:00:00,P0012,Books,4939.11,4686.14,212,0.424,1,0,11,0,70,61,261
2023-11-28 01:00:00,P0081,Furniture,1698.54,1950.11,488,0.976,1,0,11,0,65,74,236
2023-11-28 02:00:00,P0074,Clothing,2947.39,3471.11,426,0.852,1,0,11,0,81,77,344
2023-11-28 03:00:00,P0098,Books,3908.0,3836.2,341,0.682,1,0,11,0,73,68,263
2023-11-28 04:00:00,P0006,Clothing,4607.05,3832.17,358,0.716,1,0,11,0,66,64,262
2023-11-28 05:00:00,P0136,Electronics,3789.96,3422.63,166,0.332,1,0,11,0,76,74,279
2023-11-28 06:00:00,P0125,Books,3388.79,3026.83,417,0.834,1,0,11,0,75,74,273
2023-11-28 07:00:00,P0051,Furniture,2356.61,2110.55,205,0.41,1,0,11,0,94,99,409
2023-11-28 08:00:00,P0011,Groceries,3046.73,3039.27,335,0.67,1,0,11,0,94,104,400
2023-11-28 09:00:00,P0191,Books,516.11,533.29,260,0.52,1,0,11,0,92,80,360
2023-11-28 10:00:00,P0185,Books,4425.42,3757.2,273,0.546,1,0,11,0,69,69,274
2023-11-28 11:00:00,P0127,Books,2741.7,3168.7,387,0.774,1,0,11,0,86,84,369
2023-11-28 12:00:00,P0140,Books,248.67,260.6,235,0.47,1,0,11,0,108,92,458
2023-11-28 13:00:00,P0073,Furniture,4603.52,4782.6,242,0.484,1,0,11,0,71,78,295
2023-11-28 14:00:00,P0002,Furniture,2472.04,2953.87,219,0.438,1,0,11,0,84,74,338
2023-11-28 15:00:00,P0008,Groceries,4349.52,4572.47,364,0.728,1,0,11,0,74,65,302
2023-11-28 16:00:00,P0139,Furniture,4291.6,5027.97,346,0.692,1,0,11,0,55,48,215
2023-11-28 17:00:00,P0124,Furniture,4087.97,3738.46,69,0.138,1,0,11,0,71,65,286
2023-11-28 18:00:00,P0053,Electronics,353.94,317.15,394,0.788,1,0,11,0,121,109,488
2023-11-28 19:00:00,P0010,Electronics,1272.98,1281.39,430,0.86,1,0,11,0,81,77,348
2023-11-28 20:00:00,P0112,Clothing,4383.96,4399.06,212,0.424,1,0,11,0,66,69,249
2023-11-28 21:00:00,P0008,Groceries,4500.01,4007.68,336,0.672,1,0,11,0,63,55,239
2023-11-28 22:00:00,P0036,Electronics,2317.44,2502.52,286,0.572,1,0,11,0,84,93,317
2023-11-28 23:00:00,P0106,Groceries,2228.21,1808.98,225,0.45,1,0,11,0,91,86,370
2023-11-29 00:00:00,P0014,Groceries,916.95,986.87,268,0.536,2,0,11,0,112,116,465
2023-11-29 01:00:00,P0182,Books,4843.63,4760.66,278,0.556,2,0,11,0,70,60,265
2023-11-29 02:00:00,P0086,Groceries,1105.04,1188.58,248,0.496,2,0,11,0,98,94,406
2023-11-29 03:00:00,P0149,Books,995.14,986.02,320,0.64,2,0,11,0,116,99,476
2023-11-29 04:00:00,P0050,Clothing,3320.61,3954.63,195,0.39,2,0,11,0,79,71,305
2023-11-29 05:00:00,P0167,Clothing,1252.08,1169.28,29,0.058,2,0,11,0,108,106,409
2023-11-29 06:00:00,P0020,Clothing,4696.92,5603.56,414,0.828,2,0,11,0,65,66,280
2023-11-29 07:00:00,P0087,Books,103.99,85.89,302,0.604,2,0,11,1,116,104,470
2023-11-29 08:00:00,P0135,Books,78.48,84.25,399,0.798,2,0,11,0,91,98,379
2023-11-29 09:00:00,P0137,Clothing,2549.14,2502.46,426,0.852,2,0,11,0,74,67,321
2023-11-29 10:00:00,P0129,Books,2465.91,2783.65,130,0.26,2,0,11,0,101,89,380
2023-11-29 11:00:00,P0154,Furniture,858.65,958.12,11,0.022,2,0,11,0,131,124,508
2023-11-29 12:00:00,P0166,Furniture,2497.87,2797.82,459,0.918,2,0,11,0,78,79,308
2023-11-29 13:00:00,P0038,Books,2087.72,1749.29,394,0.788,2,0,11,0,76,87,288
2023-11-29 14:00:00,P0189,Books,4457.13,5031.86,15,0.03,2,0,11,0,68,66,291
2023-11-29 15:00:00,P0044,Electronics,95.81,84.85,412,0.824,2,0,11,0,113,110,414
2023-11-29 16:00:00,P0086,Electronics,4882.54,3956.19,116,0.232,2,0,11,0,58,50,220
2023-11-29 17:00:00,P0044,Groceries,3140.74,2786.14,148,0.296,2,0,11,0,86,93,323
2023-11-29 18:00:00,P0074,Groceries,801.63,794.99,108,0.216,2,0,11,0,106,96,462
2023-11-29 19:00:00,P0119,Groceries,281.46,308.72,235,0.47,2,0,11,1,101,108,414
2023-11-29 20:00:00,P0190,Clothing,2713.62,2408.21,489,0.978,2,0,11,0,72,81,300
2023-11-29 21:00:00,P0122,Furniture,1212.71,1024.99,313,0.626,2,0,11,1,104,112,383
2023-11-29 22:00:00,P0134,Clothing,1540.77,1630.73,426,0.852,2,0,11,0,97,101,364
2023-11-29 23:00:00,P0145,Books,1263.4,1507.94,497,0.994,2,0,11,0,101,104,429
2023-11-30 00:00:00,P0051,Electronics,3268.35,3400.22,4,0.008,3,0,11,0,93,92,377
2023-11-30 01:00:00,P0038,Books,2789.97,3003.19,179,0.358,3,0,11,0,88,79,320
2023-11-30 02:00:00,P0152,Books,435.97,446.64,396,0.792,3,0,11,0,102,111,413
2023-11-30 03:00:00,P0051,Electronics,2656.31,2956.31,336,0.672,3,0,11,0,92,91,366
2023-11-30 04:00:00,P0010,Books,3966.39,4721.28,395,0.79,3,0,11,0,59,61,220
2023-11-30 05:00:00,P0120,Groceries,451.91,459.89,464,0.928,3,0,11,0,102,98,416
2023-11-30 06:00:00,P0200,Electronics,4454.21,4305.96,0,0.0,3,0,11,0,73,66,273
2023-11-30 07:00:00,P0149,Books,2912.62,3332.44,7,0.014,3,0,11,0,95,104,404
2023-11-30 08:00:00,P0070,Groceries,4755.59,5649.12,143,0.286,3,0,11,0,64,61,262
2023-11-30 09:00:00,P0085,Groceries,783.3,667.12,142,0.284,3,0,11,0,116,129,498
2023-11-30 10:00:00,P0057,Furniture,4968.15,5123.5,274,0.548,3,0,11,0,70,80,276
2023-11-30 11:00:00,P0126,Groceries,3239.15,3618.08,152,0.304,3,0,11,0,78,86,313
2023-11-30 12:00:00,P0039,Clothing,2859.1,2897.23,286,0.572,3,0,11,0,80,71,337
2023-11-30 13:00:00,P0033,Electronics,2600.63,2506.17,489,0.978,3,0,11,0,75,83,303
2023-11-30 14:00:00,P0187,Electronics,167.09,177.46,129,0.258,3,0,11,0,114,115,463
2023-11-30 15:00:00,P0018,Electronics,4701.21,4268.94,120,0.24,3,0,11,0,86,79,348
2023-11-30 16:00:00,P0184,Books,3237.77,3042.38,58,0.116,3,0,11,0,71,62,284
2023-11-30 17:00:00,P0057,Books,503.55,602.7,216,0.432,3,0,11,0,110,103,467
2023-11-30 18:00:00,P0096,Clothing,153.71,162.1,30,0.06,3,0,11,0,122,109,487
2023-11-30 19:00:00,P0048,Groceries,301.38,346.34,451,0.902,3,0,11,0,94,81,406
2023-11-30 20:00:00,P0042,Books,3066.51,3444.02,451,0.902,3,0,11,0,64,73,272
2023-11-30 21:00:00,P0027,Groceries,3089.38,3277.55,243,0.486,3,0,11,0,81,89,336
2023-11-30 22:00:00,P0074,Groceries,2523.35,2867.26,139,0.278,3,0,11,1,80,86,346
2023-11-30 23:00:00,P0110,Books,1568.49,1434.95,400,0.8,3,0,11,0,96,87,387
2023-12-01 00:00:00,P0180,Books,2682.13,2829.24,212,0.424,4,0,12,0,75,64,319
2023-12-01 01:00:00,P0170,Clothing,2605.69,2700.12,28,0.056,4,0,12,0,94,94,357
2023-12-01 02:00:00,P0032,Furniture,146.11,153.26,469,0.938,4,0,12,1,92,99,337
2023-12-01 03:00:00,P0026,Electronics,1448.22,1256.26,163,0.326,4,0,12,1,112,128,465
2023-12-01 04:00:00,P0025,Books,313.27,285.36,103,0.206,4,0,12,0,131,145,503
2023-12-01 05:00:00,P0075,Books,4505.77,4121.26,463,0.926,4,0,12,0,63,70,259
2023-12-01 06:00:00,P0023,Groceries,3639.85,3788.28,62,0.124,4,0,12,0,75,69,275
2023-12-01 07:00:00,P0057,Furniture,4980.77,5922.23,14,0.028,4,0,12,0,84,75,367
2023-12-01 08:00:00,P0180,Books,1545.75,1826.5,285,0.57,4,0,12,0,94,87,377
2023-12-01 09:00:00,P0126,Furniture,4398.5,3918.52,493,0.986,4,0,12,0,67,60,242
2023-12-01 10:00:00,P0087,Electronics,3035.12,2798.19,178,0.356,4,0,12,0,84,92,334
2023-12-01 11:00:00,P0031,Groceries,2292.97,1867.45,10,0.02,4,0,12,0,96,108,406
2023-12-01 12:00:00,P0064,Clothing,1151.74,1105.12,440,0.88,4,0,12,0,88,83,378
2023-12-01 13:00:00,P0199,Electronics,3705.04,4201.03,12,0.024,4,0,12,0,68,76,270
2023-12-01 14:00:00,P0033,Furniture,4525.5,5278.09,214,0.428,4,0,12,0,84,73,311
2023-12-01 15:00:00,P0002,Furniture,1214.78,1086.74,487,0.974,4,0,12,1,93,98,402
2023-12-01 16:00:00,P0018,Electronics,918.18,832.16,310,0.62,4,0,12,0,99,100,434
2023-12-01 17:00:00,P0175,Furniture,3496.3,3105.9,488,0.976,4,0,12,0,79,74,288
2023-12-01 18:00:00,P0161,Clothing,4886.02,4593.06,225,0.45,4,0,12,0,64,69,234
2023-12-01 19:00:00,P0084,Clothing,3762.28,4220.92,62,0.124,4,0,12,0,85,78,344
2023-12-01 20:00:00,P0035,Furniture,1458.67,1544.36,254,0.508,4,0,12,0,90,88,362
2023-12-01 21:00:00,P0179,Furniture,2128.78,2372.26,467,0.934,4,0,12,1,81,86,330
2023-12-01 22:00:00,P0114,Clothing,1952.37,2017.21,129,0.258,4,0,12,0,103,98,397
2023-12-01 23:00:00,P0146,Furniture,4267.87,3854.28,455,0.91,4,0,12,0,69,76,251
2023-12-02 00:00:00,P0110,Books,3868.29,3447.41,465,0.93,5,1,12,0,78,87,317
2023-12-02 01:00:00,P0088,Groceries,2965.43,2383.02,439,0.878,5,1,12,0,96,87,357
2023-12-02 02:00:00,P0072,Books,1411.05,1569.64,262,0.524,5,1,12,0,103,101,399
2023-12-02 03:00:00,P0125,Furniture,4693.04,5344.66,170,0.34,5,1,12,0,74,72,301
2023-12-02 04:00:00,P0030,Furniture,3283.91,3636.32,414,0.828,5,1,12,0,84,82,316
2023-12-02 05:00:00,P0172,Groceries,4853.86,4027.54,444,0.888,5,1,12,0,70,70,282
2023-12-02 06:00:00,P0053,Furniture,2921.58,3228.02,405,0.81,5,1,12,0,88,77,367
2023-12-02 07:00:00,P0138,Groceries,4114.9,3367.25,189,0.378,5,1,12,0,83,92,303
2023-12-02 08:00:00,P0087,Clothing,4074.87,3432.01,283,0.566,5,1,12,0,92,86,377
2023-12-02 09:00:00,P0180,Groceries,1719.78,1678.83,24,0.048,5,1,12,0,136,116,545
2023-12-02 10:00:00,P0177,Groceries,4821.9,4775.89,499,0.998,5,1,12,0,70,74,257
2023-12-02 11:00:00,P0139,Books,158.61,178.67,448,0.896,5,1,12,0,123,129,512
2023-12-02 12:00:00,P0194,Furniture,3855.12,4131.96,159,0.318,5,1,12,0,84,96,323
2023-12-02 13:00:00,P0186,Clothing,4829.51,4159.79,216,0.432,5,1,12,0,78,83,292
2023-12-02 14:00:00,P0164,Electronics,1727.6,1538.36,175,0.35,5,1,12,0,117,111,448
2023-12-02 15:00:00,P0161,Groceries,3258.15,2978.83,335,0.67,5,1,12,0,83,94,335
2023-12-02 16:00:00,P0175,Electronics,2833.01,2406.55,220,0.44,5,1,12,0,106,102,431
2023-12-02 17:00:00,P0013,Furniture,3819.46,3495.03,489,0.978,5,1,12,0,74,81,276
2023-12-02 18:00:00,P0040,Groceries,4337.58,4734.21,279,0.558,5,1,12,0,90,86,391
2023-12-02 19:00:00,P0089,Electronics,3035.07,2721.12,80,0.16,5,1,12,0,110,95,425
2023-12-02 20:00:00,P0068,Books,4088.73,4637.21,124,0.248,5,1,12,0,99,106,378
2023-12-02 21:00:00,P0042,Electronics,1595.81,1576.35,169,0.338,5,1,12,1,125,119,469
2023-12-02 22:00:00,P0147,Books,1181.51,1097.83,69,0.138,5,1,12,0,146,139,540
2023-12-02 23:00:00,P0094,Clothing,2181.81,2105.38,77,0.154,5,1,12,0,117,125,513
2023-12-03 00:00:00,P0019,Furniture,3404.8,3690.12,89,0.178,6,1,12,0,83,79,344
2023-12-03 01:00:00,P0186,Electronics,976.87,983.43,379,0.758,6,1,12,0,113,100,478
2023-12-03 02:00:00,P0023,Groceries,3417.74,2744.14,347,0.694,6,1,12,0,85,83,333
2023-12-03 03:00:00,P0054,Furniture,2000.76,2338.75,110,0.22,6,1,12,0,96,105,377
2023-12-03 04:00:00,P0065,Electronics,3988.1,3295.76,163,0.326,6,1,12,0,100,89,439
2023-12-03 05:00:00,P0140,Groceries,232.34,273.1,414,0.828,6,1,12,0,113,115,425
2023-12-03 06:00:00,P0024,Groceries,3356.51,2723.01,127,0.254,6,1,12,0,82,73,317
2023-12-03 07:00:00,P0034,Groceries,3266.62,3620.69,154,0.308,6,1,12,0,90,78,338
2023-12-03 08:00:00,P0053,Groceries,4707.63,4772.92,193,0.386,6,1,12,0,99,95,379
2023-12-03 09:00:00,P0136,Electronics,3581.17,3589.37,466,0.932,6,1,12,0,95,99,392
2023-12-03 10:00:00,P0018,Clothing,3991.69,3309.56,475,0.95,6,1,12,0,85,79,327
2023-12-03 11:00:00,P0057,Books,4527.73,4054.57,172,0.344,6,1,12,0,88,87,378
2023-12-03 12:00:00,P0112,Books,3391.51,3768.03,299,0.598,6,1,12,0,82,82,298
2023-12-03 13:00:00,P0005,Books,1486.26,1718.87,312,0.624,6,1,12,0,98,108,381
2023-12-03 14:00:00,P0154,Clothing,4355.38,4406.11,20,0.04,6,1,12,1,94,103,403
2023-12-03 15:00:00,P0158,Groceries,3750.51,3530.5,310,0.62,6,1,12,1,100,85,410
2023-12-03 16:00:00,P0182,Groceries,2150.97,1772.35,108,0.216,6,1,12,0,99,96,417
2023-12-03 17:00:00,P0013,Furniture,3567.12,3827.06,398,0.796,6,1,12,0,85,89,328
2023-12-03 18:00:00,P0083,Books,4345.06,3959.99,417,0.834,6,1,12,0,79,87,308
2023-12-03 19:00:00,P0029,Books,4879.48,4010.96,359,0.718,6,1,12,0,70,61,302
2023-12-03 20:00:00,P0003,Groceries,4764.14,5080.2,386,0.772,6,1,12,0,73,76,307
2023-12-03 21:00:00,P0090,Books,1660.37,1650.89,128,0.256,6,1,12,0,103,114,402
2023-12-03 22:00:00,P0104,Groceries,2137.38,1720.13,279,0.558,6,1,12,0,107,99,404
2023-12-03 23:00:00,P0123,Groceries,592.21,500.04,426,0.852,6,1,12,0,115,105,424
2023-12-04 00:00:00,P0186,Groceries,1275.34,1376.96,26,0.052,0,0,12,0,113,112,485
2023-12-04 01:00:00,P0076,Electronics,4417.98,3646.9,392,0.784,0,0,12,0,66,75,274
2023-12-04 02:00:00,P0130,Electronics,1836.21,2105.0,343,0.686,0,0,12,0,97,103,396
2023-12-04 03:00:00,P0108,Electronics,3121.74,2886.14,400,0.8,0,0,12,0,81,79,342
2023-12-04 04:00:00,P0156,Electronics,3346.53,2795.91,91,0.182,0,0,12,0,96,82,416
2023-12-04 05:00:00,P0082,Clothing,3920.05,4327.35,294,0.588,0,0,12,0,72,73,303
2023-12-04 06:00:00,P0077,Furniture,954.86,964.19,54,0.108,0,0,12,0,119,114,468
2023-12-04 07:00:00,P0002,Furniture,1558.83,1438.26,195,0.39,0,0,12,0,96,87,359
2023-12-04 08:00:00,P0127,Groceries,2269.26,2184.03,380,0.76,0,0,12,0,91,91,380
2023-12-04 09:00:00,P0135,Books,1855.96,1500.66,220,0.44,0,0,12,1,107,102,406
2023-12-04 10:00:00,P0026,Electronics,4915.38,5235.27,300,0.6,0,0,12,0,73,63,309
2023-12-04 11:00:00,P0088,Furniture,4182.96,3958.37,155,0.31,0,0,12,0,74,79,286
2023-12-04 12:00:00,P0016,Furniture,2424.45,2632.02,439,0.878,0,0,12,0,78,83,291
2023-12-04 13:00:00,P0151,Electronics,4402.38,4628.08,100,0.2,0,0,12,0,82,85,312
2023-12-04 14:00:00,P0168,Clothing,1770.88,1878.02,412,0.824,0,0,12,0,85,94,324
2023-12-04 15:00:00,P0188,Clothing,3939.85,4401.43,235,0.47,0,0,12,0,83,76,324
2023-12-04 16:00:00,P0073,Furniture,1157.19,1217.9,499,0.998,0,0,12,0,80,75,304
2023-12-04 17:00:00,P0032,Clothing,3872.99,3747.08,284,0.568,0,0,12,0,79,78,299
2023-12-04 18:00:00,P0015,Electronics,2309.44,2207.76,68,0.136,0,0,12,0,92,80,360
2023-12-04 19:00:00,P0141,Furniture,582.12,493.54,266,0.532,0,0,12,0,87,97,374
2023-12-04 20:00:00,P0005,Electronics,1402.65,1559.43,385,0.77,0,0,12,0,86,86,314
2023-12-04 21:00:00,P0074,Clothing,2041.26,2254.46,451,0.902,0,0,12,0,82,78,315
2023-12-04 22:00:00,P0052,Electronics,3759.0,3377.53,137,0.274,0,0,12,1,95,94,385
2023-12-04 23:00:00,P0077,Clothing,411.26,470.92,247,0.494,0,0,12,0,75,71,322
2023-12-05 00:00:00,P0169,Clothing,3314.76,3432.77,102,0.204,1,0,12,0,82,77,314
2023-12-05 01:00:00,P0181,Electronics,3594.27,3563.63,107,0.214,1,0,12,0,80,79,310
2023-12-05 02:00:00,P0110,Clothing,3286.91,2652.53,199,0.398,1,0,12,0,75,75,318
2023-12-05 03:00:00,P0178,Groceries,3815.31,3636.36,374,0.748,1,0,12,0,70,69,273
2023-12-05 04:00:00,P0143,Electronics,931.93,984.37,214,0.428,1,0,12,0,102,103,437
2023-12-05 05:00:00,P0106,Groceries,2956.16,2471.05,154,0.308,1,0,12,0,81,88,321
2023-12-05 06:00:00,P0127,Electronics,4708.67,4632.52,86,0.172,1,0,12,0,75,65,304
2023-12-05 07:00:00,P0007,Clothing,3073.38,3679.99,367,0.734,1,0,12,0,92,101,372
2023-12-05 08:00:00,P0040,Clothing,3076.11,3342.55,481,0.962,1,0,12,0,76,70,281
2023-12-05 09:00:00,P0156,Furniture,3695.38,3764.66,418,0.836,1,0,12,0,68,63,264
2023-12-05 10:00:00,P0160,Furniture,1699.36,1721.81,208,0.416,1,0,12,0,95,98,360
2023-12-05 11:00:00,P0099,Groceries,3517.36,2875.46,494,0.988,1,0,12,0,70,80,290
2023-12-05 12:00:00,P0143,Clothing,4585.36,5424.14,177,0.354,1,0,12,0,79,68,343
2023-12-05 13:00:00,P0085,Furniture,103.93,121.73,73,0.146,1,0,12,0,111,117,418
2023-12-05 14:00:00,P0198,Clothing,4357.06,4674.96,257,0.514,1,0,12,0,75,79,275
2023-12-05 15:00:00,P0065,Electronics,1132.16,950.57,272,0.544,1,0,12,0,102,104,409
2023-12-05 16:00:00,P0132,Furniture,2306.82,2037.23,350,0.7,1,0,12,0,87,74,340
2023-12-05 17:00:00,P0011,Groceries,4269.12,3729.35,335,0.67,1,0,12,1,62,64,225
2023-12-05 18:00:00,P0108,Furniture,4128.37,4160.7,23,0.046,1,0,12,0,75,66,325
2023-12-05 19:00:00,P0026,Clothing,4465.04,3943.17,312,0.624,1,0,12,0,68,59,296
2023-12-05 20:00:00,P0189,Books,4705.06,5073.56,70,0.14,1,0,12,0,64,68,274
2023-12-05 21:00:00,P0165,Books,2263.43,2304.38,82,0.164,1,0,12,0,86,91,329
2023-12-05 22:00:00,P0151,Clothing,3299.0,2662.5,399,0.798,1,0,12,0,73,82,270
2023-12-05 23:00:00,P0085,Electronics,1982.87,2176.44,352,0.704,1,0,12,0,92,78,375
2023-12-06 00:00:00,P0168,Furniture,1786.05,1563.74,291,0.582,2,0,12,0,106,102,405
2023-12-06 01:00:00,P0151,Books,2186.4,2470.53,300,0.6,2,0,12,0,91,78,342
2023-12-06 02:00:00,P0123,Electronics,3728.23,3512.06,9,0.018,2,0,12,0,85,82,350
2023-12-06 03:00:00,P0144,Clothing,2532.13,2368.68,318,0.636,2,0,12,0,86,86,361
2023-12-06 04:00:00,P0189,Electronics,4079.6,3282.96,42,0.084,2,0,12,0,77,78,310
2023-12-06 05:00:00,P0068,Clothing,3738.83,4468.24,50,0.1,2,0,12,0,82,78,316
2023-12-06 06:00:00,P0104,Furniture,151.37,158.15,206,0.412,2,0,12,0,117,125,469
2023-12-06 07:00:00,P0080,Electronics,3169.68,3071.71,106,0.212,2,0,12,0,95,93,388
2023-12-06 08:00:00,P0159,Furniture,2211.03,1854.28,258,0.516,2,0,12,0,68,68,248
2023-12-06 09:00:00,P0053,Electronics,2310.31,2494.35,193,0.386,2,0,12,0,98,107,388
2023-12-06 10:00:00,P0106,Clothing,4100.95,3744.55,234,0.468,2,0,12,0,72,65,294
2023-12-06 11:00:00,P0153,Clothing,2760.66,3299.85,489,0.978,2,0,12,0,82,78,304
2023-12-06 12:00:00,P0044,Electronics,4433.83,5232.89,162,0.324,2,0,12,0,76,76,301
2023-12-06 13:00:00,P0140,Clothing,3578.39,3915.18,474,0.948,2,0,12,0,71,77,275
2023-12-06 14:00:00,P0090,Groceries,2786.56,3311.63,68,0.136,2,0,12,0,96,94,412
2023-12-06 15:00:00,P0101,Groceries,3784.96,3187.9,334,0.668,2,0,12,0,76,66,303
2023-12-06 16:00:00,P0097,Furniture,239.83,218.72,291,0.582,2,0,12,0,106,122,418
2023-12-06 17:00:00,P0009,Groceries,184.06,165.89,304,0.608,2,0,12,1,105,112,398
2023-12-06 18:00:00,P0012,Groceries,462.58,383.39,480,0.96,2,0,12,0,87,93,380
2023-12-06 19:00:00,P0069,Books,2215.95,2634.52,256,0.512,2,0,12,0,90,89,393
2023-12-06 20:00:00,P0182,Books,1215.48,1001.54,459,0.918,2,0,12,0,73,74,284
2023-12-06 21:00:00,P0182,Books,4922.09,5624.35,425,0.85,2,0,12,0,64,73,278
2023-12-06 22:00:00,P0028,Books,2734.34,3027.64,424,0.848,2,0,12,0,87,89,356
2023-12-06 23:00:00,P0056,Clothing,3328.96,3163.67,328,0.656,2,0,12,0,67,61,283
2023-12-07 00:00:00,P0099,Furniture,1430.16,1154.89,184,0.368,3,0,12,1,97,111,356
2023-12-07 01:00:00,P0197,Furniture,1642.89,1318.32,254,0.508,3,0,12,0,109,110,394
2023-12-07 02:00:00,P0110,Groceries,1710.54,1508.01,115,0.23,3,0,12,0,121,104,485
2023-12-07 03:00:00,P0077,Furniture,3508.74,3500.15,403,0.806,3,0,12,0,74,76,271
2023-12-07 04:00:00,P0103,Groceries,2394.85,2354.53,477,0.954,3,0,12,0,82,71,354
2023-12-07 05:00:00,P0106,Furniture,2612.53,2701.66,13,0.026,3,0,12,0,94,95,400
2023-12-07 06:00:00,P0109,Electronics,2980.41,3304.63,377,0.754,3,0,12,0,81,89,338
2023-12-07 07:00:00,P0112,Electronics,3855.62,3666.47,214,0.428,3,0,12,0,87,88,315
2023-12-07 08:00:00,P0058,Furniture,497.33,429.77,92,0.184,3,0,12,0,112,108,444
2023-12-07 09:00:00,P0078,Clothing,3895.53,4363.07,498,0.996,3,0,12,0,59,66,216
2023-12-07 10:00:00,P0075,Groceries,2838.01,2648.08,233,0.466,3,0,12,0,88,99,382
2023-12-07 11:00:00,P0042,Furniture,3362.02,3075.42,482,0.964,3,0,12,1,71,68,290
2023-12-07 12:00:00,P0166,Groceries,1671.38,1848.09,179,0.358,3,0,12,0,87,87,324
2023-12-07 13:00:00,P0068,Books,2076.46,2437.05,474,0.948,3,0,12,0,75,86,304
2023-12-07 14:00:00,P0181,Furniture,1194.27,1392.5,53,0.106,3,0,12,0,105,95,388
2023-12-07 15:00:00,P0033,Clothing,4897.53,4187.28,304,0.608,3,0,12,1,70,66,260
2023-12-07 16:00:00,P0071,Books,2510.16,2513.33,474,0.948,3,0,12,0,85,83,312
2023-12-07 17:00:00,P0056,Furniture,4980.58,4169.48,29,0.058,3,0,12,1,80,70,344
2023-12-07 18:00:00,P0105,Electronics,2474.44,2930.7,386,0.772,3,0,12,0,78,73,315
2023-12-07 19:00:00,P0200,Furniture,1137.77,1008.17,11,0.022,3,0,12,0,105,106,406
2023-12-07 20:00:00,P0101,Electronics,2561.89,2251.83,110,0.22,3,0,12,0,98,90,353
2023-12-07 21:00:00,P0051,Electronics,246.0,284.27,414,0.828,3,0,12,0,109,115,434
2023-12-07 22:00:00,P0074,Furniture,4528.61,5376.1,420,0.84,3,0,12,0,62,59,249
2023-12-07 23:00:00,P0171,Furniture,4101.82,4426.08,410,0.82,3,0,12,1,65,57,252
2023-12-08 00:00:00,P0121,Electronics,3642.81,3090.57,494,0.988,4,0,12,0,74,80,295
2023-12-08 01:00:00,P0143,Groceries,3068.64,3051.28,371,0.742,4,0,12,0,86,88,317
2023-12-08 02:00:00,P0166,Books,2920.18,3290.0,407,0.814,4,0,12,1,78,86,338
2023-12-08 03:00:00,P0143,Clothing,4983.8,5128.28,111,0.222,4,0,12,0,73,70,278
2023-12-08 04:00:00,P0005,Furniture,1426.09,1216.51,168,0.336,4,0,12,0,100,86,436
2023-12-08 05:00:00,P0083,Books,3909.44,3396.35,103,0.206,4,0,12,0,74,64,296
2023-12-08 06:00:00,P0182,Books,2927.95,3354.43,447,0.894,4,0,12,0,84,91,360
2023-12-08 07:00:00,P0051,Groceries,4880.61,4933.38,10,0.02,4,0,12,0,71,69,288
2023-12-08 08:00:00,P0010,Books,4147.63,4489.12,346,0.692,4,0,12,1,60,69,257
2023-12-08 09:00:00,P0140,Furniture,4992.7,4739.2,328,0.656,4,0,12,0,60,66,216
2023-12-08 10:00:00,P0004,Books,2962.21,3000.7,271,0.542,4,0,12,0,65,56,244
2023-12-08 11:00:00,P0095,Furniture,1062.49,1265.26,13,0.026,4,0,12,0,139,154,540
2023-12-08 12:00:00,P0146,Furniture,2543.25,2370.01,174,0.348,4,0,12,0,102,93,391
2023-12-08 13:00:00,P0080,Electronics,3570.0,3819.6,157,0.314,4,0,12,0,71,71,309
2023-12-08 14:00:00,P0036,Groceries,3883.08,3374.41,109,0.218,4,0,12,0,75,75,294
2023-12-08 15:00:00,P0025,Clothing,52.52,44.57,151,0.302,4,0,12,0,116,101,508
2023-12-08 16:00:00,P0098,Electronics,2549.88,2839.18,233,0.466,4,0,12,0,102,91,420
2023-12-08 17:00:00,P0164,Clothing,1214.41,1381.57,140,0.28,4,0,12,0,111,108,474
2023-12-08 18:00:00,P0101,Furniture,4380.81,4675.75,480,0.96,4,0,12,0,67,70,262
2023-12-08 19:00:00,P0195,Electronics,806.88,696.56,118,0.236,4,0,12,0,101,94,379
2023-12-08 20:00:00,P0009,Books,3348.96,3001.46,381,0.762,4,0,12,0,80,81,291
2023-12-08 21:00:00,P0061,Books,1367.01,1591.84,8,0.016,4,0,12,0,111,107,458
2023-12-08 22:00:00,P0053,Clothing,1814.88,1661.49,176,0.352,4,0,12,0,97,101,425
2023-12-08 23:00:00,P0146,Furniture,4705.77,5305.96,409,0.818,4,0,12,0,64,63,236
2023-12-09 00:00:00,P0171,Clothing,1240.22,1134.03,48,0.096,5,1,12,0,117,129,493
2023-12-09 01:00:00,P0163,Groceries,520.26,611.71,297,0.594,5,1,12,0,134,153,521
2023-12-09 02:00:00,P0063,Books,392.96,458.11,428,0.856,5,1,12,0,95,107,418
2023-12-09 03:00:00,P0121,Electronics,2547.84,2082.36,369,0.738,5,1,12,0,99,89,425
2023-12-09 04:00:00,P0105,Electronics,3226.47,3575.46,332,0.664,5,1,12,0,91,90,344
2023-12-09 05:00:00,P0004,Electronics,1670.1,1449.29,148,0.296,5,1,12,0,91,90,383
2023-12-09 06:00:00,P0093,Books,3466.79,3071.95,156,0.312,5,1,12,0,91,100,381
2023-12-09 07:00:00,P0169,Furniture,352.12,346.46,91,0.182,5,1,12,0,117,112,493
2023-12-09 08:00:00,P0173,Books,4293.81,4424.89,151,0.302,5,1,12,0,77,78,282
2023-12-09 09:00:00,P0178,Books,4092.01,3806.88,460,0.92,5,1,12,1,72,74,306
2023-12-09 10:00:00,P0028,Electronics,4928.21,5076.81,375,0.75,5,1,12,0,82,72,312
2023-12-09 11:00:00,P0170,Books,4685.7,4068.42,169,0.338,5,1,12,0,81,82,330
2023-12-09 12:00:00,P0080,Electronics,1813.18,1466.74,83,0.166,5,1,12,0,123,114,454
2023-12-09 13:00:00,P0076,Furniture,2026.41,2084.14,358,0.716,5,1,12,0,90,82,364
2023-12-09 14:00:00,P0116,Groceries,3742.53,3768.6,326,0.652,5,1,12,0,81,75,350
2023-12-09 15:00:00,P0069,Electronics,713.71,767.85,424,0.848,5,1,12,0,107,94,400
2023-12-09 16:00:00,P0098,Clothing,1604.37,1700.52,47,0.094,5,1,12,1,120,105,514
2023-12-09 17:00:00,P0001,Groceries,636.78,738.02,334,0.668,5,1,12,0,123,128,486
2023-12-09 18:00:00,P0167,Furniture,2301.69,2264.37,216,0.432,5,1,12,0,107,121,413
2023-12-09 19:00:00,P0096,Groceries,2782.42,2235.25,482,0.964,5,1,12,0,83,88,303
2023-12-09 20:00:00,P0017,Electronics,1095.24,1152.48,76,0.152,5,1,12,0,132,125,531
2023-12-09 21:00:00,P0112,Furniture,181.83,194.57,42,0.084,5,1,12,0,126,120,474
2023-12-09 22:00:00,P0091,Clothing,3610.81,3641.86,263,0.526,5,1,12,0,92,93,400
2023-12-09 23:00:00,P0088,Electronics,149.03,160.31,468,0.936,5,1,12,0,99,110,375
2023-12-10 00:00:00,P0163,Electronics,4868.34,4524.8,62,0.124,6,1,12,0,80,73,326
2023-12-10 01:00:00,P0174,Furniture,1146.96,985.84,244,0.488,6,1,12,0,121,120,490
2023-12-10 02:00:00,P0170,Furniture,3336.31,3555.91,119,0.238,6,1,12,0,98,98,379
2023-12-10 03:00:00,P0167,Groceries,2202.02,1977.58,318,0.636,6,1,12,0,93,105,398
2023-12-10 04:00:00,P0090,Clothing,345.39,339.35,261,0.522,6,1,12,0,129,130,483
2023-12-10 05:00:00,P0049,Groceries,2387.31,2379.31,329,0.658,6,1,12,0,92,100,391
2023-12-10 06:00:00,P0190,Groceries,2607.97,2584.18,249,0.498,6,1,12,0,83,73,313
2023-12-10 07:00:00,P0038,Electronics,4280.68,4449.25,496,0.992,6,1,12,0,84,80,305
2023-12-10 08:00:00,P0151,Furniture,3675.13,2983.4,51,0.102,6,1,12,0,86,89,375
2023-12-10 09:00:00,P0150,Electronics,442.55,529.23,488,0.976,6,1,12,0,120,126,493
2023-12-10 10:00:00,P0132,Clothing,1085.36,1179.27,276,0.552,6,1,12,0,112,125,460
2023-12-10 11:00:00,P0177,Groceries,1593.84,1546.27,141,0.282,6,1,12,0,122,125,465
2023-12-10 12:00:00,P0059,Clothing,626.22,548.9,371,0.742,6,1,12,1,106,99,393
2023-12-10 13:00:00,P0068,Furniture,2311.65,1923.46,250,0.5,6,1,12,0,112,113,466
2023-12-10 14:00:00,P0199,Furniture,4922.33,5261.36,492,0.984,6,1,12,0,66,70,265
2023-12-10 15:00:00,P0130,Books,2597.33,2407.16,313,0.626,6,1,12,0,95,103,366
2023-12-10 16:00:00,P0049,Clothing,3722.32,3319.53,224,0.448,6,1,12,0,70,79,270
2023-12-10 17:00:00,P0126,Electronics,3430.54,3265.81,152,0.304,6,1,12,1,80,73,345
2023-12-10 18:00:00,P0159,Clothing,4257.06,4415.29,55,0.11,6,1,12,0,96,101,414
2023-12-10 19:00:00,P0111,Groceries,1117.83,1194.6,338,0.676,6,1,12,0,104,95,397
2023-12-10 20:00:00,P0168,Furniture,3781.44,4001.02,8,0.016,6,1,12,0,77,73,326
2023-12-10 21:00:00,P0048,Furniture,4412.71,5053.9,240,0.48,6,1,12,0,77,69,291
2023-12-10 22:00:00,P0051,Clothing,898.97,797.84,494,0.988,6,1,12,0,113,122,480
2023-12-10 23:00:00,P0043,Clothing,1766.67,1863.3,499,0.998,6,1,12,0,87,98,322
2023-12-11 00:00:00,P0098,Clothing,4852.0,4077.84,484,0.968,0,0,12,0,68,58,286
2023-12-11 01:00:00,P0183,Groceries,3914.9,3989.96,483,0.966,0,0,12,0,65,71,263
2023-12-11 02:00:00,P0177,Groceries,1448.82,1497.48,163,0.326,0,0,12,0,96,89,355
2023-12-11 03:00:00,P0124,Electronics,2841.51,2518.98,440,0.88,0,0,12,0,73,73,299
2023-12-11 04:00:00,P0080,Clothing,2051.41,1962.54,462,0.924,0,0,12,0,69,74,259
2023-12-11 05:00:00,P0185,Electronics,2475.33,2799.29,132,0.264,0,0,12,0,89,89,334
2023-12-11 06:00:00,P0111,Books,1808.07,1553.79,80,0.16,0,0,12,0,99,91,392
2023-12-11 07:00:00,P0143,Groceries,1432.69,1395.16,349,0.698,0,0,12,0,97,109,424
2023-12-11 08:00:00,P0027,Furniture,3390.08,3976.88,134,0.268,0,0,12,0,77,79,332
2023-12-11 09:00:00,P0196,Books,3903.78,3910.2,133,0.266,0,0,12,0,66,75,281
2023-12-11 10:00:00,P0192,Furniture,4376.09,4770.17,462,0.924,0,0,12,0,77,85,330
2023-12-11 11:00:00,P0158,Books,818.88,925.95,51,0.102,0,0,12,0,112,125,448
2023-12-11 12:00:00,P0164,Electronics,4123.13,3634.58,493,0.986,0,0,12,0,67,64,261
2023-12-11 13:00:00,P0195,Electronics,1311.26,1163.46,201,0.402,0,0,12,1,111,127,478
2023-12-11 14:00:00,P0113,Groceries,2165.32,2389.29,197,0.394,0,0,12,0,83,92,304
2023-12-11 15:00:00,P0086,Furniture,4512.15,4969.33,105,0.21,0,0,12,0,65,62,286
2023-12-11 16:00:00,P0114,Books,2299.79,1895.2,310,0.62,0,0,12,0,93,104,376
2023-12-11 17:00:00,P0124,Clothing,1025.46,952.65,243,0.486,0,0,12,0,119,128,480
2023-12-11 18:00:00,P0049,Clothing,841.35,807.2,232,0.464,0,0,12,0,88,94,337
2023-12-11 19:00:00,P0076,Groceries,2391.27,2706.0,460,0.92,0,0,12,0,82,70,306
2023-12-11 20:00:00,P0055,Furniture,3825.23,3705.67,13,0.026,0,0,12,0,85,73,352
2023-12-11 21:00:00,P0056,Clothing,4986.17,5835.67,384,0.768,0,0,12,0,65,69,253
2023-12-11 22:00:00,P0196,Groceries,3947.67,4731.85,224,0.448,0,0,12,0,73,68,280
2023-12-11 23:00:00,P0095,Groceries,4391.21,4884.3,210,0.42,0,0,12,0,65,56,242
2023-12-12 00:00:00,P0044,Furniture,3751.77,4001.47,200,0.4,1,0,12,1,62,58,250
2023-12-12 01:00:00,P0159,Clothing,4482.4,4288.58,164,0.328,1,0,12,1,87,96,354
2023-12-12 02:00:00,P0186,Clothing,427.65,353.59,48,0.096,1,0,12,0,132,131,522
2023-12-12 03:00:00,P0087,Clothing,4653.16,4789.29,495,0.99,1,0,12,0,58,60,209
2023-12-12 04:00:00,P0181,Electronics,2012.21,1900.9,395,0.79,1,0,12,0,87,95,347
2023-12-12 05:00:00,P0084,Clothing,4611.99,4336.93,132,0.264,1,0,12,0,68,64,260
2023-12-12 06:00:00,P0151,Books,424.88,456.78,69,0.138,1,0,12,1,109,93,404
2023-12-12 07:00:00,P0156,Electronics,3590.45,3538.23,371,0.742,1,0,12,0,73,69,297
2023-12-12 08:00:00,P0016,Electronics,3691.66,4063.92,118,0.236,1,0,12,1,71,81,294
2023-12-12 09:00:00,P0165,Electronics,4984.71,4781.68,138,0.276,1,0,12,0,68,68,273
2023-12-12 10:00:00,P0149,Electronics,3855.83,3317.35,242,0.484,1,0,12,0,77,79,315
2023-12-12 11:00:00,P0145,Groceries,1943.74,1913.69,180,0.36,1,0,12,0,79,85,323
2023-12-12 12:00:00,P0037,Books,2808.38,3315.03,485,0.97,1,0,12,0,72,64,266
2023-12-12 13:00:00,P0077,Furniture,1864.43,2089.3,182,0.364,1,0,12,0,82,88,309
2023-12-12 14:00:00,P0147,Clothing,1020.29,900.2,457,0.914,1,0,12,0,83,78,299
2023-12-12 15:00:00,P0158,Electronics,1280.09,1224.43,334,0.668,1,0,12,0,93,90,408
2023-12-12 16:00:00,P0045,Furniture,1148.95,1345.55,49,0.098,1,0,12,0,105,98,396
2023-12-12 17:00:00,P0146,Groceries,2766.64,2350.2,180,0.36,1,0,12,1,86,77,366
2023-12-12 18:00:00,P0062,Furniture,4535.5,4089.12,124,0.248,1,0,12,0,88,84,372
2023-12-12 19:00:00,P0164,Electronics,4568.0,4133.53,230,0.46,1,0,12,0,72,63,300
2023-12-12 20:00:00,P0100,Books,321.08,330.19,310,0.62,1,0,12,0,108,119,428
2023-12-12 21:00:00,P0052,Furniture,445.5,429.59,347,0.694,1,0,12,0,103,97,419
2023-12-12 22:00:00,P0019,Electronics,1263.34,1051.03,2,0.004,1,0,12,1,92,96,345
2023-12-12 23:00:00,P0109,Electronics,1312.54,1380.36,375,0.75,1,0,12,0,92,86,339
2023-12-13 00:00:00,P0044,Clothing,519.7,436.36,399,0.798,2,0,12,0,99,90,384
2023-12-13 01:00:00,P0007,Clothing,1972.89,2056.87,172,0.344,2,0,12,0,102,109,435
2023-12-13 02:00:00,P0172,Books,2959.24,2967.54,80,0.16,2,0,12,0,79,82,320
2023-12-13 03:00:00,P0117,Clothing,2911.9,2904.53,419,0.838,2,0,12,1,74,68,312
2023-12-13 04:00:00,P0068,Books,2739.98,2265.96,274,0.548,2,0,12,0,75,78,323
2023-12-13 05:00:00,P0034,Groceries,1726.43,1822.57,387,0.774,2,0,12,1,84,72,340
2023-12-13 06:00:00,P0194,Groceries,3546.96,3449.52,314,0.628,2,0,12,0,74,67,288
2023-12-13 07:00:00,P0069,Clothing,4141.1,3993.85,344,0.688,2,0,12,0,62,66,266
2023-12-13 08:00:00,P0055,Groceries,1764.06,1832.12,218,0.436,2,0,12,0,103,100,390
2023-12-13 09:00:00,P0010,Furniture,473.4,493.52,139,0.278,2,0,12,0,99,90,358
2023-12-13 10:00:00,P0042,Furniture,1516.83,1222.59,62,0.124,2,0,12,0,110,110,400
2023-12-13 11:00:00,P0041,Furniture,729.97,620.54,439,0.878,2,0,12,0,92,91,374
2023-12-13 12:00:00,P0197,Groceries,2363.43,2114.34,26,0.052,2,0,12,0,91,95,393
2023-12-13 13:00:00,P0122,Furniture,821.88,880.39,195,0.39,2,0,12,0,113,99,458
2023-12-13 14:00:00,P0138,Books,2341.08,2412.94,380,0.76,2,0,12,0,90,99,353
2023-12-13 15:00:00,P0010,Electronics,1143.96,1261.85,151,0.302,2,0,12,0,108,94,439
2023-12-13 16:00:00,P0102,Clothing,3706.72,4063.47,464,0.928,2,0,12,0,59,58,244
2023-12-13 17:00:00,P0188,Books,186.46,212.8,251,0.502,2,0,12,0,121,129,509
2023-12-13 18:00:00,P0128,Furniture,2795.99,2658.22,247,0.494,2,0,12,0,98,93,380
2023-12-13 19:00:00,P0179,Electronics,888.97,833.88,153,0.306,2,0,12,0,103,116,403
2023-12-13 20:00:00,P0149,Clothing,54.91,62.18,209,0.418,2,0,12,0,100,108,362
2023-12-13 21:00:00,P0136,Books,4352.54,3895.7,21,0.042,2,0,12,0,68,66,280
2023-12-13 22:00:00,P0193,Clothing,3374.06,3321.66,69,0.138,2,0,12,0,83,75,350
2023-12-13 23:00:00,P0092,Groceries,539.77,473.77,18,0.036,2,0,12,0,101,87,405
2023-12-14 00:00:00,P0113,Furniture,3337.16,3889.58,100,0.2,3,0,12,0,83,91,324
2023-12-14 01:00:00,P0078,Books,3077.65,2964.15,161,0.322,3,0,12,0,81,74,313
2023-12-14 02:00:00,P0085,Books,2393.12,2117.9,138,0.276,3,0,12,1,80,74,329
2023-12-14 03:00:00,P0030,Electronics,2125.33,2288.57,375,0.75,3,0,12,0,81,69,313
2023-12-14 04:00:00,P0049,Electronics,4441.0,3987.39,87,0.174,3,0,12,0,76,65,310
2023-12-14 05:00:00,P0009,Electronics,1263.48,1487.62,428,0.856,3,0,12,0,84,77,365
2023-12-14 06:00:00,P0145,Clothing,2021.63,1914.58,36,0.072,3,0,12,0,96,107,371
2023-12-14 07:00:00,P0069,Furniture,1679.12,1789.7,406,0.812,3,0,12,0,98,106,358
2023-12-14 08:00:00,P0058,Clothing,3867.45,3628.05,423,0.846,3,0,12,0,66,71,284
2023-12-14 09:00:00,P0185,Furniture,4586.5,5150.17,170,0.34,3,0,12,0,65,71,248
2023-12-14 10:00:00,P0062,Books,4256.42,4932.21,259,0.518,3,0,12,0,73,66,321
2023-12-14 11:00:00,P0052,Clothing,3998.63,4459.14,337,0.674,3,0,12,0,81,93,346
2023-12-14 12:00:00,P0189,Clothing,4934.61,5622.49,477,0.954,3,0,12,0,64,59,252
2023-12-14 13:00:00,P0040,Clothing,3500.87,2943.36,270,0.54,3,0,12,0,73,65,299
2023-12-14 14:00:00,P0166,Groceries,3767.72,4406.82,484,0.968,3,0,12,0,65,61,248
2023-12-14 15:00:00,P0171,Furniture,4914.87,5159.24,406,0.812,3,0,12,0,60,61,220
2023-12-14 16:00:00,P0063,Furniture,84.6,97.09,254,0.508,3,0,12,0,105,93,422
2023-12-14 17:00:00,P0147,Clothing,3188.54,3423.77,139,0.278,3,0,12,0,106,114,418
2023-12-14 18:00:00,P0050,Groceries,3707.91,3265.7,67,0.134,3,0,12,0,83,80,363
2023-12-14 19:00:00,P0161,Clothing,4593.24,4794.53,67,0.134,3,0,12,0,87,89,355
2023-12-14 20:00:00,P0141,Furniture,4425.03,3701.0,435,0.87,3,0,12,0,72,77,302
2023-12-14 21:00:00,P0078,Books,4217.71,4547.91,168,0.336,3,0,12,0,56,63,208
2023-12-14 22:00:00,P0097,Groceries,4731.67,4559.44,104,0.208,3,0,12,0,68,75,284
2023-12-14 23:00:00,P0190,Groceries,2710.03,2332.5,461,0.922,3,0,12,0,79,80,288
2023-12-15 00:00:00,P0043,Clothing,84.25,100.4,314,0.628,4,0,12,1,108,124,442
2023-12-15 01:00:00,P0177,Books,104.72,121.52,57,0.114,4,0,12,0,117,118,500
2023-12-15 02:00:00,P0036,Furniture,2745.96,3178.22,375,0.75,4,0,12,1,68,69,271
2023-12-15 03:00:00,P0122,Electronics,2204.6,2459.29,186,0.372,4,0,12,0,76,68,287
2023-12-15 04:00:00,P0108,Furniture,2283.66,2459.03,455,0.91,4,0,12,0,83,74,328
2023-12-15 05:00:00,P0010,Furniture,2032.0,2158.05,406,0.812,4,0,12,0,83,75,355
2023-12-15 06:00:00,P0095,Books,4592.74,3869.1,384,0.768,4,0,12,0,75,77,313
2023-12-15 07:00:00,P0006,Groceries,1827.89,2120.77,55,0.11,4,0,12,0,101,98,413
2023-12-15 08:00:00,P0057,Furniture,4288.32,4942.08,458,0.916,4,0,12,0,72,70,299
2023-12-15 09:00:00,P0129,Groceries,4519.18,4967.22,474,0.948,4,0,12,0,69,61,294
2023-12-15 10:00:00,P0071,Books,2522.53,2953.7,3,0.006,4,0,12,0,95,92,354
2023-12-15 11:00:00,P0186,Books,2262.34,2310.38,284,0.568,4,0,12,0,99,95,423
2023-12-15 12:00:00,P0021,Clothing,3817.05,3737.11,16,0.032,4,0,12,1,79,82,335
2023-12-15 13:00:00,P0092,Electronics,3554.46,4219.78,432,0.864,4,0,12,0,73,71,291
2023-12-15 14:00:00,P0127,Books,1676.25,1652.2,466,0.932,4,0,12,0,88,86,345
2023-12-15 15:00:00,P0080,Books,557.61,589.13,236,0.472,4,0,12,0,97,90,422
2023-12-15 16:00:00,P0056,Groceries,1361.02,1291.91,306,0.612,4,0,12,0,85,76,362
2023-12-15 17:00:00,P0116,Books,698.59,736.68,249,0.498,4,0,12,0,90,85,395
2023-12-15 18:00:00,P0148,Furniture,1508.92,1641.76,432,0.864,4,0,12,0,81,70,333
2023-12-15 19:00:00,P0182,Clothing,1346.02,1413.14,23,0.046,4,0,12,0,105,96,381
2023-12-15 20:00:00,P0025,Clothing,3206.67,3225.35,499,0.998,4,0,12,0,77,73,287
2023-12-15 21:00:00,P0156,Furniture,4774.76,4392.99,299,0.598,4,0,12,0,58,52,247
2023-12-15 22:00:00,P0005,Books,3444.43,3642.62,115,0.23,4,0,12,0,84,88,345
2023-12-15 23:00:00,P0120,Electronics,4636.91,5394.45,237,0.474,4,0,12,0,68,64,256
2023-12-16 00:00:00,P0021,Books,3931.45,3156.03,168,0.336,5,1,12,0,98,101,354
2023-12-16 01:00:00,P0018,Clothing,3652.99,3118.09,312,0.624,5,1,12,0,83,87,316
2023-12-16 02:00:00,P0175,Electronics,2099.61,1780.28,491,0.982,5,1,12,0,111,109,412
2023-12-16 03:00:00,P0198,Groceries,1657.73,1938.35,439,0.878,5,1,12,0,110,108,473
2023-12-16 04:00:00,P0057,Groceries,4239.07,4515.03,287,0.574,5,1,12,0,80,82,344
2023-12-16 05:00:00,P0093,Books,4531.7,5350.65,414,0.828,5,1,12,0,72,67,308
2023-12-16 06:00:00,P0019,Books,2286.82,2362.57,240,0.48,5,1,12,0,113,97,415
2023-12-16 07:00:00,P0128,Electronics,94.86,93.41,399,0.798,5,1,12,0,115,120,426
2023-12-16 08:00:00,P0097,Electronics,3973.03,4437.62,415,0.83,5,1,12,1,81,84,300
2023-12-16 09:00:00,P0193,Books,1461.09,1262.93,363,0.726,5,1,12,0,102,101,388
2023-12-16 10:00:00,P0131,Clothing,98.94,94.24,297,0.594,5,1,12,0,116,129,424
2023-12-16 11:00:00,P0170,Groceries,4034.69,3980.26,377,0.754,5,1,12,0,72,72,316
2023-12-16 12:00:00,P0021,Electronics,2611.2,2400.69,289,0.578,5,1,12,0,112,105,480
2023-12-16 13:00:00,P0040,Clothing,3441.79,3264.59,482,0.964,5,1,12,0,81,86,296
2023-12-16 14:00:00,P0067,Books,4577.71,3805.19,250,0.5,5,1,12,0,81,92,301
2023-12-16 15:00:00,P0153,Furniture,2728.81,2399.15,164,0.328,5,1,12,0,107,115,408
2023-12-16 16:00:00,P0127,Electronics,2540.81,2373.62,399,0.798,5,1,12,0,108,121,456
2023-12-16 17:00:00,P0055,Furniture,1488.78,1664.99,340,0.68,5,1,12,0,102,90,425
2023-12-16 18:00:00,P0180,Clothing,1560.71,1362.5,140,0.28,5,1,12,0,89,79,365
2023-12-16 19:00:00,P0172,Groceries,3992.88,3747.94,377,0.754,5,1,12,0,83,74,359
2023-12-16 20:00:00,P0109,Clothing,2272.69,1877.17,119,0.238,5,1,12,0,114,121,414
2023-12-16 21:00:00,P0098,Groceries,859.45,879.08,337,0.674,5,1,12,0,108,104,403
2023-12-16 22:00:00,P0184,Clothing,517.92,540.97,449,0.898,5,1,12,0,119,118,446
2023-12-16 23:00:00,P0183,Electronics,2390.95,2740.52,375,0.75,5,1,12,0,98,91,357
2023-12-17 00:00:00,P0112,Electronics,2351.53,2651.69,160,0.32,6,1,12,0,102,109,418
2023-12-17 01:00:00,P0198,Furniture,3284.62,3002.64,104,0.208,6,1,12,0,111,123,418
2023-12-17 02:00:00,P0115,Clothing,2381.78,2035.9,337,0.674,6,1,12,0,96,86,383
2023-12-17 03:00:00,P0117,Clothing,760.2,655.62,91,0.182,6,1,12,0,146,133,606
2023-12-17 04:00:00,P0087,Furniture,2563.62,3044.52,484,0.968,6,1,12,0,92,88,375
2023-12-17 05:00:00,P0081,Books,4538.61,4853.09,418,0.836,6,1,12,0,69,64,264
2023-12-17 06:00:00,P0066,Clothing,839.23,685.67,420,0.84,6,1,12,0,90,91,354
2023-12-17 07:00:00,P0019,Clothing,3464.29,2960.97,203,0.406,6,1,12,0,104,112,403
2023-12-17 08:00:00,P0135,Clothing,2989.6,2972.62,39,0.078,6,1,12,0,114,124,488
2023-12-17 09:00:00,P0118,Books,3755.5,3316.6,391,0.782,6,1,12,0,91,83,358
2023-12-17 10:00:00,P0191,Electronics,795.47,892.09,53,0.106,6,1,12,0,143,129,522
2023-12-17 11:00:00,P0042,Furniture,4710.95,4848.92,88,0.176,6,1,12,0,98,94,401
2023-12-17 12:00:00,P0042,Books,3123.78,3264.52,134,0.268,6,1,12,0,78,70,293
2023-12-17 13:00:00,P0059,Groceries,4243.0,4179.91,1,0.002,6,1,12,0,75,66,290
2023-12-17 14:00:00,P0020,Groceries,1270.7,1146.71,96,0.192,6,1,12,0,117,108,452
2023-12-17 15:00:00,P0073,Books,3710.09,3842.77,55,0.11,6,1,12,0,105,102,384
2023-12-17 16:00:00,P0017,Books,3916.1,4255.97,480,0.96,6,1,12,1,82,84,358
2023-12-17 17:00:00,P0027,Electronics,2017.3,1913.17,359,0.718,6,1,12,0,105,112,424
2023-12-17 18:00:00,P0175,Groceries,1950.57,1954.43,123,0.246,6,1,12,1,107,98,399
2023-12-17 19:00:00,P0002,Furniture,3306.09,3755.3,184,0.368,6,1,12,0,87,95,352
2023-12-17 20:00:00,P0063,Clothing,512.37,440.37,432,0.864,6,1,12,0,112,96,444
2023-12-17 21:00:00,P0062,Clothing,3691.34,3758.12,470,0.94,6,1,12,0,80,79,310
2023-12-17 22:00:00,P0100,Electronics,262.29,246.39,452,0.904,6,1,12,0,110,114,438
2023-12-17 23:00:00,P0019,Electronics,993.42,1074.0,124,0.248,6,1,12,0,129,121,534
2023-12-18 00:00:00,P0017,Groceries,3337.51,2695.12,333,0.666,0,0,12,0,78,82,293
2023-12-18 01:00:00,P0069,Furniture,536.7,573.3,263,0.526,0,0,12,0,109,121,439
2023-12-18 02:00:00,P0167,Furniture,4860.62,4088.55,339,0.678,0,0,12,0,64,56,272
2023-12-18 03:00:00,P0117,Books,4348.56,3591.51,190,0.38,0,0,12,0,78,78,295
2023-12-18 04:00:00,P0199,Electronics,3150.2,3433.24,337,0.674,0,0,12,0,71,61,285
2023-12-18 05:00:00,P0081,Clothing,4104.33,4334.73,214,0.428,0,0,12,0,64,60,280
2023-12-18 06:00:00,P0039,Clothing,4443.52,5145.48,220,0.44,0,0,12,0,69,61,293
2023-12-18 07:00:00,P0036,Groceries,1334.4,1344.89,198,0.396,0,0,12,0,108,112,440
2023-12-18 08:00:00,P0168,Clothing,4254.59,4305.69,343,0.686,0,0,12,0,68,63,286
2023-12-18 09:00:00,P0173,Furniture,1014.23,1098.22,173,0.346,0,0,12,0,125,117,503
2023-12-18 10:00:00,P0132,Furniture,2096.04,1947.97,216,0.432,0,0,12,0,83,76,364
2023-12-18 11:00:00,P0153,Electronics,2813.39,2292.25,205,0.41,0,0,12,0,85,78,318
2023-12-18 12:00:00,P0197,Groceries,3583.76,3196.78,485,0.97,0,0,12,0,59,54,246
2023-12-18 13:00:00,P0158,Clothing,199.2,178.32,66,0.132,0,0,12,0,133,141,479
2023-12-18 14:00:00,P0196,Electronics,1488.02,1390.2,372,0.744,0,0,12,0,91,103,337
2023-12-18 15:00:00,P0029,Books,3062.17,3605.35,173,0.346,0,0,12,0,65,65,272
2023-12-18 16:00:00,P0196,Books,1818.97,2040.77,77,0.154,0,0,12,0,97,100,408
2023-12-18 17:00:00,P0051,Clothing,3886.37,4564.08,322,0.644,0,0,12,1,55,60,200
2023-12-18 18:00:00,P0152,Clothing,3275.68,3928.99,41,0.082,0,0,12,0,98,97,379
2023-12-18 19:00:00,P0014,Clothing,1210.29,1178.23,63,0.126,0,0,12,0,96,90,355
2023-12-18 20:00:00,P0069,Furniture,772.35,688.03,383,0.766,0,0,12,1,99,112,427
2023-12-18 21:00:00,P0146,Clothing,3163.78,3239.72,328,0.656,0,0,12,1,74,83,293
2023-12-18 22:00:00,P0170,Books,2279.81,2627.38,436,0.872,0,0,12,0,82,75,324
2023-12-18 23:00:00,P0057,Clothing,886.34,874.19,198,0.396,0,0,12,0,112,119,477
2023-12-19 00:00:00,P0012,Groceries,1665.55,1669.15,89,0.178,1,0,12,0,97,101,403
2023-12-19 01:00:00,P0017,Books,1550.08,1323.42,6,0.012,1,0,12,0,111,116,481
2023-12-19 02:00:00,P0030,Groceries,585.25,566.63,262,0.524,1,0,12,0,75,82,326
2023-12-19 03:00:00,P0088,Books,2757.2,2632.57,491,0.982,1,0,12,0,68,72,262
2023-12-19 04:00:00,P0099,Electronics,3830.06,3602.84,121,0.242,1,0,12,0,80,80,329
2023-12-19 05:00:00,P0023,Books,2898.56,3347.6,163,0.326,1,0,12,0,81,89,327
2023-12-19 06:00:00,P0129,Books,4140.14,3410.32,115,0.23,1,0,12,0,86,80,351
2023-12-19 07:00:00,P0079,Groceries,681.46,810.16,12,0.024,1,0,12,0,122,129,500
2023-12-19 08:00:00,P0032,Groceries,2206.28,1772.3,450,0.9,1,0,12,0,95,101,347
2023-12-19 09:00:00,P0009,Books,3066.6,3613.18,19,0.038,1,0,12,0,91,101,393
2023-12-19 10:00:00,P0015,Books,3396.21,3461.48,200,0.4,1,0,12,0,76,87,282
2023-12-19 11:00:00,P0156,Furniture,3494.14,3777.09,308,0.616,1,0,12,0,82,83,323
2023-12-19 12:00:00,P0152,Electronics,3658.38,3200.55,253,0.506,1,0,12,0,70,70,268
2023-12-19 13:00:00,P0188,Electronics,3274.58,3476.57,85,0.17,1,0,12,0,84,87,340
2023-12-19 14:00:00,P0163,Clothing,516.43,595.33,179,0.358,1,0,12,0,113,118,494
2023-12-19 15:00:00,P0027,Books,3491.76,2988.22,236,0.472,1,0,12,0,74,79,291
2023-12-19 16:00:00,P0109,Books,3637.67,3095.05,352,0.704,1,0,12,0,93,87,380
2023-12-19 17:00:00,P0076,Books,4967.73,4578.22,60,0.12,1,0,12,0,76,76,282
2023-12-19 18:00:00,P0148,Books,3482.14,3010.97,214,0.428,1,0,12,0,73,70,290
2023-12-19 19:00:00,P0065,Electronics,3449.81,2912.53,380,0.76,1,0,12,0,83,72,360
2023-12-19 20:00:00,P0177,Groceries,2598.33,2783.66,214,0.428,1,0,12,0,103,106,448
2023-12-19 21:00:00,P0109,Furniture,4346.22,3848.71,357,0.714,1,0,12,0,59,66,238
2023-12-19 22:00:00,P0129,Groceries,4984.33,5317.31,371,0.742,1,0,12,0,71,80,299
2023-12-19 23:00:00,P0010,Groceries,3906.27,4471.79,89,0.178,1,0,12,0,70,70,252
2023-12-20 00:00:00,P0047,Electronics,3081.88,3269.29,95,0.19,2,0,12,0,87,94,350
2023-12-20 01:00:00,P0123,Furniture,440.83,373.71,60,0.12,2,0,12,0,115,122,481
2023-12-20 02:00:00,P0059,Books,3647.36,3754.71,55,0.11,2,0,12,0,78,72,301
2023-12-20 03:00:00,P0096,Electronics,3557.38,3406.02,219,0.438,2,0,12,1,74,64,320
2023-12-20 04:00:00,P0190,Electronics,3889.06,3645.4,93,0.186,2,0,12,0,73,78,308
2023-12-20 05:00:00,P0103,Furniture,666.55,618.17,39,0.078,2,0,12,0,106,99,447
2023-12-20 06:00:00,P0124,Clothing,3285.98,3850.42,336,0.672,2,0,12,0,71,72,257
2023-12-20 07:00:00,P0086,Electronics,1513.83,1660.68,318,0.636,2,0,12,0,105,106,393
2023-12-20 08:00:00,P0146,Groceries,3813.34,3254.84,440,0.88,2,0,12,0,61,67,254
2023-12-20 09:00:00,P0112,Groceries,1239.85,1227.95,247,0.494,2,0,12,0,117,122,474
2023-12-20 10:00:00,P0174,Books,3435.69,3185.88,465,0.93,2,0,12,0,73,81,297
2023-12-20 11:00:00,P0160,Electronics,1510.22,1798.94,216,0.432,2,0,12,0,77,83,278
2023-12-20 12:00:00,P0027,Books,94.52,112.59,387,0.774,2,0,12,0,112,129,443
2023-12-20 13:00:00,P0018,Electronics,3185.12,2955.2,153,0.306,2,0,12,0,82,91,347
2023-12-20 14:00:00,P0167,Furniture,610.68,574.56,350,0.7,2,0,12,0,89,81,368
2023-12-20 15:00:00,P0177,Electronics,3313.49,3445.25,61,0.122,2,0,12,0,83,94,337
2023-12-20 16:00:00,P0082,Clothing,4631.77,4593.43,459,0.918,2,0,12,1,59,56,245
2023-12-20 17:00:00,P0172,Groceries,4847.77,4291.44,437,0.874,2,0,12,0,71,73,304
2023-12-20 18:00:00,P0072,Furniture,1217.82,1295.96,239,0.478,2,0,12,0,92,104,394
2023-12-20 19:00:00,P0054,Groceries,4055.8,3786.7,189,0.378,2,0,12,0,66,60,262
2023-12-20 20:00:00,P0162,Books,1800.09,1910.77,145,0.29,2,0,12,0,91,101,350
2023-12-20 21:00:00,P0071,Furniture,4507.26,4297.55,9,0.018,2,0,12,0,69,78,269
2023-12-20 22:00:00,P0164,Clothing,3948.07,4264.25,291,0.582,2,0,12,0,82,91,329
2023-12-20 23:00:00,P0146,Groceries,415.91,443.83,129,0.258,2,0,12,0,113,124,415
2023-12-21 00:00:00,P0038,Electronics,2065.33,2072.61,59,0.118,3,0,12,0,84,78,342
2023-12-21 01:00:00,P0187,Electronics,1719.72,1860.56,472,0.944,3,0,12,0,78,76,309
2023-12-21 02:00:00,P0137,Electronics,3936.65,3875.18,174,0.348,3,0,12,0,74,80,311
2023-12-21 03:00:00,P0200,Furniture,2080.91,1761.4,72,0.144,3,0,12,0,80,71,306
2023-12-21 04:00:00,P0179,Clothing,3438.71,3001.45,238,0.476,3,0,12,0,71,79,259
2023-12-21 05:00:00,P0035,Clothing,3032.05,2723.99,415,0.83,3,0,12,0,81,74,350
2023-12-21 06:00:00,P0082,Clothing,4879.41,4026.94,452,0.904,3,0,12,0,73,74,267
2023-12-21 07:00:00,P0133,Groceries,4692.04,5088.76,178,0.356,3,0,12,0,58,51,252
2023-12-21 08:00:00,P0142,Furniture,2167.11,2052.16,66,0.132,3,0,12,0,123,111,492
2023-12-21 09:00:00,P0158,Electronics,3631.71,3041.23,80,0.16,3,0,12,0,86,88,313
2023-12-21 10:00:00,P0004,Groceries,4155.83,4687.71,76,0.152,3,0,12,1,69,72,255
2023-12-21 11:00:00,P0167,Clothing,4499.48,4830.02,247,0.494,3,0,12,0,81,75,326
2023-12-21 12:00:00,P0192,Electronics,387.26,379.86,194,0.388,3,0,12,0,113,100,408
2023-12-21 13:00:00,P0153,Furniture,1545.29,1389.17,475,0.95,3,0,12,0,96,97,416
2023-12-21 14:00:00,P0156,Books,1635.14,1407.36,67,0.134,3,0,12,0,110,121,466
2023-12-21 15:00:00,P0194,Clothing,2200.51,2163.87,337,0.674,3,0,12,0,97,88,388
2023-12-21 16:00:00,P0150,Clothing,887.86,1024.68,55,0.11,3,0,12,0,96,102,417
2023-12-21 17:00:00,P0159,Clothing,2506.22,2193.84,98,0.196,3,0,12,0,100,97,381
2023-12-21 18:00:00,P0023,Clothing,3332.91,3424.44,269,0.538,3,0,12,0,81,92,347
2023-12-21 19:00:00,P0048,Electronics,2511.95,2975.84,399,0.798,3,0,12,0,88,77,373
2023-12-21 20:00:00,P0148,Furniture,3345.68,3529.18,75,0.15,3,0,12,0,80,69,325
2023-12-21 21:00:00,P0125,Groceries,378.89,369.79,330,0.66,3,0,12,0,97,86,374
2023-12-21 22:00:00,P0166,Electronics,4386.14,4765.76,65,0.13,3,0,12,0,72,78,291
2023-12-21 23:00:00,P0055,Furniture,4698.39,5308.39,32,0.064,3,0,12,0,80,90,349
2023-12-22 00:00:00,P0068,Groceries,3108.64,3221.19,268,0.536,4,0,12,0,81,89,297
2023-12-22 01:00:00,P0088,Clothing,4412.89,5069.23,29,0.058,4,0,12,0,73,78,275
2023-12-22 02:00:00,P0001,Furniture,700.66,704.75,25,0.05,4,0,12,0,109,95,449
2023-12-22 03:00:00,P0135,Clothing,3997.37,4525.07,369,0.738,4,0,12,0,81,74,336
2023-12-22 04:00:00,P0185,Furniture,639.78,755.46,209,0.418,4,0,12,0,111,125,414
2023-12-22 05:00:00,P0095,Books,2069.65,2070.68,268,0.536,4,0,12,0,95,98,403
2023-12-22 06:00:00,P0140,Clothing,1652.9,1722.32,323,0.646,4,0,12,0,95,94,413
2023-12-22 07:00:00,P0106,Clothing,2948.68,3077.79,122,0.244,4,0,12,0,97,101,355
2023-12-22 08:00:00,P0133,Clothing,1542.5,1716.15,32,0.064,4,0,12,0,93,84,407
2023-12-22 09:00:00,P0108,Electronics,3204.7,3618.7,142,0.284,4,0,12,0,93,104,356
2023-12-22 10:00:00,P0178,Groceries,1868.57,1515.21,144,0.288,4,0,12,0,98,103,377
2023-12-22 11:00:00,P0042,Clothing,4310.91,4713.31,261,0.522,4,0,12,0,65,64,236
2023-12-22 12:00:00,P0102,Clothing,3187.73,3549.62,4,0.008,4,0,12,0,89,88,356
2023-12-22 13:00:00,P0124,Electronics,1115.73,1205.18,160,0.32,4,0,12,0,101,111,441
2023-12-22 14:00:00,P0140,Electronics,1713.84,1860.34,309,0.618,4,0,12,0,96,90,358
2023-12-22 15:00:00,P0103,Books,4244.73,3466.08,143,0.286,4,0,12,0,82,73,333
2023-12-22 16:00:00,P0146,Furniture,1963.07,1917.56,429,0.858,4,0,12,0,77,70,294
2023-12-22 17:00:00,P0194,Clothing,2702.21,3046.13,151,0.302,4,0,12,0,105,92,380
2023-12-22 18:00:00,P0074,Furniture,3262.26,3828.6,380,0.76,4,0,12,0,64,64,281
2023-12-22 19:00:00,P0108,Electronics,1771.66,1579.94,4,0.008,4,0,12,0,95,100,396
2023-12-22 20:00:00,P0122,Electronics,1505.19,1552.87,194,0.388,4,0,12,0,118,133,494
2023-12-22 21:00:00,P0017,Books,2402.51,2694.97,482,0.964,4,0,12,0,69,74,285
2023-12-22 22:00:00,P0196,Groceries,1113.66,1226.1,124,0.248,4,0,12,0,99,101,368
2023-12-22 23:00:00,P0071,Electronics,1456.84,1526.12,474,0.948,4,0,12,0,82,91,309
2023-12-23 00:00:00,P0062,Clothing,357.29,288.5,75,0.15,5,1,12,0,99,111,387
2023-12-23 01:00:00,P0041,Books,1554.65,1693.88,305,0.61,5,1,12,0,107,114,470
2023-12-23 02:00:00,P0119,Groceries,1637.49,1816.46,168,0.336,5,1,12,0,118,102,488
2023-12-23 03:00:00,P0162,Books,4811.07,5239.93,216,0.432,5,1,12,0,82,77,324
2023-12-23 04:00:00,P0198,Electronics,2969.16,3284.85,182,0.364,5,1,12,0,93,88,371
2023-12-23 05:00:00,P0045,Groceries,3947.54,3838.45,336,0.672,5,1,12,0,67,77,291
2023-12-23 06:00:00,P0058,Furniture,274.62,328.86,112,0.224,5,1,12,0,121,120,455
2023-12-23 07:00:00,P0179,Groceries,577.36,639.9,275,0.55,5,1,12,0,109,118,420
2023-12-23 08:00:00,P0126,Clothing,4081.96,4210.43,475,0.95,5,1,12,0,80,88,312
2023-12-23 09:00:00,P0162,Furniture,3136.57,3681.32,177,0.354,5,1,12,0,92,96,397
2023-12-23 10:00:00,P0044,Furniture,995.36,1157.88,124,0.248,5,1,12,0,126,108,532
2023-12-23 11:00:00,P0015,Clothing,2053.74,2312.16,290,0.58,5,1,12,1,84,72,342
2023-12-23 12:00:00,P0078,Furniture,2716.43,2785.64,433,0.866,5,1,12,0,98,107,377
2023-12-23 13:00:00,P0070,Electronics,4225.87,4271.68,462,0.924,5,1,12,0,81,87,305
2023-12-23 14:00:00,P0178,Groceries,349.04,325.12,416,0.832,5,1,12,1,102,103,394
2023-12-23 15:00:00,P0101,Groceries,3003.78,2704.46,322,0.644,5,1,12,0,87,80,378
2023-12-23 16:00:00,P0160,Clothing,3599.33,3617.12,198,0.396,5,1,12,0,89,78,385
2023-12-23 17:00:00,P0195,Electronics,4890.56,5042.72,137,0.274,5,1,12,0,89,80,350
2023-12-23 18:00:00,P0003,Furniture,4045.44,3632.04,488,0.976,5,1,12,1,76,78,293
2023-12-23 19:00:00,P0086,Groceries,1417.33,1656.92,217,0.434,5,1,12,0,117,119,504
2023-12-23 20:00:00,P0074,Groceries,3562.42,3644.03,296,0.592,5,1,12,0,89,101,352
2023-12-23 21:00:00,P0051,Groceries,3828.23,3868.82,167,0.334,5,1,12,0,98,111,356
2023-12-23 22:00:00,P0067,Groceries,3662.19,3567.91,133,0.266,5,1,12,0,95,97,368
2023-12-23 23:00:00,P0076,Books,4109.71,3383.23,160,0.32,5,1,12,0,77,85,315
2023-12-24 00:00:00,P0093,Clothing,4523.46,5215.37,271,0.542,6,1,12,0,78,85,340
2023-12-24 01:00:00,P0176,Furniture,537.23,497.9,279,0.558,6,1,12,0,131,141,516
2023-12-24 02:00:00,P0145,Furniture,568.58,600.98,247,0.494,6,1,12,0,124,122,470
2023-12-24 03:00:00,P0007,Clothing,3992.18,4163.74,221,0.442,6,1,12,1,76,73,297
2023-12-24 04:00:00,P0013,Electronics,1299.24,1343.15,315,0.63,6,1,12,0,130,121,474
2023-12-24 05:00:00,P0120,Clothing,339.78,343.27,376,0.752,6,1,12,1,110,124,475
2023-12-24 06:00:00,P0066,Groceries,2036.08,1776.63,329,0.658,6,1,12,0,112,123,406
2023-12-24 07:00:00,P0004,Groceries,4108.39,3747.85,394,0.788,6,1,12,0,92,83,331
2023-12-24 08:00:00,P0138,Clothing,676.5,683.05,171,0.342,6,1,12,0,136,126,556
2023-12-24 09:00:00,P0088,Clothing,3375.62,3766.3,469,0.938,6,1,12,0,77,79,287
2023-12-24 10:00:00,P0017,Furniture,67.9,66.05,258,0.516,6,1,12,0,139,135,533
2023-12-24 11:00:00,P0052,Furniture,593.2,522.95,421,0.842,6,1,12,0,116,106,463
2023-12-24 12:00:00,P0134,Books,1786.71,1492.22,255,0.51,6,1,12,0,94,102,398
2023-12-24 13:00:00,P0069,Books,463.83,494.07,167,0.334,6,1,12,0,124,105,485
2023-12-24 14:00:00,P0137,Groceries,4237.21,4107.28,470,0.94,6,1,12,0,69,66,301
2023-12-24 15:00:00,P0021,Books,4327.15,3678.72,492,0.984,6,1,12,0,78,88,309
2023-12-24 16:00:00,P0024,Books,3790.07,4054.57,119,0.238,6,1,12,0,100,108,434
2023-12-24 17:00:00,P0004,Electronics,1250.27,1104.03,18,0.036,6,1,12,0,137,133,543
2023-12-24 18:00:00,P0152,Clothing,2640.07,2649.59,295,0.59,6,1,12,0,97,109,389
2023-12-24 19:00:00,P0187,Furniture,961.73,887.17,308,0.616,6,1,12,1,104,117,454
2023-12-24 20:00:00,P0003,Books,1442.33,1691.39,246,0.492,6,1,12,0,99,86,410
2023-12-24 21:00:00,P0068,Furniture,2604.23,2321.19,204,0.408,6,1,12,0,109,97,405
2023-12-24 22:00:00,P0101,Books,3688.32,3570.17,419,0.838,6,1,12,0,92,89,375
2023-12-24 23:00:00,P0168,Books,518.54,613.85,66,0.132,6,1,12,0,136,154,514
2023-12-25 00:00:00,P0176,Groceries,1518.65,1408.53,341,0.682,0,0,12,0,85,94,327
2023-12-25 01:00:00,P0054,Electronics,4636.78,4904.96,344,0.688,0,0,12,0,63,54,269
2023-12-25 02:00:00,P0035,Clothing,2174.16,2014.77,403,0.806,0,0,12,0,81,81,336
2023-12-25 03:00:00,P0056,Clothing,4697.4,3965.87,411,0.822,0,0,12,1,55,59,211
2023-12-25 04:00:00,P0108,Groceries,4957.43,5210.35,184,0.368,0,0,12,0,71,66,256
2023-12-25 05:00:00,P0040,Groceries,2656.97,3099.12,386,0.772,0,0,12,0,81,86,326
2023-12-25 06:00:00,P0068,Clothing,1475.82,1447.82,341,0.682,0,0,12,0,107,103,407
2023-12-25 07:00:00,P0046,Clothing,3964.35,4164.43,107,0.214,0,0,12,0,71,66,257
2023-12-25 08:00:00,P0078,Electronics,838.59,875.12,164,0.328,0,0,12,0,104,101,380
2023-12-25 09:00:00,P0141,Books,1297.63,1253.56,120,0.24,0,0,12,0,90,102,372
2023-12-25 10:00:00,P0155,Electronics,3935.16,4116.01,485,0.97,0,0,12,0,66,74,259
2023-12-25 11:00:00,P0006,Clothing,2196.55,1985.08,401,0.802,0,0,12,0,92,103,351
2023-12-25 12:00:00,P0017,Books,1047.61,996.5,83,0.166,0,0,12,0,107,120,461
2023-12-25 13:00:00,P0164,Clothing,3273.07,3197.55,301,0.602,0,0,12,0,72,65,307
2023-12-25 14:00:00,P0099,Electronics,3677.17,4212.58,260,0.52,0,0,12,0,66,74,262
2023-12-25 15:00:00,P0081,Electronics,669.1,628.51,106,0.212,0,0,12,0,106,97,405
2023-12-25 16:00:00,P0002,Electronics,1421.05,1497.86,122,0.244,0,0,12,0,104,115,417
2023-12-25 17:00:00,P0077,Books,1145.32,1014.02,72,0.144,0,0,12,0,115,116,483
2023-12-25 18:00:00,P0180,Furniture,1930.28,1739.24,476,0.952,0,0,12,0,79,73,285
2023-12-25 19:00:00,P0066,Furniture,3829.05,4056.39,336,0.672,0,0,12,0,68,66,278
2023-12-25 20:00:00,P0052,Clothing,3582.86,3958.79,459,0.918,0,0,12,0,88,86,367
2023-12-25 21:00:00,P0092,Books,3329.49,3279.04,312,0.624,0,0,12,0,79,85,336
2023-12-25 22:00:00,P0171,Groceries,81.11,75.76,153,0.306,0,0,12,0,124,128,468
2023-12-25 23:00:00,P0022,Furniture,753.61,877.28,288,0.576,0,0,12,0,89,97,335
2023-12-26 00:00:00,P0111,Books,1155.32,987.02,96,0.192,1,0,12,0,109,106,411
2023-12-26 01:00:00,P0107,Books,1396.18,1519.44,291,0.582,1,0,12,0,103,111,448
2023-12-26 02:00:00,P0183,Furniture,774.81,833.75,348,0.696,1,0,12,0,100,109,371
2023-12-26 03:00:00,P0067,Books,2081.06,2239.42,277,0.554,1,0,12,0,75,65,316
2023-12-26 04:00:00,P0188,Books,422.14,495.66,253,0.506,1,0,12,0,97,93,426
2023-12-26 05:00:00,P0186,Furniture,3762.61,4106.05,81,0.162,1,0,12,0,85,95,370
2023-12-26 06:00:00,P0140,Electronics,3949.22,3635.75,16,0.032,1,0,12,0,69,73,271
2023-12-26 07:00:00,P0069,Clothing,2892.62,2723.01,299,0.598,1,0,12,0,104,101,444
2023-12-26 08:00:00,P0084,Groceries,494.04,472.52,179,0.358,1,0,12,0,121,109,500
2023-12-26 09:00:00,P0103,Clothing,4455.91,3619.64,215,0.43,1,0,12,0,61,54,262
2023-12-26 10:00:00,P0039,Electronics,4829.9,5628.79,21,0.042,1,0,12,0,75,69,280
2023-12-26 11:00:00,P0013,Electronics,1051.7,872.3,235,0.47,1,0,12,1,102,94,430
2023-12-26 12:00:00,P0041,Books,3537.97,3820.72,452,0.904,1,0,12,0,81,78,330
2023-12-26 13:00:00,P0057,Clothing,4217.6,4605.89,384,0.768,1,0,12,0,52,47,210
2023-12-26 14:00:00,P0181,Electronics,2722.23,3096.5,210,0.42,1,0,12,0,89,80,372
2023-12-26 15:00:00,P0012,Clothing,1650.45,1685.68,285,0.57,1,0,12,0,83,92,317
2023-12-26 16:00:00,P0013,Electronics,2418.87,2636.82,422,0.844,1,0,12,1,87,80,318
2023-12-26 17:00:00,P0120,Groceries,2585.73,2381.69,206,0.412,1,0,12,0,79,80,316
2023-12-26 18:00:00,P0097,Electronics,2033.15,2232.87,493,0.986,1,0,12,0,95,86,365
2023-12-26 19:00:00,P0057,Clothing,4652.72,4361.3,418,0.836,1,0,12,0,67,67,255
2023-12-26 20:00:00,P0040,Books,3732.22,4333.61,324,0.648,1,0,12,0,62,58,273
2023-12-26 21:00:00,P0118,Clothing,1244.44,1076.88,254,0.508,1,0,12,0,74,65,278
2023-12-26 22:00:00,P0080,Furniture,2948.51,2731.21,453,0.906,1,0,12,0,82,94,311
2023-12-26 23:00:00,P0128,Clothing,3459.01,3457.31,344,0.688,1,0,12,0,72,71,278
2023-12-27 00:00:00,P0173,Groceries,743.77,825.84,10,0.02,2,0,12,0,119,115,476
2023-12-27 01:00:00,P0035,Groceries,1824.21,2005.75,306,0.612,2,0,12,0,86,78,369
2023-12-27 02:00:00,P0003,Groceries,4532.46,4007.99,318,0.636,2,0,12,0,77,77,288
2023-12-27 03:00:00,P0120,Electronics,2857.51,2450.87,341,0.682,2,0,12,0,90,94,368
2023-12-27 04:00:00,P0005,Groceries,1124.14,1035.99,378,0.756,2,0,12,0,100,94,389
2023-12-27 05:00:00,P0011,Clothing,657.78,653.51,33,0.066,2,0,12,0,102,101,432
2023-12-27 06:00:00,P0126,Books,2615.22,2656.02,120,0.24,2,0,12,0,86,79,351
2023-12-27 07:00:00,P0071,Groceries,2761.04,2682.78,235,0.47,2,0,12,0,84,85,356
2023-12-27 08:00:00,P0117,Clothing,1705.35,1816.6,182,0.364,2,0,12,0,87,94,373
2023-12-27 09:00:00,P0184,Electronics,3170.56,3078.69,77,0.154,2,0,12,0,93,81,403
2023-12-27 10:00:00,P0138,Electronics,389.99,459.62,122,0.244,2,0,12,0,108,109,475
2023-12-27 11:00:00,P0106,Books,768.44,694.97,456,0.912,2,0,12,0,94,91,385
2023-12-27 12:00:00,P0116,Books,2754.06,2894.38,275,0.55,2,0,12,0,81,71,333
2023-12-27 13:00:00,P0162,Clothing,355.99,371.85,207,0.414,2,0,12,0,108,122,401
2023-12-27 14:00:00,P0067,Books,4410.5,4025.15,185,0.37,2,0,12,0,74,69,273
2023-12-27 15:00:00,P0200,Books,753.62,727.0,464,0.928,2,0,12,0,90,92,359
2023-12-27 16:00:00,P0031,Electronics,3385.9,3203.7,16,0.032,2,0,12,0,85,82,353
2023-12-27 17:00:00,P0075,Clothing,1986.46,1726.23,289,0.578,2,0,12,0,87,81,330
2023-12-27 18:00:00,P0071,Books,2028.95,2010.52,489,0.978,2,0,12,0,80,81,309
2023-12-27 19:00:00,P0066,Clothing,3836.2,3662.29,253,0.506,2,0,12,0,76,80,316
2023-12-27 20:00:00,P0070,Groceries,2522.34,2197.78,458,0.916,2,0,12,0,60,65,226
2023-12-27 21:00:00,P0041,Electronics,3641.99,3568.98,98,0.196,2,0,12,0,94,98,378
2023-12-27 22:00:00,P0191,Electronics,2550.7,2470.96,445,0.89,2,0,12,0,88,89,355
2023-12-27 23:00:00,P0160,Electronics,2984.88,2544.75,417,0.834,2,0,12,0,80,87,347
2023-12-28 00:00:00,P0020,Furniture,3815.54,3252.65,483,0.966,3,0,12,0,76,76,298
2023-12-28 01:00:00,P0185,Clothing,3056.18,3236.5,455,0.91,3,0,12,0,66,75,249
2023-12-28 02:00:00,P0178,Groceries,3097.29,3353.23,146,0.292,3,0,12,0,71,72,265
2023-12-28 03:00:00,P0153,Books,3956.64,4654.88,371,0.742,3,0,12,0,58,55,222
2023-12-28 04:00:00,P0140,Groceries,4747.98,3963.62,113,0.226,3,0,12,0,75,74,287
2023-12-28 05:00:00,P0199,Clothing,1914.74,1622.06,96,0.192,3,0,12,0,100,100,420
2023-12-28 06:00:00,P0039,Electronics,2906.73,2385.63,381,0.762,3,0,12,0,83,78,338
2023-12-28 07:00:00,P0145,Furniture,477.05,483.2,375,0.75,3,0,12,0,110,99,456
2023-12-28 08:00:00,P0045,Clothing,1826.08,1915.74,470,0.94,3,0,12,0,66,65,271
2023-12-28 09:00:00,P0139,Clothing,2089.64,2009.0,321,0.642,3,0,12,0,79,88,315
2023-12-28 10:00:00,P0070,Books,4184.42,4683.04,327,0.654,3,0,12,0,66,61,287
2023-12-28 11:00:00,P0125,Groceries,2591.29,2784.81,348,0.696,3,0,12,0,90,86,383
2023-12-28 12:00:00,P0151,Groceries,3668.78,4381.76,169,0.338,3,0,12,0,81,87,305
2023-12-28 13:00:00,P0091,Books,144.09,123.22,306,0.612,3,0,12,0,135,118,532
2023-12-28 14:00:00,P0070,Furniture,2349.24,1934.19,198,0.396,3,0,12,0,81,89,310
2023-12-28 15:00:00,P0166,Electronics,4511.52,4105.13,176,0.352,3,0,12,0,76,81,319
2023-12-28 16:00:00,P0130,Electronics,1160.35,937.12,123,0.246,3,0,12,0,114,116,442
2023-12-28 17:00:00,P0084,Furniture,206.03,241.68,156,0.312,3,0,12,0,128,117,526
2023-12-28 18:00:00,P0089,Books,2195.37,2023.21,94,0.188,3,0,12,0,94,83,360
2023-12-28 19:00:00,P0079,Clothing,3536.94,3611.12,285,0.57,3,0,12,0,68,63,254
2023-12-28 20:00:00,P0113,Groceries,2299.59,2132.24,98,0.196,3,0,12,0,101,109,364
2023-12-28 21:00:00,P0093,Clothing,2326.89,2090.3,408,0.816,3,0,12,0,87,98,382
2023-12-28 22:00:00,P0072,Groceries,3365.53,2897.54,366,0.732,3,0,12,0,81,87,306
2023-12-28 23:00:00,P0165,Clothing,1309.22,1215.15,451,0.902,3,0,12,0,104,105,444
2023-12-29 00:00:00,P0049,Books,3771.85,3945.99,368,0.736,4,0,12,0,72,82,307
2023-12-29 01:00:00,P0052,Books,807.91,960.32,234,0.468,4,0,12,0,93,102,352
2023-12-29 02:00:00,P0033,Furniture,2008.97,2055.65,189,0.378,4,0,12,0,100,105,393
2023-12-29 03:00:00,P0022,Clothing,3297.24,3340.38,293,0.586,4,0,12,0,82,71,350
2023-12-29 04:00:00,P0114,Clothing,4150.43,3378.89,272,0.544,4,0,12,0,71,66,295
2023-12-29 05:00:00,P0133,Furniture,3968.08,4507.9,329,0.658,4,0,12,0,66,62,257
2023-12-29 06:00:00,P0018,Furniture,3622.34,2962.84,384,0.768,4,0,12,0,77,73,336
2023-12-29 07:00:00,P0166,Books,1827.53,2124.49,17,0.034,4,0,12,0,111,107,430
2023-12-29 08:00:00,P0118,Books,655.41,665.55,446,0.892,4,0,12,0,81,92,305
2023-12-29 09:00:00,P0117,Clothing,1123.33,974.36,173,0.346,4,0,12,0,103,110,383
2023-12-29 10:00:00,P0037,Books,4330.93,4247.27,402,0.804,4,0,12,0,72,76,300
2023-12-29 11:00:00,P0064,Books,4293.79,5143.93,380,0.76,4,0,12,0,81,79,293
2023-12-29 12:00:00,P0138,Clothing,4760.23,4389.09,305,0.61,4,0,12,1,67,64,287
2023-12-29 13:00:00,P0079,Furniture,426.14,386.84,119,0.238,4,0,12,0,129,114,496
2023-12-29 14:00:00,P0170,Clothing,2707.2,2293.55,255,0.51,4,0,12,0,93,92,362
2023-12-29 15:00:00,P0123,Electronics,3260.98,3387.69,95,0.19,4,0,12,0,93,85,394
2023-12-29 16:00:00,P0176,Clothing,3567.75,2981.54,309,0.618,4,0,12,0,71,69,302
2023-12-29 17:00:00,P0044,Electronics,3237.12,3581.56,30,0.06,4,0,12,0,110,99,431
2023-12-29 18:00:00,P0082,Clothing,3861.56,4509.1,96,0.192,4,0,12,0,81,77,327
2023-12-29 19:00:00,P0087,Electronics,1829.38,2145.4,469,0.938,4,0,12,1,88,76,365
2023-12-29 20:00:00,P0016,Electronics,938.19,791.05,192,0.384,4,0,12,0,104,89,432
2023-12-29 21:00:00,P0054,Clothing,1062.69,1087.46,232,0.464,4,0,12,0,114,127,459
2023-12-29 22:00:00,P0102,Books,109.29,91.68,45,0.09,4,0,12,0,140,146,599
2023-12-29 23:00:00,P0163,Groceries,1784.09,1835.48,290,0.58,4,0,12,0,99,102,423
2023-12-30 00:00:00,P0098,Books,504.13,567.65,235,0.47,5,1,12,0,117,117,501
2023-12-30 01:00:00,P0156,Electronics,1641.37,1666.18,48,0.096,5,1,12,0,138,147,526
2023-12-30 02:00:00,P0002,Clothing,3159.64,3629.86,336,0.672,5,1,12,0,80,86,304
2023-12-30 03:00:00,P0094,Clothing,4477.67,5017.99,161,0.322,5,1,12,0,78,88,290
2023-12-30 04:00:00,P0141,Clothing,4206.05,3830.11,284,0.568,5,1,12,0,71,66,303
2023-12-30 05:00:00,P0169,Clothing,1300.74,1368.43,133,0.266,5,1,12,0,114,124,416
2023-12-30 06:00:00,P0059,Groceries,713.71,573.08,256,0.512,5,1,12,0,131,150,486
2023-12-30 07:00:00,P0069,Furniture,1005.71,963.89,182,0.364,5,1,12,0,117,100,508
2023-12-30 08:00:00,P0119,Electronics,4856.38,4347.35,26,0.052,5,1,12,0,84,81,311
2023-12-30 09:00:00,P0092,Groceries,2769.9,3254.21,139,0.278,5,1,12,0,106,104,392
2023-12-30 10:00:00,P0181,Books,953.39,917.31,259,0.518,5,1,12,1,114,125,493
2023-12-30 11:00:00,P0045,Furniture,4211.69,4471.24,79,0.158,5,1,12,0,79,67,304
2023-12-30 12:00:00,P0148,Furniture,2006.2,2192.36,179,0.358,5,1,12,0,91,94,392
2023-12-30 13:00:00,P0024,Clothing,4501.15,4993.06,383,0.766,5,1,12,0,87,97,339
2023-12-30 14:00:00,P0189,Groceries,1340.35,1466.76,266,0.532,5,1,12,0,105,94,409
2023-12-30 15:00:00,P0091,Books,1996.45,1828.08,51,0.102,5,1,12,0,106,94,393
2023-12-30 16:00:00,P0094,Clothing,2549.49,2739.24,83,0.166,5,1,12,0,91,105,394
2023-12-30 17:00:00,P0058,Clothing,4468.45,4556.05,409,0.818,5,1,12,0,76,83,320
2023-12-30 18:00:00,P0155,Electronics,4350.35,4519.79,155,0.31,5,1,12,0,90,95,340
2023-12-30 19:00:00,P0154,Furniture,2893.06,2315.39,489,0.978,5,1,12,0,86,83,360
2023-12-30 20:00:00,P0128,Books,1147.79,1036.8,327,0.654,5,1,12,0,116,128,427
2023-12-30 21:00:00,P0007,Furniture,2046.62,2399.2,449,0.898,5,1,12,0,79,89,318
2023-12-30 22:00:00,P0170,Groceries,4879.38,4469.66,103,0.206,5,1,12,0,83,89,316
2023-12-30 23:00:00,P0047,Electronics,3058.48,2982.65,345,0.69,5,1,12,0,88,85,377
2023-12-31 00:00:00,P0053,Clothing,3916.43,3425.58,410,0.82,6,1,12,0,70,72,281
2023-12-31 01:00:00,P0187,Electronics,2276.83,1947.69,96,0.192,6,1,12,0,92,81,399
2023-12-31 02:00:00,P0038,Clothing,2683.44,2370.73,124,0.248,6,1,12,0,95,85,386
2023-12-31 03:00:00,P0197,Electronics,2173.32,2219.96,182,0.364,6,1,12,0,94,102,376
2023-12-31 04:00:00,P0053,Clothing,3529.46,4121.04,326,0.652,6,1,12,0,91,78,378
2023-12-31 05:00:00,P0143,Furniture,4264.78,3968.29,53,0.106,6,1,12,0,93,80,393
2023-12-31 06:00:00,P0154,Furniture,2561.45,2380.52,301,0.602,6,1,12,0,100,100,361
2023-12-31 07:00:00,P0048,Furniture,2430.29,2492.64,163,0.326,6,1,12,0,109,98,438
2023-12-31 08:00:00,P0095,Furniture,1734.42,1635.03,383,0.766,6,1,12,0,87,82,367
2023-12-31 09:00:00,P0147,Electronics,926.63,1078.75,148,0.296,6,1,12,1,128,124,503
2023-12-31 10:00:00,P0137,Clothing,4699.28,4469.67,432,0.864,6,1,12,0,79,80,287
2023-12-31 11:00:00,P0064,Furniture,1614.59,1608.42,289,0.578,6,1,12,0,112,105,405
2023-12-31 12:00:00,P0093,Electronics,4013.42,4067.02,377,0.754,6,1,12,0,81,81,343
2023-12-31 13:00:00,P0182,Clothing,3590.97,3996.13,86,0.172,6,1,12,0,88,85,331
2023-12-31 14:00:00,P0125,Electronics,3965.04,4066.4,161,0.322,6,1,12,0,92,80,344
2023-12-31 15:00:00,P0179,Furniture,4687.0,4197.97,167,0.334,6,1,12,0,78,87,299
2023-12-31 16:00:00,P0039,Groceries,3135.69,2664.07,134,0.268,6,1,12,0,108,101,398
2023-12-31 17:00:00,P0004,Electronics,4494.85,5281.94,89,0.178,6,1,12,0,88,91,321
2023-12-31 18:00:00,P0126,Furniture,880.1,986.26,487,0.974,6,1,12,1,106,108,456
2023-12-31 19:00:00,P0003,Books,3152.23,2550.74,307,0.614,6,1,12,0,89,81,342
2023-12-31 20:00:00,P0064,Clothing,3872.76,4370.84,304,0.608,6,1,12,0,84,72,342
2023-12-31 21:00:00,P0029,Furniture,1394.62,1445.16,374,0.748,6,1,12,0,106,117,454
2023-12-31 22:00:00,P0116,Books,3716.73,3744.82,80,0.16,6,1,12,0,94,94,412
2023-12-31 23:00:00,P0011,Electronics,3903.46,3141.86,350,0.7,6,1,12,0,73,71,303
2024-01-01 00:00:00,P0097,Electronics,4164.38,4632.23,230,0.46,0,0,1,0,76,82,331
2024-01-01 01:00:00,P0102,Books,1598.77,1405.68,88,0.176,0,0,1,0,103,89,406
2024-01-01 02:00:00,P0186,Books,3423.95,3736.19,292,0.584,0,0,1,0,69,74,292
2024-01-01 03:00:00,P0155,Clothing,1556.05,1254.72,445,0.89,0,0,1,0,92,89,400
2024-01-01 04:00:00,P0021,Electronics,3708.25,4147.83,398,0.796,0,0,1,0,73,74,266
2024-01-01 05:00:00,P0039,Books,2341.72,1894.96,1,0.002,0,0,1,0,89,96,343
2024-01-01 06:00:00,P0102,Groceries,3007.84,2690.08,394,0.788,0,0,1,0,84,85,352
2024-01-01 07:00:00,P0046,Groceries,2108.41,1912.98,351,0.702,0,0,1,0,100,87,385
2024-01-01 08:00:00,P0066,Books,851.82,735.12,221,0.442,0,0,1,0,98,105,354
2024-01-01 09:00:00,P0091,Clothing,931.25,924.19,16,0.032,0,0,1,0,112,122,476
2024-01-01 10:00:00,P0164,Electronics,433.97,396.42,471,0.942,0,0,1,0,110,109,410
2024-01-01 11:00:00,P0111,Groceries,3109.46,3723.0,428,0.856,0,0,1,0,60,59,231
2024-01-01 12:00:00,P0082,Books,4250.76,4386.73,195,0.39,0,0,1,0,88,81,381
2024-01-01 13:00:00,P0123,Books,153.14,157.21,119,0.238,0,0,1,0,115,120,433
2024-01-01 14:00:00,P0193,Furniture,377.89,335.7,241,0.482,0,0,1,0,115,128,496
2024-01-01 15:00:00,P0191,Books,2314.46,2229.93,444,0.888,0,0,1,0,69,72,272
2024-01-01 16:00:00,P0099,Clothing,3701.72,3144.95,173,0.346,0,0,1,0,69,75,299
2024-01-01 17:00:00,P0035,Groceries,830.65,917.88,31,0.062,0,0,1,1,100,110,430
2024-01-01 18:00:00,P0159,Furniture,1394.67,1300.48,274,0.548,0,0,1,0,87,80,342
2024-01-01 19:00:00,P0156,Groceries,1198.43,1319.22,194,0.388,0,0,1,0,78,76,338
2024-01-01 20:00:00,P0103,Groceries,2025.3,1921.36,3,0.006,0,0,1,0,88,86,361
2024-01-01 21:00:00,P0129,Clothing,1163.74,1391.25,280,0.56,0,0,1,0,90,92,358
2024-01-01 22:00:00,P0025,Books,1795.36,1559.18,456,0.912,0,0,1,0,75,65,302
2024-01-01 23:00:00,P0043,Clothing,3656.29,2927.26,20,0.04,0,0,1,0,97,100,354
2024-01-02 00:00:00,P0084,Books,3074.5,3191.12,470,0.94,1,0,1,0,81,71,344
2024-01-02 01:00:00,P0195,Furniture,451.85,533.72,237,0.474,1,0,1,0,99,108,380
2024-01-02 02:00:00,P0191,Clothing,3206.84,3395.47,92,0.184,1,0,1,1,91,104,347
2024-01-02 03:00:00,P0051,Clothing,2411.53,2011.91,477,0.954,1,0,1,0,84,79,350
2024-01-02 04:00:00,P0130,Electronics,4676.1,4751.82,88,0.176,1,0,1,0,60,60,234
2024-01-02 05:00:00,P0126,Clothing,1482.06,1724.81,112,0.224,1,0,1,0,106,116,425
2024-01-02 06:00:00,P0192,Electronics,3644.52,2925.1,220,0.44,1,0,1,0,75,71,295
2024-01-02 07:00:00,P0069,Books,3667.76,3179.09,97,0.194,1,0,1,0,88,79,352
2024-01-02 08:00:00,P0009,Books,1146.43,1290.68,141,0.282,1,0,1,0,93,100,351
2024-01-02 09:00:00,P0002,Books,4520.96,5233.3,149,0.298,1,0,1,0,77,82,332
2024-01-02 10:00:00,P0162,Electronics,2481.36,2686.98,47,0.094,1,0,1,0,105,107,429
2024-01-02 11:00:00,P0188,Books,3410.47,4081.05,50,0.1,1,0,1,0,89,101,337
2024-01-02 12:00:00,P0189,Groceries,771.99,645.45,207,0.414,1,0,1,0,86,98,316
2024-01-02 13:00:00,P0159,Clothing,1326.13,1350.36,10,0.02,1,0,1,0,133,147,536
2024-01-02 14:00:00,P0010,Electronics,2951.23,3169.61,442,0.884,1,0,1,0,83,78,330
2024-01-02 15:00:00,P0114,Books,1629.18,1761.24,269,0.538,1,0,1,0,93,85,404
2024-01-02 16:00:00,P0076,Groceries,2523.48,2819.72,262,0.524,1,0,1,0,93,102,352
2024-01-02 17:00:00,P0164,Clothing,1901.33,2218.95,196,0.392,1,0,1,0,115,120,495
2024-01-02 18:00:00,P0085,Clothing,3220.74,3042.49,185,0.37,1,0,1,0,72,70,303
2024-01-02 19:00:00,P0049,Books,2461.37,2011.4,295,0.59,1,0,1,0,96,93,382
2024-01-02 20:00:00,P0070,Groceries,72.82,68.81,220,0.44,1,0,1,0,109,121,469
2024-01-02 21:00:00,P0177,Electronics,3265.92,3490.11,80,0.16,1,0,1,0,84,76,360
2024-01-02 22:00:00,P0131,Books,2139.5,1894.28,221,0.442,1,0,1,0,90,102,375
2024-01-02 23:00:00,P0133,Clothing,1741.41,1957.33,408,0.816,1,0,1,0,71,74,261
2024-01-03 00:00:00,P0189,Clothing,516.03,458.19,461,0.922,2,0,1,0,102,111,380
2024-01-03 01:00:00,P0090,Clothing,1140.83,917.26,378,0.756,2,0,1,0,72,69,293
2024-01-03 02:00:00,P0026,Books,1157.67,1161.41,169,0.338,2,0,1,0,97,100,368
2024-01-03 03:00:00,P0072,Furniture,4680.08,5104.02,85,0.17,2,0,1,0,69,74,279
2024-01-03 04:00:00,P0005,Furniture,2190.94,2059.18,43,0.086,2,0,1,0,94,92,381
2024-01-03 05:00:00,P0015,Furniture,258.23,283.94,260,0.52,2,0,1,0,84,84,342
2024-01-03 06:00:00,P0123,Groceries,737.14,718.98,103,0.206,2,0,1,0,119,122,483
2024-01-03 07:00:00,P0144,Books,441.21,383.27,283,0.566,2,0,1,0,86,75,336
2024-01-03 08:00:00,P0001,Clothing,2964.9,2479.32,459,0.918,2,0,1,0,70,78,264
2024-01-03 09:00:00,P0144,Groceries,973.78,1055.81,227,0.454,2,0,1,0,97,108,389
2024-01-03 10:00:00,P0165,Furniture,2517.86,2402.76,187,0.374,2,0,1,0,87,81,348
2024-01-03 11:00:00,P0003,Electronics,1881.81,2192.51,460,0.92,2,0,1,0,90,100,344
2024-01-03 12:00:00,P0180,Groceries,4029.19,4094.07,120,0.24,2,0,1,0,78,84,284
2024-01-03 13:00:00,P0047,Groceries,1636.42,1537.21,148,0.296,2,0,1,0,118,117,444
2024-01-03 14:00:00,P0095,Books,2318.41,2178.37,351,0.702,2,0,1,0,89,85,360
2024-01-03 15:00:00,P0013,Groceries,3620.36,3086.63,304,0.608,2,0,1,0,79,77,318
2024-01-03 16:00:00,P0120,Books,2195.09,2277.44,439,0.878,2,0,1,0,80,81,297
2024-01-03 17:00:00,P0055,Electronics,3976.42,4107.11,56,0.112,2,0,1,0,83,81,339
2024-01-03 18:00:00,P0149,Clothing,3325.34,3724.37,340,0.68,2,0,1,0,74,72,291
2024-01-03 19:00:00,P0066,Clothing,2082.12,1833.26,188,0.376,2,0,1,0,89,81,367
2024-01-03 20:00:00,P0182,Furniture,2544.71,2331.76,356,0.712,2,0,1,0,111,118,478
2024-01-03 21:00:00,P0155,Furniture,4837.66,4058.29,37,0.074,2,0,1,0,84,87,323
2024-01-03 22:00:00,P0166,Electronics,3324.98,3052.79,200,0.4,2,0,1,0,75,86,291
2024-01-03 23:00:00,P0090,Clothing,4529.73,4399.46,228,0.456,2,0,1,1,75,67,311
2024-01-04 00:00:00,P0186,Furniture,934.85,1108.37,385,0.77,3,0,1,0,99,88,432
2024-01-04 01:00:00,P0062,Groceries,2442.02,2591.54,130,0.26,3,0,1,0,86,86,343
2024-01-04 02:00:00,P0102,Books,4547.88,5062.47,170,0.34,3,0,1,0,87,78,325
2024-01-04 03:00:00,P0174,Furniture,1646.93,1531.98,329,0.658,3,0,1,0,91,94,396
2024-01-04 04:00:00,P0139,Electronics,4839.94,4151.73,34,0.068,3,0,1,0,83,75,330
2024-01-04 05:00:00,P0200,Clothing,530.53,478.9,200,0.4,3,0,1,0,100,99,397
2024-01-04 06:00:00,P0008,Electronics,4518.22,4078.09,167,0.334,3,0,1,0,80,83,323
2024-01-04 07:00:00,P0097,Books,2253.8,2328.73,495,0.99,3,0,1,0,93,92,354
2024-01-04 08:00:00,P0117,Books,415.03,388.71,380,0.76,3,0,1,0,91,86,385
2024-01-04 09:00:00,P0199,Electronics,4403.63,5033.17,245,0.49,3,0,1,0,69,75,284
2024-01-04 10:00:00,P0064,Furniture,1297.1,1550.58,223,0.446,3,0,1,0,99,110,432
2024-01-04 11:00:00,P0021,Furniture,160.14,150.1,340,0.68,3,0,1,0,122,114,459
2024-01-04 12:00:00,P0200,Clothing,722.25,781.49,57,0.114,3,0,1,0,128,140,524
2024-01-04 13:00:00,P0115,Clothing,3312.62,3521.3,289,0.578,3,0,1,0,77,74,309
2024-01-04 14:00:00,P0191,Groceries,4890.17,4292.52,24,0.048,3,0,1,0,70,70,302
2024-01-04 15:00:00,P0085,Groceries,601.74,702.35,489,0.978,3,0,1,0,98,90,355
2024-01-04 16:00:00,P0192,Clothing,2336.64,2055.72,439,0.878,3,0,1,1,70,73,295
2024-01-04 17:00:00,P0020,Groceries,944.15,1033.64,31,0.062,3,0,1,0,124,109,508
2024-01-04 18:00:00,P0008,Electronics,3737.93,3510.08,109,0.218,3,0,1,0,74,76,302
2024-01-04 19:00:00,P0058,Furniture,634.39,600.66,100,0.2,3,0,1,1,111,127,477
2024-01-04 20:00:00,P0046,Groceries,1237.22,1215.17,149,0.298,3,0,1,0,117,126,476
2024-01-04 21:00:00,P0031,Groceries,1022.21,1171.25,382,0.764,3,0,1,0,100,112,417
2024-01-04 22:00:00,P0093,Electronics,2784.97,2384.21,344,0.688,3,0,1,0,79,78,325
2024-01-04 23:00:00,P0009,Books,4372.26,3593.24,192,0.384,3,0,1,0,66,59,241
2024-01-05 00:00:00,P0015,Clothing,2579.9,2478.81,108,0.216,4,0,1,1,91,85,336
2024-01-05 01:00:00,P0094,Electronics,338.31,278.17,355,0.71,4,0,1,0,100,86,387
2024-01-05 02:00:00,P0154,Books,2838.78,3051.8,276,0.552,4,0,1,0,106,106,439
2024-01-05 03:00:00,P0138,Electronics,3997.73,4414.01,232,0.464,4,0,1,0,69,72,250
2024-01-05 04:00:00,P0029,Furniture,704.17,804.08,463,0.926,4,0,1,0,91,89,384
2024-01-05 05:00:00,P0080,Electronics,409.92,449.9,479,0.958,4,0,1,0,88,90,331
2024-01-05 06:00:00,P0036,Electronics,979.65,1142.8,20,0.04,4,0,1,1,107,101,433
2024-01-05 07:00:00,P0084,Furniture,3743.13,4114.9,372,0.744,4,0,1,0,77,67,290
2024-01-05 08:00:00,P0109,Clothing,2978.82,3498.42,411,0.822,4,0,1,0,71,70,266
2024-01-05 09:00:00,P0118,Books,2725.94,2391.32,251,0.502,4,0,1,0,89,90,344
2024-01-05 10:00:00,P0037,Groceries,1284.93,1284.86,402,0.804,4,0,1,0,82,94,356
2024-01-05 11:00:00,P0086,Clothing,1694.57,2029.37,13,0.026,4,0,1,0,113,108,428
2024-01-05 12:00:00,P0071,Electronics,4831.13,5182.02,214,0.428,4,0,1,0,65,68,237
2024-01-05 13:00:00,P0151,Groceries,1241.09,1429.06,23,0.046,4,0,1,0,104,114,448
2024-01-05 14:00:00,P0169,Furniture,4513.14,3665.38,19,0.038,4,0,1,0,87,83,344
2024-01-05 15:00:00,P0093,Clothing,2923.63,3358.38,415,0.83,4,0,1,0,76,86,311
2024-01-05 16:00:00,P0080,Books,660.32,712.54,487,0.974,4,0,1,0,99,94,427
2024-01-05 17:00:00,P0102,Clothing,2363.2,2051.97,201,0.402,4,0,1,0,97,111,408
2024-01-05 18:00:00,P0156,Clothing,4745.32,3845.0,435,0.87,4,0,1,0,72,61,305
2024-01-05 19:00:00,P0176,Groceries,2121.9,1918.14,320,0.64,4,0,1,0,92,96,367
2024-01-05 20:00:00,P0166,Furniture,4323.76,5042.84,478,0.956,4,0,1,0,64,70,266
2024-01-05 21:00:00,P0159,Furniture,1319.32,1408.05,51,0.102,4,0,1,1,100,93,437
2024-01-05 22:00:00,P0014,Clothing,2876.06,3358.63,356,0.712,4,0,1,0,84,74,362
2024-01-05 23:00:00,P0117,Furniture,4227.07,4136.02,185,0.37,4,0,1,0,69,59,282
2024-01-06 00:00:00,P0073,Groceries,4607.41,5412.1,206,0.412,5,1,1,0,86,75,315
2024-01-06 01:00:00,P0091,Groceries,2454.83,2418.46,359,0.718,5,1,1,0,100,101,438
2024-01-06 02:00:00,P0090,Books,3216.46,2835.96,94,0.188,5,1,1,0,88,97,333
2024-01-06 03:00:00,P0029,Furniture,64.75,55.72,347,0.694,5,1,1,0,106,92,412
2024-01-06 04:00:00,P0179,Books,1303.46,1560.93,265,0.53,5,1,1,0,114,101,423
2024-01-06 05:00:00,P0049,Electronics,1429.62,1334.61,325,0.65,5,1,1,0,106,90,396
2024-01-06 06:00:00,P0171,Groceries,512.79,443.06,14,0.028,5,1,1,0,142,133,602
2024-01-06 07:00:00,P0072,Clothing,1434.49,1152.42,174,0.348,5,1,1,0,105,118,389
2024-01-06 08:00:00,P0133,Groceries,1639.55,1498.92,218,0.436,5,1,1,0,119,111,446
2024-01-06 09:00:00,P0042,Electronics,4845.39,5599.56,9,0.018,5,1,1,0,91,89,340
2024-01-06 10:00:00,P0135,Clothing,3359.58,3405.28,404,0.808,5,1,1,0,77,70,300
2024-01-06 11:00:00,P0042,Furniture,2158.73,2273.09,18,0.036,5,1,1,0,111,98,461
2024-01-06 12:00:00,P0164,Furniture,4940.87,5775.66,67,0.134,5,1,1,0,93,84,383
2024-01-06 13:00:00,P0105,Groceries,808.5,812.65,277,0.554,5,1,1,0,122,111,510
2024-01-06 14:00:00,P0027,Clothing,2406.45,2732.07,318,0.636,5,1,1,1,99,88,414
2024-01-06 15:00:00,P0058,Clothing,3252.96,3023.73,293,0.586,5,1,1,1,100,109,360
2024-01-06 16:00:00,P0046,Books,325.12,387.17,14,0.028,5,1,1,0,127,126,527
2024-01-06 17:00:00,P0066,Electronics,3599.14,2992.78,325,0.65,5,1,1,0,85,86,353
2024-01-06 18:00:00,P0025,Furniture,544.34,593.29,113,0.226,5,1,1,0,129,124,471
2024-01-06 19:00:00,P0073,Groceries,744.4,792.21,458,0.916,5,1,1,0,126,115,497
2024-01-06 20:00:00,P0117,Clothing,840.46,736.8,299,0.598,5,1,1,0,105,92,385
2024-01-06 21:00:00,P0155,Furniture,4648.0,4441.34,157,0.314,5,1,1,0,86,75,323
2024-01-06 22:00:00,P0129,Groceries,3432.02,3175.07,103,0.206,5,1,1,0,93,84,371
2024-01-06 23:00:00,P0087,Furniture,3294.37,2760.01,279,0.558,5,1,1,0,104,115,375
2024-01-07 00:00:00,P0074,Groceries,2799.69,2894.64,85,0.17,6,1,1,0,112,102,412
2024-01-07 01:00:00,P0170,Furniture,1499.39,1795.47,93,0.186,6,1,1,0,117,112,429
2024-01-07 02:00:00,P0180,Books,3123.4,3197.85,173,0.346,6,1,1,0,103,105,381
2024-01-07 03:00:00,P0153,Electronics,2080.24,2117.9,387,0.774,6,1,1,0,94,94,342
2024-01-07 04:00:00,P0182,Furniture,769.81,628.26,241,0.482,6,1,1,0,112,118,458
2024-01-07 05:00:00,P0125,Electronics,3463.51,2963.68,261,0.522,6,1,1,1,114,104,427
2024-01-07 06:00:00,P0067,Furniture,691.43,695.09,293,0.586,6,1,1,0,113,114,485
2024-01-07 07:00:00,P0006,Clothing,993.81,1186.68,281,0.562,6,1,1,0,117,126,504
2024-01-07 08:00:00,P0125,Books,4097.61,4714.89,146,0.292,6,1,1,0,85,82,353
2024-01-07 09:00:00,P0058,Books,3317.58,3105.53,1,0.002,6,1,1,0,88,100,321
2024-01-07 10:00:00,P0070,Electronics,3173.41,3228.0,67,0.134,6,1,1,0,90,92,388
2024-01-07 11:00:00,P0053,Clothing,2120.1,2164.79,68,0.136,6,1,1,0,116,122,456
2024-01-07 12:00:00,P0066,Groceries,2011.59,2160.74,46,0.092,6,1,1,0,98,97,367
2024-01-07 13:00:00,P0058,Books,3466.8,3727.2,354,0.708,6,1,1,0,82,91,346
2024-01-07 14:00:00,P0082,Clothing,3713.03,4143.43,412,0.824,6,1,1,0,89,88,345
2024-01-07 15:00:00,P0087,Clothing,2575.56,2086.17,63,0.126,6,1,1,0,110,125,441
2024-01-07 16:00:00,P0002,Electronics,4847.88,5708.24,79,0.158,6,1,1,0,79,74,331
2024-01-07 17:00:00,P0150,Clothing,4780.71,3958.55,253,0.506,6,1,1,0,75,83,276
2024-01-07 18:00:00,P0037,Clothing,2091.53,2071.59,236,0.472,6,1,1,0,95,99,355
2024-01-07 19:00:00,P0148,Groceries,4112.08,4802.22,395,0.79,6,1,1,0,98,107,429
2024-01-07 20:00:00,P0103,Electronics,2739.18,2725.67,468,0.936,6,1,1,1,82,71,342
2024-01-07 21:00:00,P0024,Electronics,2583.19,2132.31,328,0.656,6,1,1,0,107,100,405
2024-01-07 22:00:00,P0112,Clothing,322.07,287.19,138,0.276,6,1,1,0,100,110,406
2024-01-07 23:00:00,P0065,Groceries,2891.17,2982.15,263,0.526,6,1,1,1,105,99,394
2024-01-08 00:00:00,P0193,Furniture,4507.86,3764.72,315,0.63,0,0,1,0,75,80,322
2024-01-08 01:00:00,P0129,Books,3911.66,3792.24,153,0.306,0,0,1,1,71,81,281
2024-01-08 02:00:00,P0117,Electronics,3942.27,3672.77,415,0.83,0,0,1,0,66,60,280
2024-01-08 03:00:00,P0116,Groceries,841.65,947.77,422,0.844,0,0,1,0,106,103,464
2024-01-08 04:00:00,P0105,Groceries,1824.32,1539.82,131,0.262,0,0,1,0,87,78,381
2024-01-08 05:00:00,P0003,Clothing,1204.36,1292.42,225,0.45,0,0,1,0,105,94,390
2024-01-08 06:00:00,P0046,Books,1613.78,1553.48,91,0.182,0,0,1,0,94,98,409
2024-01-08 07:00:00,P0055,Electronics,2918.72,3021.17,472,0.944,0,0,1,0,84,76,321
2024-01-08 08:00:00,P0075,Furniture,1855.68,1637.1,498,0.996,0,0,1,0,101,100,393
2024-01-08 09:00:00,P0192,Clothing,2825.45,2949.43,117,0.234,0,0,1,1,80,91,292
2024-01-08 10:00:00,P0045,Electronics,2220.58,2375.11,125,0.25,0,0,1,0,100,95,412
2024-01-08 11:00:00,P0154,Electronics,1468.75,1216.26,374,0.748,0,0,1,0,102,113,420
2024-01-08 12:00:00,P0077,Groceries,522.25,590.01,427,0.854,0,0,1,0,79,77,334
2024-01-08 13:00:00,P0193,Books,4464.6,5109.74,226,0.452,0,0,1,0,78,72,340
2024-01-08 14:00:00,P0024,Furniture,106.3,87.74,338,0.676,0,0,1,0,109,104,430
2024-01-08 15:00:00,P0035,Books,58.18,60.58,418,0.836,0,0,1,0,109,97,428
2024-01-08 16:00:00,P0024,Groceries,4142.65,4298.43,434,0.868,0,0,1,1,56,59,230
2024-01-08 17:00:00,P0028,Furniture,4984.21,4012.21,178,0.356,0,0,1,0,73,73,302
2024-01-08 18:00:00,P0016,Furniture,3649.16,3419.04,486,0.972,0,0,1,0,70,72,277
2024-01-08 19:00:00,P0059,Clothing,125.61,149.17,412,0.824,0,0,1,0,91,86,395
2024-01-08 20:00:00,P0182,Furniture,1172.12,1198.12,461,0.922,0,0,1,0,98,103,357
2024-01-08 21:00:00,P0144,Electronics,4860.52,5702.77,84,0.168,0,0,1,0,77,69,324
2024-01-08 22:00:00,P0015,Books,4052.59,4337.32,163,0.326,0,0,1,0,76,79,286
2024-01-08 23:00:00,P0011,Books,2855.66,2316.96,229,0.458,0,0,1,0,89,78,356
2024-01-09 00:00:00,P0193,Clothing,1222.46,1015.97,205,0.41,1,0,1,0,99,96,424
2024-01-09 01:00:00,P0079,Furniture,121.13,131.9,103,0.206,1,0,1,0,99,102,383
2024-01-09 02:00:00,P0115,Groceries,153.26,156.61,113,0.226,1,0,1,0,112,124,484
2024-01-09 03:00:00,P0068,Electronics,3079.31,2620.06,187,0.374,1,0,1,0,95,104,376
2024-01-09 04:00:00,P0043,Clothing,158.07,165.28,270,0.54,1,0,1,0,121,122,504
2024-01-09 05:00:00,P0069,Furniture,4968.47,5585.13,50,0.1,1,0,1,0,65,72,272
2024-01-09 06:00:00,P0141,Groceries,957.75,1054.67,305,0.61,1,0,1,0,102,102,388
2024-01-09 07:00:00,P0138,Furniture,3568.0,3205.72,221,0.442,1,0,1,0,80,80,346
2024-01-09 08:00:00,P0075,Clothing,817.55,738.47,110,0.22,1,0,1,0,113,120,418
2024-01-09 09:00:00,P0103,Groceries,2723.46,3233.12,54,0.108,1,0,1,0,93,104,379
2024-01-09 10:00:00,P0041,Groceries,449.03,518.61,11,0.022,1,0,1,1,124,128,539
2024-01-09 11:00:00,P0178,Groceries,3845.55,3566.11,433,0.866,1,0,1,0,68,77,246
2024-01-09 12:00:00,P0199,Groceries,2945.36,3327.14,189,0.378,1,0,1,0,95,87,382
2024-01-09 13:00:00,P0059,Furniture,476.53,412.05,388,0.776,1,0,1,0,95,107,361
2024-01-09 14:00:00,P0039,Groceries,4250.5,3735.07,154,0.308,1,0,1,0,77,71,289
2024-01-09 15:00:00,P0003,Furniture,2757.74,2406.07,334,0.668,1,0,1,0,89,90,337
2024-01-09 16:00:00,P0007,Groceries,4611.88,3851.33,345,0.69,1,0,1,0,68,74,294
2024-01-09 17:00:00,P0049,Groceries,4587.29,5238.09,264,0.528,1,0,1,0,53,58,209
2024-01-09 18:00:00,P0026,Clothing,4606.51,4751.72,359,0.718,1,0,1,0,69,64,261
2024-01-09 19:00:00,P0161,Furniture,435.04,393.09,103,0.206,1,0,1,0,120,137,521
2024-01-09 20:00:00,P0101,Furniture,648.74,739.21,162,0.324,1,0,1,0,111,97,428
2024-01-09 21:00:00,P0176,Books,4939.14,5537.07,140,0.28,1,0,1,0,76,65,318
2024-01-09 22:00:00,P0079,Clothing,2463.62,2070.38,236,0.472,1,0,1,0,99,109,399
2024-01-09 23:00:00,P0002,Furniture,1229.16,1300.03,43,0.086,1,0,1,0,99,108,410
2024-01-10 00:00:00,P0127,Clothing,3859.84,4202.34,238,0.476,2,0,1,0,63,67,236
2024-01-10 01:00:00,P0199,Clothing,1358.21,1475.47,429,0.858,2,0,1,0,81,90,336
2024-01-10 02:00:00,P0160,Clothing,3649.72,3975.48,96,0.192,2,0,1,0,83,74,359
2024-01-10 03:00:00,P0132,Electronics,4194.56,3639.97,97,0.194,2,0,1,0,82,72,302
2024-01-10 04:00:00,P0020,Furniture,3932.1,3641.26,374,0.748,2,0,1,0,71,81,274
2024-01-10 05:00:00,P0117,Clothing,1406.54,1600.18,323,0.646,2,0,1,0,82,85,359
2024-01-10 06:00:00,P0164,Electronics,2038.01,2362.78,460,0.92,2,0,1,0,88,99,333
2024-01-10 07:00:00,P0032,Electronics,2095.59,1910.5,457,0.914,2,0,1,0,85,95,310
2024-01-10 08:00:00,P0028,Groceries,2481.8,2008.29,52,0.104,2,0,1,0,96,100,350
2024-01-10 09:00:00,P0077,Groceries,878.5,1004.92,108,0.216,2,0,1,0,127,132,485
2024-01-10 10:00:00,P0001,Furniture,2289.73,2177.16,256,0.512,2,0,1,0,97,93,388
2024-01-10 11:00:00,P0188,Groceries,2578.38,2402.5,10,0.02,2,0,1,0,94,84,359
2024-01-10 12:00:00,P0056,Furniture,2681.96,2517.82,177,0.354,2,0,1,0,77,81,295
2024-01-10 13:00:00,P0035,Electronics,4108.51,3969.97,392,0.784,2,0,1,0,79,87,337
2024-01-10 14:00:00,P0112,Electronics,2610.81,2483.68,293,0.586,2,0,1,0,71,72,299
2024-01-10 15:00:00,P0030,Furniture,1192.38,1224.06,470,0.94,2,0,1,0,89,77,343
2024-01-10 16:00:00,P0054,Groceries,3332.49,2771.22,396,0.792,2,0,1,0,67,60,260
2024-01-10 17:00:00,P0036,Groceries,3996.71,4750.55,388,0.776,2,0,1,0,68,60,298
2024-01-10 18:00:00,P0183,Furniture,1630.89,1915.61,24,0.048,2,0,1,0,103,108,449
2024-01-10 19:00:00,P0080,Books,3244.26,3807.99,125,0.25,2,0,1,0,74,75,324
2024-01-10 20:00:00,P0058,Groceries,777.34,895.27,265,0.53,2,0,1,0,77,76,335
2024-01-10 21:00:00,P0083,Clothing,1742.54,1854.29,132,0.264,2,0,1,0,89,90,365
2024-01-10 22:00:00,P0065,Groceries,4550.66,4043.0,277,0.554,2,0,1,0,60,56,231
2024-01-10 23:00:00,P0069,Books,4560.98,3739.06,41,0.082,2,0,1,0,68,74,298
2024-01-11 00:00:00,P0128,Electronics,2897.86,2433.42,472,0.944,3,0,1,0,75,71,315
2024-01-11 01:00:00,P0051,Electronics,3526.64,3278.35,100,0.2,3,0,1,1,96,100,400
2024-01-11 02:00:00,P0022,Electronics,4277.38,4284.02,403,0.806,3,0,1,0,64,62,271
2024-01-11 03:00:00,P0107,Groceries,4794.84,5740.87,283,0.566,3,0,1,0,63,55,257
2024-01-11 04:00:00,P0109,Electronics,2474.94,2411.03,276,0.552,3,0,1,0,86,80,350
2024-01-11 05:00:00,P0116,Books,2829.8,2857.7,138,0.276,3,0,1,0,94,107,366
2024-01-11 06:00:00,P0101,Books,2107.43,2271.94,220,0.44,3,0,1,0,98,89,365
2024-01-11 07:00:00,P0181,Groceries,406.31,354.42,68,0.136,3,0,1,0,92,81,363
2024-01-11 08:00:00,P0100,Clothing,2142.88,2513.88,292,0.584,3,0,1,0,80,75,321
2024-01-11 09:00:00,P0164,Groceries,3963.61,4009.64,176,0.352,3,0,1,0,86,96,370
2024-01-11 10:00:00,P0068,Electronics,4034.18,3673.13,372,0.744,3,0,1,0,67,63,263
2024-01-11 11:00:00,P0036,Groceries,4467.27,5244.77,196,0.392,3,0,1,1,79,77,340
2024-01-11 12:00:00,P0180,Books,304.76,320.05,32,0.064,3,0,1,0,124,117,478
2024-01-11 13:00:00,P0181,Groceries,2659.42,2642.07,300,0.6,3,0,1,1,66,76,287
2024-01-11 14:00:00,P0178,Groceries,581.75,600.4,227,0.454,3,0,1,0,88,101,320
2024-01-11 15:00:00,P0169,Clothing,1043.67,1147.33,135,0.27,3,0,1,0,102,101,410
2024-01-11 16:00:00,P0146,Books,4506.07,3883.4,371,0.742,3,0,1,0,70,76,270
2024-01-11 17:00:00,P0022,Furniture,2509.12,2875.28,133,0.266,3,0,1,0,89,82,341
2024-01-11 18:00:00,P0066,Furniture,3804.8,4504.13,398,0.796,3,0,1,0,71,68,260
2024-01-11 19:00:00,P0021,Books,368.7,378.58,142,0.284,3,0,1,0,111,117,460
2024-01-11 20:00:00,P0100,Furniture,2113.29,2267.37,244,0.488,3,0,1,0,91,85,356
2024-01-11 21:00:00,P0128,Electronics,3387.49,3875.06,495,0.99,3,0,1,0,73,67,318
2024-01-11 22:00:00,P0044,Furniture,710.36,674.79,136,0.272,3,0,1,0,82,92,342
2024-01-11 23:00:00,P0103,Electronics,1662.8,1990.59,60,0.12,3,0,1,0,99,91,391
2024-01-12 00:00:00,P0047,Books,369.51,396.19,55,0.11,4,0,1,0,111,96,455
2024-01-12 01:00:00,P0039,Furniture,3274.13,3174.59,132,0.264,4,0,1,1,76,82,278
2024-01-12 02:00:00,P0029,Furniture,4855.91,5200.36,381,0.762,4,0,1,0,59,54,240
2024-01-12 03:00:00,P0054,Electronics,4143.88,4179.82,409,0.818,4,0,1,0,58,57,240
2024-01-12 04:00:00,P0090,Electronics,4874.38,4117.18,470,0.94,4,0,1,0,64,57,236
2024-01-12 05:00:00,P0085,Groceries,4235.74,4737.02,207,0.414,4,0,1,0,65,57,269
2024-01-12 06:00:00,P0017,Clothing,4283.22,4393.51,125,0.25,4,0,1,0,75,74,298
2024-01-12 07:00:00,P0080,Furniture,2907.03,3251.04,122,0.244,4,0,1,0,84,80,335
2024-01-12 08:00:00,P0188,Clothing,2615.35,2254.34,440,0.88,4,0,1,0,79,79,330
2024-01-12 09:00:00,P0159,Clothing,2060.96,2092.58,230,0.46,4,0,1,0,101,115,400
2024-01-12 10:00:00,P0073,Furniture,4099.57,4536.79,34,0.068,4,0,1,0,74,72,280
2024-01-12 11:00:00,P0049,Electronics,951.23,1137.03,265,0.53,4,0,1,0,100,103,384
2024-01-12 12:00:00,P0101,Groceries,328.31,378.79,90,0.18,4,0,1,0,121,106,507
2024-01-12 13:00:00,P0002,Books,4742.07,5433.18,463,0.926,4,0,1,0,64,71,234
2024-01-12 14:00:00,P0176,Furniture,68.7,61.76,20,0.04,4,0,1,0,109,119,466
2024-01-12 15:00:00,P0142,Furniture,4885.31,5545.77,139,0.278,4,0,1,0,59,59,240
2024-01-12 16:00:00,P0059,Books,3657.82,3173.94,264,0.528,4,0,1,0,71,64,297
2024-01-12 17:00:00,P0097,Clothing,1676.07,1473.67,399,0.798,4,0,1,0,92,90,356
2024-01-12 18:00:00,P0099,Groceries,3504.21,2957.72,456,0.912,4,0,1,0,73,69,276
2024-01-12 19:00:00,P0186,Clothing,4098.48,4684.72,119,0.238,4,0,1,0,82,94,348
2024-01-12 20:00:00,P0103,Books,1264.54,1066.39,220,0.44,4,0,1,1,97,97,357
2024-01-12 21:00:00,P0186,Books,3865.93,3306.32,437,0.874,4,0,1,0,65,63,243
2024-01-12 22:00:00,P0179,Groceries,4031.63,3621.83,382,0.764,4,0,1,0,60,54,230
2024-01-12 23:00:00,P0002,Books,1284.31,1321.64,22,0.044,4,0,1,0,94,87,365
2024-01-13 00:00:00,P0041,Books,257.54,296.7,38,0.076,5,1,1,0,119,127,448
2024-01-13 01:00:00,P0123,Groceries,1060.41,1025.73,234,0.468,5,1,1,0,132,133,572
2024-01-13 02:00:00,P0082,Furniture,1043.2,1062.51,240,0.48,5,1,1,0,103,99,373
2024-01-13 03:00:00,P0144,Clothing,372.94,323.19,127,0.254,5,1,1,0,113,106,479
2024-01-13 04:00:00,P0132,Furniture,3643.74,3302.61,471,0.942,5,1,1,0,77,70,303
2024-01-13 05:00:00,P0140,Furniture,1930.88,1648.14,21,0.042,5,1,1,0,128,110,546
2024-01-13 06:00:00,P0029,Clothing,4427.71,4268.17,54,0.108,5,1,1,0,92,105,390
2024-01-13 07:00:00,P0135,Furniture,1298.25,1345.16,414,0.828,5,1,1,0,104,112,384
2024-01-13 08:00:00,P0014,Groceries,2293.5,2095.36,329,0.658,5,1,1,0,84,95,347
2024-01-13 09:00:00,P0012,Clothing,3213.14,3657.83,46,0.092,5,1,1,0,100,97,390
2024-01-13 10:00:00,P0099,Electronics,4393.45,5239.17,233,0.466,5,1,1,0,88,98,375
2024-01-13 11:00:00,P0133,Furniture,2646.87,2244.71,26,0.052,5,1,1,0,121,112,518
2024-01-13 12:00:00,P0081,Books,1898.95,1532.73,383,0.766,5,1,1,0,78,78,293
2024-01-13 13:00:00,P0106,Clothing,4341.72,4844.97,481,0.962,5,1,1,0,69,63,275
2024-01-13 14:00:00,P0032,Electronics,1585.72,1389.5,47,0.094,5,1,1,0,118,128,481
2024-01-13 15:00:00,P0074,Books,443.15,417.12,166,0.332,5,1,1,0,139,139,561
2024-01-13 16:00:00,P0171,Electronics,2252.96,2157.64,471,0.942,5,1,1,0,81,82,308
2024-01-13 17:00:00,P0081,Furniture,3936.21,4592.14,404,0.808,5,1,1,0,71,79,271
2024-01-13 18:00:00,P0069,Books,202.37,215.23,270,0.54,5,1,1,0,116,124,497
2024-01-13 19:00:00,P0045,Furniture,2950.12,2408.02,80,0.16,5,1,1,0,86,98,312
2024-01-13 20:00:00,P0106,Books,2992.6,2411.81,117,0.234,5,1,1,0,79,77,301
2024-01-13 21:00:00,P0137,Clothing,4646.28,4087.92,44,0.088,5,1,1,0,102,101,385
2024-01-13 22:00:00,P0177,Groceries,1468.0,1361.23,274,0.548,5,1,1,0,106,110,413
2024-01-13 23:00:00,P0161,Groceries,1430.24,1421.39,180,0.36,5,1,1,0,105,104,436
2024-01-14 00:00:00,P0100,Electronics,2230.39,2531.8,472,0.944,6,1,1,0,83,81,334
2024-01-14 01:00:00,P0146,Books,1816.73,1682.16,310,0.62,6,1,1,0,103,98,415
2024-01-14 02:00:00,P0009,Furniture,3694.91,3512.44,231,0.462,6,1,1,0,83,91,347
2024-01-14 03:00:00,P0062,Clothing,3226.67,3006.4,85,0.17,6,1,1,0,106,107,450
2024-01-14 04:00:00,P0185,Clothing,3806.66,3058.98,104,0.208,6,1,1,0,81,84,302
2024-01-14 05:00:00,P0029,Clothing,4109.21,4857.42,242,0.484,6,1,1,0,83,76,306
2024-01-14 06:00:00,P0125,Groceries,4618.76,3951.8,176,0.352,6,1,1,0,80,74,307
2024-01-14 07:00:00,P0114,Furniture,2183.14,1997.72,233,0.466,6,1,1,1,109,104,465
2024-01-14 08:00:00,P0153,Clothing,4924.25,4194.09,77,0.154,6,1,1,0,79,78,319
2024-01-14 09:00:00,P0143,Clothing,1117.52,1113.29,125,0.25,6,1,1,0,125,108,464
2024-01-14 10:00:00,P0134,Electronics,3586.11,4206.03,188,0.376,6,1,1,0,93,104,347
2024-01-14 11:00:00,P0120,Books,2693.35,2263.17,59,0.118,6,1,1,0,113,127,488
2024-01-14 12:00:00,P0170,Books,4093.66,3996.88,219,0.438,6,1,1,0,90,94,350
2024-01-14 13:00:00,P0157,Books,2410.01,1949.58,75,0.15,6,1,1,1,105,99,399
2024-01-14 14:00:00,P0079,Electronics,3930.5,4356.41,90,0.18,6,1,1,1,105,101,436
2024-01-14 15:00:00,P0093,Groceries,4654.34,4917.27,115,0.23,6,1,1,0,78,83,335
2024-01-14 16:00:00,P0004,Electronics,3674.86,3968.41,279,0.558,6,1,1,0,100,94,395
2024-01-14 17:00:00,P0082,Clothing,3891.67,3848.61,469,0.938,6,1,1,0,87,90,368
2024-01-14 18:00:00,P0185,Furniture,382.52,444.89,166,0.332,6,1,1,0,133,149,525
2024-01-14 19:00:00,P0177,Clothing,1064.54,1026.03,125,0.25,6,1,1,0,119,116,494
2024-01-14 20:00:00,P0172,Clothing,4872.8,4900.25,444,0.888,6,1,1,0,66,68,268
2024-01-14 21:00:00,P0075,Furniture,3481.28,3753.22,232,0.464,6,1,1,0,93,105,401
2024-01-14 22:00:00,P0014,Books,2829.17,2852.44,113,0.226,6,1,1,0,104,99,401
2024-01-14 23:00:00,P0131,Electronics,1866.53,1634.58,486,0.972,6,1,1,0,97,105,409
2024-01-15 00:00:00,P0114,Groceries,269.73,249.99,99,0.198,0,0,1,0,119,128,494
2024-01-15 01:00:00,P0062,Clothing,1877.22,1571.08,150,0.3,0,0,1,0,105,118,448
2024-01-15 02:00:00,P0106,Clothing,2519.62,2451.7,71,0.142,0,0,1,0,85,94,347
2024-01-15 03:00:00,P0064,Groceries,1096.72,1144.71,475,0.95,0,0,1,0,85,91,337
2024-01-15 04:00:00,P0102,Electronics,907.03,768.63,369,0.738,0,0,1,0,84,87,306
2024-01-15 05:00:00,P0173,Clothing,2566.66,2700.73,348,0.696,0,0,1,0,87,80,372
2024-01-15 06:00:00,P0106,Groceries,2950.23,3413.86,462,0.924,0,0,1,0,89,94,385
2024-01-15 07:00:00,P0186,Clothing,1237.59,1157.26,166,0.332,0,0,1,0,88,82,348
2024-01-15 08:00:00,P0020,Books,2957.58,2628.74,71,0.142,0,0,1,0,82,81,310
2024-01-15 09:00:00,P0058,Books,4506.68,5215.14,347,0.694,0,0,1,1,58,62,239
2024-01-15 10:00:00,P0112,Clothing,2392.21,2575.88,352,0.704,0,0,1,0,80,84,296
2024-01-15 11:00:00,P0057,Clothing,4294.08,3616.29,10,0.02,0,0,1,0,62,60,225
2024-01-15 12:00:00,P0196,Books,4639.99,4469.45,297,0.594,0,0,1,0,75,68,287
2024-01-15 13:00:00,P0119,Clothing,507.35,542.68,228,0.456,0,0,1,0,114,113,472
2024-01-15 14:00:00,P0097,Electronics,524.27,539.87,125,0.25,0,0,1,0,112,104,476
2024-01-15 15:00:00,P0092,Electronics,2406.42,2520.53,152,0.304,0,0,1,0,100,93,373
2024-01-15 16:00:00,P0052,Furniture,2961.11,3040.63,161,0.322,0,0,1,0,94,89,410
2024-01-15 17:00:00,P0037,Electronics,2158.12,2415.42,277,0.554,0,0,1,0,90,96,364
2024-01-15 18:00:00,P0008,Clothing,1665.93,1546.27,385,0.77,0,0,1,0,78,78,339
2024-01-15 19:00:00,P0044,Clothing,3222.92,3491.66,178,0.356,0,0,1,0,77,74,286
2024-01-15 20:00:00,P0098,Groceries,60.3,72.14,143,0.286,0,0,1,0,113,127,448
2024-01-15 21:00:00,P0133,Electronics,4841.96,4628.83,138,0.276,0,0,1,0,65,69,256
2024-01-15 22:00:00,P0118,Books,1198.79,1338.35,205,0.41,0,0,1,0,119,119,468
2024-01-15 23:00:00,P0069,Books,4589.64,4123.53,95,0.19,0,0,1,0,75,73,326
2024-01-16 00:00:00,P0159,Furniture,589.62,538.18,213,0.426,1,0,1,1,107,117,458
2024-01-16 01:00:00,P0045,Groceries,1228.53,1442.23,68,0.136,1,0,1,0,116,105,491
2024-01-16 02:00:00,P0137,Books,1212.62,982.68,355,0.71,1,0,1,0,98,103,375
2024-01-16 03:00:00,P0032,Furniture,4980.96,4417.97,470,0.94,1,0,1,0,59,51,228
2024-01-16 04:00:00,P0033,Electronics,72.77,72.27,317,0.634,1,0,1,0,123,105,468
2024-01-16 05:00:00,P0126,Groceries,3216.21,3089.94,18,0.036,1,0,1,0,92,104,390
2024-01-16 06:00:00,P0067,Groceries,4354.95,4579.96,412,0.824,1,0,1,1,64,64,251
2024-01-16 07:00:00,P0030,Clothing,3377.75,2962.59,425,0.85,1,0,1,0,77,73,337
2024-01-16 08:00:00,P0114,Electronics,1845.53,1528.5,406,0.812,1,0,1,0,84,91,327
2024-01-16 09:00:00,P0029,Groceries,4793.63,4543.08,315,0.63,1,0,1,0,61,70,228
2024-01-16 10:00:00,P0131,Furniture,4472.93,4516.51,456,0.912,1,0,1,0,71,61,308
2024-01-16 11:00:00,P0185,Books,2198.08,2252.59,401,0.802,1,0,1,0,81,70,342
2024-01-16 12:00:00,P0030,Electronics,2887.98,3005.22,350,0.7,1,0,1,0,75,83,305
2024-01-16 13:00:00,P0137,Electronics,4839.22,4933.41,100,0.2,1,0,1,0,72,73,309
2024-01-16 14:00:00,P0154,Groceries,4913.67,4413.95,80,0.16,1,0,1,0,78,87,340
2024-01-16 15:00:00,P0130,Groceries,2276.63,2517.54,182,0.364,1,0,1,0,73,77,313
2024-01-16 16:00:00,P0062,Groceries,4244.38,3544.53,17,0.034,1,0,1,0,73,72,316
2024-01-16 17:00:00,P0003,Furniture,1544.8,1358.41,154,0.308,1,0,1,0,77,69,294
2024-01-16 18:00:00,P0174,Clothing,1890.47,2071.48,340,0.68,1,0,1,0,60,58,241
2024-01-16 19:00:00,P0068,Groceries,865.87,789.58,128,0.256,1,0,1,0,107,116,453
2024-01-16 20:00:00,P0025,Clothing,1085.46,1082.63,479,0.958,1,0,1,0,80,74,322
2024-01-16 21:00:00,P0179,Clothing,3301.52,3073.32,397,0.794,1,0,1,0,82,87,337
2024-01-16 22:00:00,P0141,Electronics,2578.37,2585.57,314,0.628,1,0,1,0,75,69,325
2024-01-16 23:00:00,P0044,Books,1194.1,1120.86,365,0.73,1,0,1,0,101,100,387
2024-01-17 00:00:00,P0163,Books,2044.4,2448.54,461,0.922,2,0,1,0,87,76,351
2024-01-17 01:00:00,P0055,Furniture,1897.26,1789.1,160,0.32,2,0,1,0,87,86,352
2024-01-17 02:00:00,P0137,Furniture,4937.43,5188.35,419,0.838,2,0,1,0,59,61,229
2024-01-17 03:00:00,P0130,Books,4275.15,4939.24,118,0.236,2,0,1,0,77,78,300
2024-01-17 04:00:00,P0189,Books,1970.43,2079.15,422,0.844,2,0,1,0,91,88,384
2024-01-17 05:00:00,P0041,Electronics,4573.89,4694.38,375,0.75,2,0,1,0,76,73,330
2024-01-17 06:00:00,P0172,Electronics,1746.05,1794.4,331,0.662,2,0,1,1,94,88,386
2024-01-17 07:00:00,P0064,Books,3356.11,3351.36,172,0.344,2,0,1,0,82,89,327
2024-01-17 08:00:00,P0031,Groceries,4834.92,5429.77,152,0.304,2,0,1,0,70,76,294
2024-01-17 09:00:00,P0047,Groceries,1981.88,1625.48,398,0.796,2,0,1,0,85,85,374
2024-01-17 10:00:00,P0130,Electronics,3415.43,3941.58,19,0.038,2,0,1,0,83,80,304
2024-01-17 11:00:00,P0096,Clothing,1514.82,1567.11,33,0.066,2,0,1,0,95,99,392
2024-01-17 12:00:00,P0077,Books,1368.25,1559.19,313,0.626,2,0,1,0,99,101,400
2024-01-17 13:00:00,P0110,Furniture,2892.08,2325.69,59,0.118,2,0,1,0,83,87,339
2024-01-17 14:00:00,P0069,Groceries,4897.36,5620.75,461,0.922,2,0,1,0,63,59,228
2024-01-17 15:00:00,P0058,Clothing,2293.01,1944.6,157,0.314,2,0,1,0,93,101,406
2024-01-17 16:00:00,P0106,Groceries,4691.3,5106.42,363,0.726,2,0,1,0,70,66,257
2024-01-17 17:00:00,P0044,Clothing,4576.1,4423.3,396,0.792,2,0,1,1,68,66,262
2024-01-17 18:00:00,P0074,Books,1306.12,1400.72,205,0.41,2,0,1,0,92,82,353
2024-01-17 19:00:00,P0056,Books,2039.01,2143.56,92,0.184,2,0,1,0,87,96,364
2024-01-17 20:00:00,P0171,Books,3234.35,2798.87,217,0.434,2,0,1,0,91,95,376
2024-01-17 21:00:00,P0127,Electronics,2614.33,2629.61,322,0.644,2,0,1,0,81,75,296
2024-01-17 22:00:00,P0162,Clothing,524.99,478.21,88,0.176,2,0,1,0,127,140,472
2024-01-17 23:00:00,P0030,Furniture,4968.81,5088.93,474,0.948,2,0,1,0,45,48,173
2024-01-18 00:00:00,P0071,Furniture,3775.64,4135.09,172,0.344,3,0,1,0,80,79,333
2024-01-18 01:00:00,P0198,Books,2216.59,1845.32,39,0.078,3,0,1,0,106,122,460
2024-01-18 02:00:00,P0118,Furniture,3109.93,3129.54,463,0.926,3,0,1,0,77,73,297
2024-01-18 03:00:00,P0055,Groceries,483.49,506.24,421,0.842,3,0,1,0,101,89,406
2024-01-18 04:00:00,P0067,Clothing,2501.74,2296.97,202,0.404,3,0,1,0,95,102,370
2024-01-18 05:00:00,P0141,Clothing,4657.62,5501.59,220,0.44,3,0,1,0,76,82,309
2024-01-18 06:00:00,P0003,Clothing,4488.17,4524.62,46,0.092,3,0,1,0,80,69,328
2024-01-18 07:00:00,P0026,Groceries,1720.04,1501.61,242,0.484,3,0,1,0,107,117,430
2024-01-18 08:00:00,P0057,Electronics,2680.27,2259.78,87,0.174,3,0,1,0,87,94,340
2024-01-18 09:00:00,P0126,Groceries,3502.05,3560.41,156,0.312,3,0,1,0,96,108,413
2024-01-18 10:00:00,P0152,Clothing,1733.05,1646.56,161,0.322,3,0,1,0,88,78,373
2024-01-18 11:00:00,P0053,Clothing,371.15,325.51,394,0.788,3,0,1,0,111,114,488
2024-01-18 12:00:00,P0198,Clothing,2551.94,2072.89,19,0.038,3,0,1,0,99,91,389
2024-01-18 13:00:00,P0043,Furniture,3028.1,3108.77,147,0.294,3,0,1,0,106,103,385
2024-01-18 14:00:00,P0188,Electronics,78.92,82.03,200,0.4,3,0,1,0,115,107,474
2024-01-18 15:00:00,P0186,Groceries,523.1,448.15,311,0.622,3,0,1,1,110,108,465
2024-01-18 16:00:00,P0049,Clothing,1076.09,1119.88,150,0.3,3,0,1,0,87,77,378
2024-01-18 17:00:00,P0042,Books,1772.86,2093.37,99,0.198,3,0,1,0,108,102,390
2024-01-18 18:00:00,P0194,Electronics,2728.2,3250.15,246,0.492,3,0,1,0,89,78,383
2024-01-18 19:00:00,P0011,Books,1504.52,1738.32,112,0.224,3,0,1,0,109,109,437
2024-01-18 20:00:00,P0103,Electronics,1417.11,1591.18,218,0.436,3,0,1,1,89,84,347
2024-01-18 21:00:00,P0098,Clothing,4353.28,3847.2,343,0.686,3,0,1,0,66,68,249
2024-01-18 22:00:00,P0146,Electronics,768.0,662.46,359,0.718,3,0,1,0,101,100,429
2024-01-18 23:00:00,P0085,Electronics,2502.53,2447.42,24,0.048,3,0,1,0,95,88,370
2024-01-19 00:00:00,P0100,Clothing,4766.48,4994.57,472,0.944,4,0,1,0,64,56,261
2024-01-19 01:00:00,P0104,Books,3143.82,3584.81,495,0.99,4,0,1,0,76,82,305
2024-01-19 02:00:00,P0180,Books,3600.17,3214.18,288,0.576,4,0,1,0,73,76,278
2024-01-19 03:00:00,P0046,Furniture,2184.62,2166.84,414,0.828,4,0,1,0,83,71,351
2024-01-19 04:00:00,P0044,Books,148.66,157.43,457,0.914,4,0,1,0,93,107,357
2024-01-19 05:00:00,P0022,Books,3248.35,3177.66,102,0.204,4,0,1,0,109,114,461
2024-01-19 06:00:00,P0181,Electronics,3178.03,3119.8,78,0.156,4,0,1,0,90,82,353
2024-01-19 07:00:00,P0187,Furniture,596.62,531.02,384,0.768,4,0,1,0,117,129,424
2024-01-19 08:00:00,P0114,Clothing,2337.69,2792.75,437,0.874,4,0,1,0,75,84,316
2024-01-19 09:00:00,P0125,Clothing,4580.88,4535.43,15,0.03,4,0,1,0,75,77,324
2024-01-19 10:00:00,P0124,Groceries,1065.17,1079.12,340,0.68,4,0,1,0,93,104,344
2024-01-19 11:00:00,P0030,Furniture,2332.44,2069.86,58,0.116,4,0,1,0,100,86,407
2024-01-19 12:00:00,P0008,Electronics,2332.46,2345.65,193,0.386,4,0,1,0,93,105,340
2024-01-19 13:00:00,P0098,Groceries,4063.27,3665.64,124,0.248,4,0,1,0,69,60,294
2024-01-19 14:00:00,P0057,Groceries,4131.65,3639.71,386,0.772,4,0,1,0,73,76,320
2024-01-19 15:00:00,P0111,Clothing,3808.38,3466.73,398,0.796,4,0,1,0,74,71,296
2024-01-19 16:00:00,P0073,Books,1859.0,1489.25,31,0.062,4,0,1,0,104,90,400
2024-01-19 17:00:00,P0115,Electronics,406.58,417.99,177,0.354,4,0,1,0,122,138,522
2024-01-19 18:00:00,P0020,Furniture,1779.94,1699.83,366,0.732,4,0,1,0,99,88,398
2024-01-19 19:00:00,P0025,Groceries,3414.97,3959.57,218,0.436,4,0,1,0,94,104,372
2024-01-19 20:00:00,P0019,Electronics,3528.6,2880.34,99,0.198,4,0,1,0,86,82,325
2024-01-19 21:00:00,P0005,Clothing,4826.75,3944.81,482,0.964,4,0,1,0,67,72,274
2024-01-19 22:00:00,P0075,Groceries,2295.52,2649.83,443,0.886,4,0,1,0,82,76,335
2024-01-19 23:00:00,P0128,Groceries,3180.56,2705.57,102,0.204,4,0,1,0,88,90,335
2024-01-20 00:00:00,P0072,Clothing,2718.99,2177.54,471,0.942,5,1,1,1,96,105,362
2024-01-20 01:00:00,P0155,Clothing,795.56,693.38,371,0.742,5,1,1,0,108,110,427
2024-01-20 02:00:00,P0040,Clothing,2332.95,2635.18,117,0.234,5,1,1,0,109,103,432
2024-01-20 03:00:00,P0026,Electronics,2746.93,3079.54,242,0.484,5,1,1,0,86,79,318
2024-01-20 04:00:00,P0027,Electronics,4756.21,4452.06,118,0.236,5,1,1,0,92,83,352
2024-01-20 05:00:00,P0190,Electronics,1864.37,1989.68,391,0.782,5,1,1,0,115,127,429
2024-01-20 06:00:00,P0083,Books,4901.49,4915.7,6,0.012,5,1,1,0,74,76,320
2024-01-20 07:00:00,P0128,Groceries,2734.39,3177.07,387,0.774,5,1,1,0,105,105,384
2024-01-20 08:00:00,P0178,Electronics,1250.22,1028.39,477,0.954,5,1,1,0,115,106,495
2024-01-20 09:00:00,P0170,Books,998.74,1123.85,9,0.018,5,1,1,1,131,128,527
2024-01-20 10:00:00,P0157,Groceries,751.39,652.39,315,0.63,5,1,1,0,120,124,496
2024-01-20 11:00:00,P0167,Electronics,2292.02,2192.66,280,0.56,5,1,1,0,108,94,469
2024-01-20 12:00:00,P0188,Clothing,158.54,139.01,41,0.082,5,1,1,0,117,112,455
2024-01-20 13:00:00,P0169,Furniture,2252.97,2435.56,46,0.092,5,1,1,0,137,126,570
2024-01-20 14:00:00,P0033,Electronics,4942.6,5295.16,95,0.19,5,1,1,0,63,66,261
2024-01-20 15:00:00,P0097,Furniture,3367.03,3431.54,245,0.49,5,1,1,0,79,82,347
2024-01-20 16:00:00,P0111,Electronics,3810.94,4113.01,223,0.446,5,1,1,0,98,92,356
2024-01-20 17:00:00,P0016,Clothing,639.08,674.76,113,0.226,5,1,1,0,138,119,547
2024-01-20 18:00:00,P0023,Furniture,2391.85,2656.33,31,0.062,5,1,1,0,129,117,567
2024-01-20 19:00:00,P0135,Books,1466.8,1313.9,329,0.658,5,1,1,0,110,99,425
2024-01-20 20:00:00,P0026,Clothing,4475.78,4348.51,456,0.912,5,1,1,1,68,69,297
2024-01-20 21:00:00,P0096,Furniture,947.4,815.38,152,0.304,5,1,1,0,122,110,519
2024-01-20 22:00:00,P0012,Furniture,2320.73,2255.37,216,0.432,5,1,1,0,113,112,437
2024-01-20 23:00:00,P0072,Clothing,2960.84,3199.71,488,0.976,5,1,1,0,82,85,297
2024-01-21 00:00:00,P0133,Clothing,2594.5,2793.13,245,0.49,6,1,1,0,90,100,344
2024-01-21 01:00:00,P0106,Clothing,4159.71,4508.17,271,0.542,6,1,1,0,84,78,311
2024-01-21 02:00:00,P0117,Groceries,1195.69,1104.23,432,0.864,6,1,1,0,99,90,390
2024-01-21 03:00:00,P0197,Books,1918.09,2042.55,399,0.798,6,1,1,1,100,90,435
2024-01-21 04:00:00,P0177,Electronics,3970.82,3760.31,349,0.698,6,1,1,0,78,75,313
2024-01-21 05:00:00,P0026,Furniture,2663.95,3137.59,421,0.842,6,1,1,0,99,103,392
2024-01-21 06:00:00,P0133,Electronics,2040.48,1912.64,260,0.52,6,1,1,0,101,106,381
2024-01-21 07:00:00,P0022,Clothing,195.74,203.81,6,0.012,6,1,1,0,129,118,529
2024-01-21 08:00:00,P0013,Books,3779.26,4157.41,204,0.408,6,1,1,0,96,85,381
2024-01-21 09:00:00,P0156,Books,4862.3,5652.73,263,0.526,6,1,1,0,68,67,287
2024-01-21 10:00:00,P0161,Groceries,3120.42,3042.94,288,0.576,6,1,1,0,85,76,341
2024-01-21 11:00:00,P0107,Clothing,4289.88,4050.48,317,0.634,6,1,1,0,84,92,362
2024-01-21 12:00:00,P0023,Furniture,2608.53,2535.52,201,0.402,6,1,1,0,93,81,393
2024-01-21 13:00:00,P0097,Groceries,1196.82,1112.42,115,0.23,6,1,1,0,136,146,505
2024-01-21 14:00:00,P0018,Clothing,121.49,128.97,211,0.422,6,1,1,0,114,98,423
2024-01-21 15:00:00,P0117,Groceries,3284.32,3852.79,159,0.318,6,1,1,0,95,104,344
2024-01-21 16:00:00,P0030,Electronics,2490.89,2118.32,476,0.952,6,1,1,0,85,88,331
2024-01-21 17:00:00,P0026,Clothing,3921.39,4016.95,128,0.256,6,1,1,0,104,98,379
2024-01-21 18:00:00,P0144,Furniture,3488.68,4043.59,346,0.692,6,1,1,1,79,77,313
2024-01-21 19:00:00,P0039,Furniture,4940.36,4150.13,147,0.294,6,1,1,0,95,100,360
2024-01-21 20:00:00,P0161,Clothing,2576.05,2569.73,310,0.62,6,1,1,0,99,90,396
2024-01-21 21:00:00,P0154,Groceries,2164.52,2480.74,446,0.892,6,1,1,0,95,106,354
2024-01-21 22:00:00,P0176,Books,1469.36,1704.72,77,0.154,6,1,1,0,94,94,380
2024-01-21 23:00:00,P0193,Clothing,2410.46,2424.3,462,0.924,6,1,1,0,110,119,481
2024-01-22 00:00:00,P0166,Furniture,4370.71,3540.19,261,0.522,0,0,1,0,75,75,308
2024-01-22 01:00:00,P0130,Electronics,260.08,219.05,51,0.102,0,0,1,0,101,100,409
2024-01-22 02:00:00,P0113,Furniture,4890.61,5060.25,257,0.514,0,0,1,0,63,62,267
2024-01-22 03:00:00,P0134,Books,4966.87,4219.57,220,0.44,0,0,1,0,56,54,202
2024-01-22 04:00:00,P0046,Furniture,3009.22,2587.23,38,0.076,0,0,1,0,83,89,318
2024-01-22 05:00:00,P0050,Books,1691.14,1875.22,247,0.494,0,0,1,0,94,104,413
2024-01-22 06:00:00,P0166,Clothing,1154.09,1269.82,376,0.752,0,0,1,0,111,123,469
2024-01-22 07:00:00,P0106,Furniture,1418.63,1613.14,287,0.574,0,0,1,0,120,106,441
2024-01-22 08:00:00,P0146,Groceries,298.02,251.02,253,0.506,0,0,1,0,113,122,436
2024-01-22 09:00:00,P0155,Groceries,2401.8,2111.8,115,0.23,0,0,1,0,79,72,312
2024-01-22 10:00:00,P0169,Furniture,333.76,378.21,434,0.868,0,0,1,0,123,105,535
2024-01-22 11:00:00,P0072,Furniture,3606.45,3925.39,196,0.392,0,0,1,1,66,62,269
2024-01-22 12:00:00,P0074,Electronics,1891.05,2122.48,213,0.426,0,0,1,0,103,97,377
2024-01-22 13:00:00,P0017,Furniture,1036.86,1239.98,91,0.182,0,0,1,0,107,117,429
2024-01-22 14:00:00,P0190,Electronics,2747.03,3147.47,31,0.062,0,0,1,0,104,112,398
2024-01-22 15:00:00,P0157,Electronics,4870.11,4909.97,92,0.184,0,0,1,1,66,58,255
2024-01-22 16:00:00,P0186,Electronics,3490.9,3226.66,231,0.462,0,0,1,0,88,83,325
2024-01-22 17:00:00,P0070,Electronics,2484.15,2553.38,130,0.26,0,0,1,0,105,97,417
2024-01-22 18:00:00,P0150,Clothing,3895.73,4111.69,317,0.634,0,0,1,0,77,79,318
2024-01-22 19:00:00,P0006,Groceries,3700.51,3456.74,222,0.444,0,0,1,0,78,79,328
2024-01-22 20:00:00,P0026,Electronics,4464.09,4947.88,12,0.024,0,0,1,0,85,90,353
2024-01-22 21:00:00,P0167,Groceries,1063.11,889.93,325,0.65,0,0,1,0,111,125,458
2024-01-22 22:00:00,P0140,Electronics,4301.44,4782.16,20,0.04,0,0,1,0,75,73,322
2024-01-22 23:00:00,P0099,Groceries,1540.08,1251.78,444,0.888,0,0,1,0,84,88,325
2024-01-23 00:00:00,P0142,Furniture,4707.94,4704.11,13,0.026,1,0,1,0,70,79,264
2024-01-23 01:00:00,P0022,Furniture,1441.27,1649.64,344,0.688,1,0,1,0,73,74,268
2024-01-23 02:00:00,P0051,Groceries,4637.9,3870.78,326,0.652,1,0,1,0,74,70,276
2024-01-23 03:00:00,P0151,Electronics,4820.76,4854.97,106,0.212,1,0,1,0,71,69,264
2024-01-23 04:00:00,P0176,Clothing,770.18,665.25,405,0.81,1,0,1,0,95,102,411
2024-01-23 05:00:00,P0199,Groceries,4873.77,5643.47,127,0.254,1,0,1,0,67,71,251
2024-01-23 06:00:00,P0104,Books,474.33,537.39,31,0.062,1,0,1,0,119,128,437
2024-01-23 07:00:00,P0178,Clothing,1131.91,1328.37,168,0.336,1,0,1,0,96,103,376
2024-01-23 08:00:00,P0089,Books,2248.64,2585.92,287,0.574,1,0,1,1,97,109,362
2024-01-23 09:00:00,P0141,Groceries,4968.31,5438.42,425,0.85,1,0,1,0,60,65,222
2024-01-23 10:00:00,P0138,Electronics,2468.39,2157.26,435,0.87,1,0,1,0,73,81,284
2024-01-23 11:00:00,P0183,Books,2774.53,2555.35,477,0.954,1,0,1,0,83,85,360
2024-01-23 12:00:00,P0009,Groceries,3487.4,3483.01,80,0.16,1,0,1,1,77,80,279
2024-01-23 13:00:00,P0079,Clothing,4843.05,5015.26,487,0.974,1,0,1,0,61,70,230
2024-01-23 14:00:00,P0052,Electronics,3927.59,4370.91,181,0.362,1,0,1,0,85,94,362
2024-01-23 15:00:00,P0130,Books,1159.56,1032.92,357,0.714,1,0,1,0,96,104,364
2024-01-23 16:00:00,P0153,Groceries,1549.81,1319.37,189,0.378,1,0,1,0,100,106,395
2024-01-23 17:00:00,P0013,Electronics,533.26,529.55,254,0.508,1,0,1,0,101,97,372
2024-01-23 18:00:00,P0051,Electronics,3240.04,2796.6,340,0.68,1,0,1,0,80,81,339
2024-01-23 19:00:00,P0186,Furniture,944.66,1017.87,473,0.946,1,0,1,0,88,76,369
2024-01-23 20:00:00,P0034,Electronics,1324.15,1364.21,298,0.596,1,0,1,0,102,99,378
2024-01-23 21:00:00,P0035,Groceries,4446.16,4874.96,386,0.772,1,0,1,0,65,57,283
2024-01-23 22:00:00,P0131,Clothing,1667.44,1376.26,165,0.33,1,0,1,0,96,103,391
2024-01-23 23:00:00,P0120,Furniture,2854.9,3385.57,464,0.928,1,0,1,0,70,78,297
2024-01-24 00:00:00,P0187,Groceries,2017.95,1614.36,255,0.51,2,0,1,0,97,88,408
2024-01-24 01:00:00,P0070,Groceries,416.45,387.37,422,0.844,2,0,1,0,94,87,377
2024-01-24 02:00:00,P0176,Groceries,1846.18,1978.84,197,0.394,2,0,1,0,85,94,357
2024-01-24 03:00:00,P0192,Books,2069.94,1693.33,212,0.424,2,0,1,0,88,90,334
2024-01-24 04:00:00,P0147,Books,4483.72,3736.46,44,0.088,2,0,1,0,82,84,297
2024-01-24 05:00:00,P0067,Clothing,1656.03,1375.62,301,0.602,2,0,1,0,99,101,383
2024-01-24 06:00:00,P0103,Groceries,1927.24,1990.08,370,0.74,2,0,1,0,69,63,257
2024-01-24 07:00:00,P0073,Books,3925.34,4547.0,359,0.718,2,0,1,0,67,62,294
2024-01-24 08:00:00,P0116,Books,3806.84,3891.26,12,0.024,2,0,1,0,95,108,412
2024-01-24 09:00:00,P0133,Books,4001.51,4167.29,51,0.102,2,0,1,0,90,96,334
2024-01-24 10:00:00,P0067,Clothing,4771.17,4477.27,264,0.528,2,0,1,0,59,52,229
2024-01-24 11:00:00,P0139,Clothing,3988.01,3220.3,440,0.88,2,0,1,0,76,70,305
2024-01-24 12:00:00,P0121,Groceries,2067.66,1672.0,324,0.648,2,0,1,0,76,79,298
2024-01-24 13:00:00,P0094,Furniture,4116.47,4755.86,42,0.084,2,0,1,0,73,68,304
2024-01-24 14:00:00,P0196,Groceries,2567.94,2159.71,6,0.012,2,0,1,0,85,79,340
2024-01-24 15:00:00,P0197,Books,1424.68,1709.5,229,0.458,2,0,1,0,105,96,425
2024-01-24 16:00:00,P0129,Books,1549.44,1341.46,43,0.086,2,0,1,0,104,94,431
2024-01-24 17:00:00,P0091,Electronics,1158.02,1238.91,171,0.342,2,0,1,0,108,112,391
2024-01-24 18:00:00,P0092,Groceries,767.72,905.59,101,0.202,2,0,1,0,88,99,318
2024-01-24 19:00:00,P0063,Books,963.23,910.17,222,0.444,2,0,1,0,112,107,419
2024-01-24 20:00:00,P0029,Books,362.73,396.74,67,0.134,2,0,1,0,133,118,555
2024-01-24 21:00:00,P0012,Furniture,4447.83,4182.48,121,0.242,2,0,1,0,76,67,288
2024-01-24 22:00:00,P0077,Electronics,4658.49,4295.02,76,0.152,2,0,1,0,88,99,382
2024-01-24 23:00:00,P0041,Groceries,2954.51,2602.1,299,0.598,2,0,1,0,90,91,330
2024-01-25 00:00:00,P0130,Clothing,4210.42,4750.93,462,0.924,3,0,1,0,79,78,321
2024-01-25 01:00:00,P0037,Groceries,958.68,865.64,295,0.59,3,0,1,0,98,109,355
2024-01-25 02:00:00,P0173,Groceries,4513.29,4121.82,204,0.408,3,0,1,0,74,74,324
2024-01-25 03:00:00,P0176,Furniture,2556.49,3066.73,426,0.852,3,0,1,0,76,76,287
2024-01-25 04:00:00,P0024,Groceries,382.47,356.05,490,0.98,3,0,1,0,83,94,338
2024-01-25 05:00:00,P0099,Furniture,749.5,726.35,317,0.634,3,0,1,0,93,92,406
2024-01-25 06:00:00,P0150,Furniture,1579.43,1889.03,170,0.34,3,0,1,0,102,99,370
2024-01-25 07:00:00,P0100,Books,265.61,251.72,217,0.434,3,0,1,1,95,97,381
2024-01-25 08:00:00,P0139,Clothing,1581.0,1496.35,402,0.804,3,0,1,0,92,105,370
2024-01-25 09:00:00,P0058,Furniture,346.66,392.1,304,0.608,3,0,1,0,82,93,318
2024-01-25 10:00:00,P0174,Electronics,1218.34,1126.69,192,0.384,3,0,1,0,98,106,404
2024-01-25 11:00:00,P0029,Electronics,1365.07,1219.71,332,0.664,3,0,1,0,98,98,395
2024-01-25 12:00:00,P0163,Clothing,4972.13,4819.41,152,0.304,3,0,1,0,64,71,243
2024-01-25 13:00:00,P0143,Furniture,1215.96,1313.55,467,0.934,3,0,1,0,89,87,371
2024-01-25 14:00:00,P0060,Clothing,1233.97,1008.52,40,0.08,3,0,1,0,107,111,425
2024-01-25 15:00:00,P0095,Books,3449.61,3275.63,22,0.044,3,0,1,0,83,75,330
2024-01-25 16:00:00,P0042,Electronics,4303.82,4039.13,185,0.37,3,0,1,0,76,80,331
2024-01-25 17:00:00,P0043,Groceries,1965.92,1765.25,215,0.43,3,0,1,0,78,73,314
2024-01-25 18:00:00,P0074,Electronics,4384.31,4654.89,42,0.084,3,0,1,0,68,74,287
2024-01-25 19:00:00,P0177,Furniture,1733.7,1588.06,360,0.72,3,0,1,0,82,80,352
2024-01-25 20:00:00,P0192,Clothing,1025.23,1069.0,112,0.224,3,0,1,0,104,101,423
2024-01-25 21:00:00,P0160,Electronics,1681.71,1684.63,230,0.46,3,0,1,1,113,121,478
2024-01-25 22:00:00,P0064,Groceries,3066.31,2719.44,423,0.846,3,0,1,0,82,80,316
2024-01-25 23:00:00,P0002,Groceries,1867.36,1693.0,413,0.826,3,0,1,0,73,78,273
2024-01-26 00:00:00,P0152,Clothing,3380.82,2935.36,417,0.834,4,0,1,0,77,85,320
2024-01-26 01:00:00,P0066,Clothing,1222.83,1005.96,109,0.218,4,0,1,0,99,88,430
2024-01-26 02:00:00,P0166,Electronics,3519.91,3687.72,137,0.274,4,0,1,0,79,79,287
2024-01-26 03:00:00,P0031,Furniture,1769.82,1892.14,104,0.208,4,0,1,0,92,104,387
2024-01-26 04:00:00,P0115,Books,2306.55,1998.39,315,0.63,4,0,1,0,85,93,308
2024-01-26 05:00:00,P0026,Groceries,2810.84,2940.58,384,0.768,4,0,1,0,67,77,266
2024-01-26 06:00:00,P0029,Clothing,3446.81,4111.47,139,0.278,4,0,1,0,82,91,340
2024-01-26 07:00:00,P0195,Books,1231.63,1021.96,429,0.858,4,0,1,0,96,91,377
2024-01-26 08:00:00,P0078,Books,4187.93,4171.8,254,0.508,4,0,1,0,67,61,257
2024-01-26 09:00:00,P0025,Books,3623.12,3960.85,498,0.996,4,0,1,0,67,61,251
2024-01-26 10:00:00,P0048,Furniture,1208.78,989.27,348,0.696,4,0,1,0,84,77,368
2024-01-26 11:00:00,P0065,Clothing,4876.12,5418.88,74,0.148,4,0,1,0,68,59,276
2024-01-26 12:00:00,P0181,Groceries,3340.75,3981.52,232,0.464,4,0,1,0,82,92,304
2024-01-26 13:00:00,P0067,Clothing,2289.51,1912.65,400,0.8,4,0,1,0,83,83,302
2024-01-26 14:00:00,P0090,Electronics,829.76,936.71,211,0.422,4,0,1,0,111,98,421
2024-01-26 15:00:00,P0146,Groceries,2689.44,2558.82,57,0.114,4,0,1,0,101,109,407
2024-01-26 16:00:00,P0137,Clothing,865.64,742.41,37,0.074,4,0,1,0,104,99,437
2024-01-26 17:00:00,P0038,Groceries,2175.98,2170.06,261,0.522,4,0,1,0,88,77,386
2024-01-26 18:00:00,P0087,Electronics,2073.13,1717.81,445,0.89,4,0,1,0,76,69,324
2024-01-26 19:00:00,P0149,Groceries,3613.7,3645.65,211,0.422,4,0,1,0,75,79,307
2024-01-26 20:00:00,P0065,Books,1002.3,809.6,457,0.914,4,0,1,0,94,102,389
2024-01-26 21:00:00,P0149,Furniture,4118.26,4494.85,137,0.274,4,0,1,0,83,77,333
2024-01-26 22:00:00,P0027,Electronics,1664.36,1656.35,478,0.956,4,0,1,0,87,89,343
2024-01-26 23:00:00,P0106,Groceries,2247.74,2210.82,281,0.562,4,0,1,0,92,78,389
2024-01-27 00:00:00,P0123,Electronics,3873.09,3402.42,57,0.114,5,1,1,0,81,76,303
2024-01-27 01:00:00,P0198,Books,3145.69,2971.12,272,0.544,5,1,1,0,96,87,371
2024-01-27 02:00:00,P0044,Furniture,1574.73,1374.34,52,0.104,5,1,1,0,108,94,473
2024-01-27 03:00:00,P0100,Electronics,1961.7,2146.41,205,0.41,5,1,1,1,125,124,507
2024-01-27 04:00:00,P0028,Books,1563.64,1375.39,4,0.008,5,1,1,0,142,148,568
2024-01-27 05:00:00,P0173,Books,2994.11,3133.94,322,0.644,5,1,1,0,108,93,462
2024-01-27 06:00:00,P0017,Books,1696.49,1546.93,106,0.212,5,1,1,0,104,93,438
2024-01-27 07:00:00,P0127,Groceries,3642.2,3870.9,242,0.484,5,1,1,0,96,108,371
2024-01-27 08:00:00,P0123,Clothing,2919.95,2967.2,147,0.294,5,1,1,0,76,70,312
2024-01-27 09:00:00,P0168,Electronics,771.25,747.63,178,0.356,5,1,1,0,135,146,506
2024-01-27 10:00:00,P0131,Clothing,1585.83,1695.57,173,0.346,5,1,1,0,113,121,412
2024-01-27 11:00:00,P0076,Books,1146.16,1107.52,462,0.924,5,1,1,0,87,82,382
2024-01-27 12:00:00,P0194,Clothing,1982.05,2236.84,322,0.644,5,1,1,0,110,100,461
2024-01-27 13:00:00,P0046,Books,2604.12,2843.28,386,0.772,5,1,1,0,92,85,400
2024-01-27 14:00:00,P0158,Books,2558.48,2600.07,406,0.812,5,1,1,0,92,94,392
2024-01-27 15:00:00,P0069,Furniture,3784.89,4355.74,392,0.784,5,1,1,0,88,85,347
2024-01-27 16:00:00,P0137,Furniture,986.4,1116.16,138,0.276,5,1,1,0,133,133,570
2024-01-27 17:00:00,P0085,Clothing,4735.04,4795.34,174,0.348,5,1,1,0,83,91,351
2024-01-27 18:00:00,P0011,Electronics,1747.08,1445.5,252,0.504,5,1,1,0,84,84,320
2024-01-27 19:00:00,P0069,Clothing,1536.23,1576.78,432,0.864,5,1,1,0,106,122,434
2024-01-27 20:00:00,P0099,Electronics,3441.63,3242.37,249,0.498,5,1,1,0,82,86,315
2024-01-27 21:00:00,P0091,Clothing,4037.31,4102.09,427,0.854,5,1,1,1,84,77,318
2024-01-27 22:00:00,P0194,Groceries,1923.44,2036.64,368,0.736,5,1,1,0,106,106,389
2024-01-27 23:00:00,P0159,Groceries,3746.89,3963.97,488,0.976,5,1,1,0,78,85,315
2024-01-28 00:00:00,P0161,Electronics,4424.49,4731.59,396,0.792,6,1,1,0,76,70,297
2024-01-28 01:00:00,P0167,Furniture,3845.68,4121.44,135,0.27,6,1,1,0,74,79,272
2024-01-28 02:00:00,P0094,Electronics,219.27,185.0,446,0.892,6,1,1,0,133,114,555
2024-01-28 03:00:00,P0174,Clothing,4145.48,3634.28,21,0.042,6,1,1,1,94,106,393
2024-01-28 04:00:00,P0165,Books,3883.68,4086.47,37,0.074,6,1,1,0,96,101,364
2024-01-28 05:00:00,P0115,Groceries,3362.99,3239.46,26,0.052,6,1,1,0,102,92,445
2024-01-28 06:00:00,P0188,Books,3812.11,4212.92,281,0.562,6,1,1,0,71,79,300
2024-01-28 07:00:00,P0031,Groceries,4898.16,4163.26,278,0.556,6,1,1,0,83,73,352
2024-01-28 08:00:00,P0011,Clothing,2184.01,1914.52,119,0.238,6,1,1,0,104,101,375
2024-01-28 09:00:00,P0087,Groceries,382.76,391.71,252,0.504,6,1,1,0,123,132,539
2024-01-28 10:00:00,P0121,Electronics,2331.41,2332.11,358,0.716,6,1,1,0,92,104,404
2024-01-28 11:00:00,P0130,Books,279.85,253.7,478,0.956,6,1,1,0,98,94,393
2024-01-28 12:00:00,P0105,Books,1506.54,1451.31,476,0.952,6,1,1,0,96,106,421
2024-01-28 13:00:00,P0027,Clothing,2955.05,2405.39,64,0.128,6,1,1,0,100,91,409
2024-01-28 14:00:00,P0002,Books,1582.63,1289.55,73,0.146,6,1,1,0,116,100,430
2024-01-28 15:00:00,P0103,Clothing,3442.71,2884.89,302,0.604,6,1,1,0,85,73,361
2024-01-28 16:00:00,P0101,Furniture,4118.83,4245.35,316,0.632,6,1,1,0,81,85,328
2024-01-28 17:00:00,P0021,Electronics,2131.17,2441.23,173,0.346,6,1,1,0,104,93,403
2024-01-28 18:00:00,P0058,Groceries,4505.68,4073.54,387,0.774,6,1,1,0,66,57,250
2024-01-28 19:00:00,P0133,Groceries,445.2,362.2,414,0.828,6,1,1,0,113,129,454
2024-01-28 20:00:00,P0180,Groceries,4208.56,4559.77,259,0.518,6,1,1,0,83,77,345
2024-01-28 21:00:00,P0173,Furniture,4151.44,4741.53,284,0.568,6,1,1,0,77,76,331
2024-01-28 22:00:00,P0085,Electronics,1643.87,1405.95,72,0.144,6,1,1,0,127,131,518
2024-01-28 23:00:00,P0093,Books,1528.64,1458.78,78,0.156,6,1,1,0,117,105,460
2024-01-29 00:00:00,P0020,Books,1560.22,1347.24,43,0.086,0,0,1,0,107,102,439
2024-01-29 01:00:00,P0061,Electronics,4066.4,3426.12,232,0.464,0,0,1,0,68,71,272
2024-01-29 02:00:00,P0038,Electronics,4166.68,4413.63,2,0.004,0,0,1,0,74,77,305
2024-01-29 03:00:00,P0148,Groceries,1682.13,1996.71,442,0.884,0,0,1,0,85,94,347
2024-01-29 04:00:00,P0025,Books,2983.32,3195.93,78,0.156,0,0,1,0,77,76,337
2024-01-29 05:00:00,P0130,Electronics,737.72,880.78,376,0.752,0,0,1,0,80,89,328
2024-01-29 06:00:00,P0121,Books,2370.45,2308.24,180,0.36,0,0,1,0,103,109,428
2024-01-29 07:00:00,P0160,Electronics,4994.02,5788.81,138,0.276,0,0,1,1,64,65,276
2024-01-29 08:00:00,P0026,Clothing,836.25,737.6,389,0.778,0,0,1,0,95,84,411
2024-01-29 09:00:00,P0198,Groceries,4740.44,4015.92,302,0.604,0,0,1,0,68,70,252
2024-01-29 10:00:00,P0169,Electronics,4130.06,4464.63,6,0.012,0,0,1,0,78,80,309
2024-01-29 11:00:00,P0067,Furniture,4862.46,4612.35,370,0.74,0,0,1,0,57,61,248
2024-01-29 12:00:00,P0001,Electronics,938.91,870.44,365,0.73,0,0,1,0,107,114,467
2024-01-29 13:00:00,P0051,Clothing,1106.92,1182.76,323,0.646,0,0,1,0,92,93,345
2024-01-29 14:00:00,P0005,Furniture,133.49,124.6,212,0.424,0,0,1,0,117,120,463
2024-01-29 15:00:00,P0013,Furniture,3637.27,3742.84,0,0.0,0,0,1,0,97,105,371
2024-01-29 16:00:00,P0147,Electronics,3238.27,2978.5,183,0.366,0,0,1,0,73,70,309
2024-01-29 17:00:00,P0140,Clothing,931.42,1037.14,250,0.5,0,0,1,0,110,98,471
2024-01-29 18:00:00,P0048,Furniture,3966.17,3668.53,214,0.428,0,0,1,0,77,86,306
2024-01-29 19:00:00,P0153,Groceries,1531.02,1552.45,76,0.152,0,0,1,0,93,106,385
2024-01-29 20:00:00,P0057,Groceries,718.23,581.24,42,0.084,0,0,1,0,116,114,498
2024-01-29 21:00:00,P0115,Books,2141.69,2391.61,411,0.822,0,0,1,0,87,100,363
2024-01-29 22:00:00,P0035,Books,500.3,524.38,156,0.312,0,0,1,0,103,98,384
2024-01-29 23:00:00,P0076,Clothing,1353.06,1186.49,17,0.034,0,0,1,0,127,110,530
2024-01-30 00:00:00,P0094,Furniture,1888.1,1673.14,342,0.684,1,0,1,0,94,96,350
2024-01-30 01:00:00,P0005,Groceries,4266.73,3861.38,219,0.438,1,0,1,0,65,72,268
2024-01-30 02:00:00,P0022,Groceries,3973.12,4094.75,72,0.144,1,0,1,0,83,86,321
2024-01-30 03:00:00,P0103,Clothing,2241.63,2284.95,189,0.378,1,0,1,0,91,78,332
2024-01-30 04:00:00,P0185,Furniture,3636.65,3307.7,362,0.724,1,0,1,0,66,56,250
2024-01-30 05:00:00,P0175,Clothing,2864.82,3087.2,261,0.522,1,0,1,0,82,88,326
2024-01-30 06:00:00,P0182,Electronics,1737.17,2007.5,143,0.286,1,0,1,0,102,113,448
2024-01-30 07:00:00,P0131,Groceries,3643.08,2977.88,484,0.968,1,0,1,0,65,60,247
2024-01-30 08:00:00,P0124,Clothing,3433.32,3319.6,128,0.256,1,0,1,0,72,71,316
2024-01-30 09:00:00,P0053,Clothing,3114.52,3231.03,277,0.554,1,0,1,0,71,81,276
2024-01-30 10:00:00,P0159,Electronics,3108.88,3216.37,301,0.602,1,0,1,0,70,69,306
2024-01-30 11:00:00,P0069,Books,3430.76,2771.42,189,0.378,1,0,1,0,86,77,375
2024-01-30 12:00:00,P0104,Groceries,1953.5,1727.34,150,0.3,1,0,1,1,100,112,371
2024-01-30 13:00:00,P0161,Clothing,4351.93,3589.18,404,0.808,1,0,1,0,61,61,260
2024-01-30 14:00:00,P0200,Groceries,853.42,876.96,306,0.612,1,0,1,0,98,93,393
2024-01-30 15:00:00,P0178,Books,4425.23,4682.58,383,0.766,1,0,1,0,59,52,245
2024-01-30 16:00:00,P0016,Clothing,1744.3,1506.9,94,0.188,1,0,1,0,94,93,397
2024-01-30 17:00:00,P0116,Electronics,668.91,624.23,37,0.074,1,0,1,0,105,113,388
2024-01-30 18:00:00,P0076,Groceries,3020.14,2814.53,155,0.31,1,0,1,0,89,95,377
2024-01-30 19:00:00,P0109,Electronics,1911.13,2155.6,299,0.598,1,0,1,0,102,102,392
2024-01-30 20:00:00,P0039,Books,4086.72,3587.58,346,0.692,1,0,1,0,64,68,268
2024-01-30 21:00:00,P0089,Books,2182.39,2224.57,422,0.844,1,0,1,0,78,75,317
2024-01-30 22:00:00,P0174,Groceries,3359.38,3739.58,425,0.85,1,0,1,0,77,82,319
2024-01-30 23:00:00,P0112,Books,1575.88,1783.63,41,0.082,1,0,1,0,89,78,365
2024-01-31 00:00:00,P0047,Furniture,1086.79,1159.2,315,0.63,2,0,1,0,89,81,378
2024-01-31 01:00:00,P0172,Groceries,1970.84,1812.8,125,0.25,2,0,1,0,105,117,453
2024-01-31 02:00:00,P0137,Furniture,3053.7,3448.29,312,0.624,2,0,1,0,91,85,360
2024-01-31 03:00:00,P0128,Books,3301.89,3621.73,76,0.152,2,0,1,0,78,71,305
2024-01-31 04:00:00,P0178,Groceries,2912.12,3150.3,95,0.19,2,0,1,0,82,72,311
2024-01-31 05:00:00,P0077,Furniture,4940.88,4085.78,262,0.524,2,0,1,0,71,69,302
2024-01-31 06:00:00,P0188,Books,3470.9,2836.79,306,0.612,2,0,1,1,85,74,372
2024-01-31 07:00:00,P0015,Clothing,4661.02,5025.26,224,0.448,2,0,1,0,68,68,255
2024-01-31 08:00:00,P0036,Clothing,633.77,746.53,110,0.22,2,0,1,0,102,115,405
2024-01-31 09:00:00,P0063,Electronics,353.8,392.54,237,0.474,2,0,1,0,113,123,476
2024-01-31 10:00:00,P0069,Clothing,1589.42,1800.16,204,0.408,2,0,1,0,101,87,415
2024-01-31 11:00:00,P0169,Furniture,726.12,739.19,287,0.574,2,0,1,0,101,95,429
2024-01-31 12:00:00,P0074,Clothing,2653.05,2445.67,262,0.524,2,0,1,0,102,92,369
2024-01-31 13:00:00,P0024,Groceries,2618.96,2805.15,75,0.15,2,0,1,0,94,82,407
2024-01-31 14:00:00,P0049,Groceries,2896.48,3142.07,423,0.846,2,0,1,0,70,62,255
2024-01-31 15:00:00,P0146,Groceries,3738.88,4001.14,142,0.284,2,0,1,1,83,93,328
2024-01-31 16:00:00,P0007,Clothing,4858.08,5726.14,314,0.628,2,0,1,0,61,58,233
2024-01-31 17:00:00,P0004,Clothing,4397.38,4163.75,368,0.736,2,0,1,0,67,65,291
2024-01-31 18:00:00,P0090,Electronics,635.92,518.82,84,0.168,2,0,1,0,119,118,455
2024-01-31 19:00:00,P0197,Books,1725.64,2007.57,395,0.79,2,0,1,0,97,104,378
2024-01-31 20:00:00,P0060,Electronics,1316.32,1137.56,251,0.502,2,0,1,0,69,75,297
2024-01-31 21:00:00,P0055,Furniture,925.25,998.28,332,0.664,2,0,1,0,93,106,375
2024-01-31 22:00:00,P0016,Groceries,2746.39,3156.38,231,0.462,2,0,1,0,82,75,354
2024-01-31 23:00:00,P0029,Clothing,2788.66,2576.88,425,0.85,2,0,1,0,80,75,330
2024-02-01 00:00:00,P0151,Books,1174.86,1330.14,294,0.588,3,0,2,0,89,84,326
2024-02-01 01:00:00,P0014,Books,3573.89,3333.81,318,0.636,3,0,2,0,74,73,292
2024-02-01 02:00:00,P0079,Clothing,3677.93,4110.83,129,0.258,3,0,2,0,80,87,299
2024-02-01 03:00:00,P0177,Electronics,153.85,127.38,284,0.568,3,0,2,0,89,82,325
2024-02-01 04:00:00,P0033,Books,2009.0,2133.75,316,0.632,3,0,2,0,88,95,343
2024-02-01 05:00:00,P0153,Electronics,4456.2,4771.95,495,0.99,3,0,2,0,71,65,307
2024-02-01 06:00:00,P0021,Clothing,2625.58,2616.58,28,0.056,3,0,2,0,82,87,303
2024-02-01 07:00:00,P0145,Electronics,1770.76,1903.28,227,0.454,3,0,2,1,96,105,346
2024-02-01 08:00:00,P0023,Groceries,1305.7,1526.72,293,0.586,3,0,2,0,97,107,422
2024-02-01 09:00:00,P0057,Clothing,1254.6,1371.96,6,0.012,3,0,2,0,88,88,354
2024-02-01 10:00:00,P0186,Clothing,543.85,644.2,29,0.058,3,0,2,0,109,103,441
2024-02-01 11:00:00,P0142,Books,4095.27,4011.09,214,0.428,3,0,2,0,74,80,321
2024-02-01 12:00:00,P0093,Books,478.95,484.37,114,0.228,3,0,2,0,125,118,520
2024-02-01 13:00:00,P0020,Books,1496.86,1355.4,475,0.95,3,0,2,0,85,76,362
2024-02-01 14:00:00,P0158,Groceries,276.09,329.72,439,0.878,3,0,2,0,104,114,439
2024-02-01 15:00:00,P0019,Groceries,3917.86,3220.7,214,0.428,3,0,2,0,71,69,290
2024-02-01 16:00:00,P0181,Furniture,244.45,230.63,163,0.326,3,0,2,0,114,116,473
2024-02-01 17:00:00,P0103,Clothing,1576.09,1448.55,169,0.338,3,0,2,0,107,120,433
2024-02-01 18:00:00,P0184,Books,2887.82,2756.73,220,0.44,3,0,2,0,71,63,276
2024-02-01 19:00:00,P0077,Clothing,2077.33,2424.43,259,0.518,3,0,2,0,93,95,356
2024-02-01 20:00:00,P0151,Electronics,1447.24,1370.85,211,0.422,3,0,2,0,104,106,389
2024-02-01 21:00:00,P0190,Groceries,1412.19,1647.73,260,0.52,3,0,2,0,96,106,373
2024-02-01 22:00:00,P0033,Furniture,3999.06,3876.43,301,0.602,3,0,2,0,75,71,305
2024-02-01 23:00:00,P0018,Electronics,4871.19,5562.45,330,0.66,3,0,2,0,70,68,285
2024-02-02 00:00:00,P0073,Clothing,1772.8,1788.22,129,0.258,4,0,2,0,85,85,352
2024-02-02 01:00:00,P0161,Groceries,243.77,225.38,104,0.208,4,0,2,0,118,106,508
2024-02-02 02:00:00,P0160,Books,231.0,226.32,53,0.106,4,0,2,0,129,128,532
2024-02-02 03:00:00,P0189,Electronics,3808.11,3692.92,107,0.214,4,0,2,0,77,76,288
2024-02-02 04:00:00,P0182,Groceries,2784.23,2516.85,471,0.942,4,0,2,0,74,67,268
2024-02-02 05:00:00,P0017,Clothing,3928.78,3598.19,314,0.628,4,0,2,0,69,76,259
2024-02-02 06:00:00,P0019,Clothing,3502.61,3063.32,288,0.576,4,0,2,0,80,78,346
2024-02-02 07:00:00,P0070,Electronics,4542.16,4244.2,254,0.508,4,0,2,0,80,75,324
2024-02-02 08:00:00,P0120,Electronics,4434.83,4655.52,277,0.554,4,0,2,0,85,76,364
2024-02-02 09:00:00,P0101,Electronics,3952.22,3772.88,46,0.092,4,0,2,0,93,82,352
2024-02-02 10:00:00,P0034,Furniture,2402.19,2606.21,133,0.266,4,0,2,0,89,101,371
2024-02-02 11:00:00,P0084,Books,1575.23,1882.07,23,0.046,4,0,2,0,95,109,398
2024-02-02 12:00:00,P0153,Groceries,2559.78,2433.94,476,0.952,4,0,2,0,68,76,289
2024-02-02 13:00:00,P0196,Clothing,2535.25,2497.36,432,0.864,4,0,2,0,86,85,346
2024-02-02 14:00:00,P0074,Clothing,3070.86,2658.27,479,0.958,4,0,2,0,98,107,415
2024-02-02 15:00:00,P0088,Books,971.18,929.31,116,0.232,4,0,2,0,109,120,474
2024-02-02 16:00:00,P0085,Electronics,3295.32,3594.31,238,0.476,4,0,2,0,84,79,367
2024-02-02 17:00:00,P0011,Electronics,2310.17,2049.03,477,0.954,4,0,2,0,82,84,303
2024-02-02 18:00:00,P0091,Clothing,3120.01,2723.21,493,0.986,4,0,2,0,79,90,324
2024-02-02 19:00:00,P0144,Books,1236.04,1174.92,381,0.762,4,0,2,0,89,83,328
2024-02-02 20:00:00,P0189,Clothing,2200.25,2480.69,306,0.612,4,0,2,0,92,96,399
2024-02-02 21:00:00,P0127,Electronics,1090.5,1144.44,373,0.746,4,0,2,0,93,98,406
2024-02-02 22:00:00,P0113,Groceries,4382.76,5184.94,40,0.08,4,0,2,0,81,80,324
2024-02-02 23:00:00,P0080,Electronics,2465.41,2864.35,249,0.498,4,0,2,0,88,88,384
2024-02-03 00:00:00,P0007,Groceries,1163.66,1001.28,322,0.644,5,1,2,0,118,116,497
2024-02-03 01:00:00,P0016,Furniture,253.98,207.51,88,0.176,5,1,2,0,119,120,495
2024-02-03 02:00:00,P0016,Books,3394.91,3257.88,91,0.182,5,1,2,0,108,97,439
2024-02-03 03:00:00,P0168,Furniture,1112.49,1122.32,376,0.752,5,1,2,0,121,132,475
2024-02-03 04:00:00,P0012,Electronics,4948.43,4979.25,462,0.924,5,1,2,0,68,71,297
2024-02-03 05:00:00,P0035,Books,2691.82,2297.85,80,0.16,5,1,2,0,99,113,372
2024-02-03 06:00:00,P0021,Electronics,1480.44,1258.27,129,0.258,5,1,2,0,102,94,433
2024-02-03 07:00:00,P0178,Books,3305.5,2706.36,90,0.18,5,1,2,0,87,78,339
2024-02-03 08:00:00,P0171,Books,1412.34,1610.55,99,0.198,5,1,2,0,114,109,479
2024-02-03 09:00:00,P0017,Electronics,4110.36,4846.52,77,0.154,5,1,2,0,92,92,343
2024-02-03 10:00:00,P0032,Electronics,1575.77,1333.53,42,0.084,5,1,2,0,121,110,472
2024-02-03 11:00:00,P0041,Books,4941.83,4374.75,122,0.244,5,1,2,0,94,93,410
2024-02-03 12:00:00,P0134,Books,3045.47,2545.85,287,0.574,5,1,2,0,90,94,364
2024-02-03 13:00:00,P0027,Electronics,4229.84,4868.55,395,0.79,5,1,2,0,74,64,295
2024-02-03 14:00:00,P0148,Electronics,410.44,485.75,22,0.044,5,1,2,0,131,141,550
2024-02-03 15:00:00,P0153,Clothing,1774.08,1605.04,143,0.286,5,1,2,0,102,115,401
2024-02-03 16:00:00,P0066,Clothing,3700.56,3409.82,427,0.854,5,1,2,0,96,89,383
2024-02-03 17:00:00,P0137,Clothing,3292.54,3111.67,257,0.514,5,1,2,0,110,119,445
2024-02-03 18:00:00,P0092,Furniture,1011.5,1012.5,6,0.012,5,1,2,0,137,134,602
2024-02-03 19:00:00,P0181,Books,1813.2,1945.54,276,0.552,5,1,2,0,117,123,497
2024-02-03 20:00:00,P0061,Groceries,1354.04,1356.42,185,0.37,5,1,2,0,114,122,414
2024-02-03 21:00:00,P0166,Furniture,3086.18,3642.93,94,0.188,5,1,2,0,107,100,452
2024-02-03 22:00:00,P0003,Books,1755.61,1474.64,406,0.812,5,1,2,0,115,125,460
2024-02-03 23:00:00,P0198,Groceries,1579.82,1768.52,381,0.762,5,1,2,0,102,90,386
2024-02-04 00:00:00,P0103,Clothing,1076.52,1005.25,443,0.886,6,1,2,0,123,141,527
2024-02-04 01:00:00,P0055,Groceries,2074.68,1973.06,376,0.752,6,1,2,0,100,95,382
2024-02-04 02:00:00,P0001,Electronics,1017.74,1102.75,24,0.048,6,1,2,0,125,115,482
2024-02-04 03:00:00,P0101,Electronics,4814.72,5641.65,290,0.58,6,1,2,0,70,62,256
2024-02-04 04:00:00,P0198,Books,814.78,885.24,226,0.452,6,1,2,0,122,133,535
2024-02-04 05:00:00,P0045,Furniture,4570.86,5075.23,172,0.344,6,1,2,0,92,94,390
2024-02-04 06:00:00,P0175,Clothing,2170.94,2388.71,134,0.268,6,1,2,0,84,95,312
2024-02-04 07:00:00,P0026,Books,1920.44,1782.92,452,0.904,6,1,2,0,103,108,411
2024-02-04 08:00:00,P0121,Clothing,1195.03,1317.85,287,0.574,6,1,2,0,121,115,468
2024-02-04 09:00:00,P0142,Electronics,3196.99,3560.83,308,0.616,6,1,2,0,93,102,337
2024-02-04 10:00:00,P0182,Furniture,3443.36,3489.36,68,0.136,6,1,2,0,78,73,339
2024-02-04 11:00:00,P0199,Furniture,2364.48,2399.24,280,0.56,6,1,2,0,88,82,376
2024-02-04 12:00:00,P0046,Electronics,325.75,359.59,350,0.7,6,1,2,0,118,101,518
2024-02-04 13:00:00,P0122,Groceries,4596.63,5179.54,467,0.934,6,1,2,0,61,56,231
2024-02-04 14:00:00,P0031,Furniture,4902.63,4583.36,341,0.682,6,1,2,0,94,87,391
2024-02-04 15:00:00,P0059,Groceries,2183.66,2447.06,357,0.714,6,1,2,0,113,106,417
2024-02-04 16:00:00,P0029,Clothing,3087.62,3475.68,332,0.664,6,1,2,0,83,80,327
2024-02-04 17:00:00,P0106,Furniture,2278.98,2036.61,230,0.46,6,1,2,0,113,116,483
2024-02-04 18:00:00,P0017,Electronics,1643.3,1785.91,385,0.77,6,1,2,0,111,102,400
2024-02-04 19:00:00,P0142,Groceries,432.73,378.47,341,0.682,6,1,2,0,114,119,454
2024-02-04 20:00:00,P0164,Clothing,2307.54,1931.92,316,0.632,6,1,2,0,111,99,438
2024-02-04 21:00:00,P0186,Clothing,4101.0,4223.28,392,0.784,6,1,2,0,64,72,266
2024-02-04 22:00:00,P0024,Furniture,134.31,156.26,306,0.612,6,1,2,0,118,101,447
2024-02-04 23:00:00,P0109,Furniture,2931.43,2386.72,257,0.514,6,1,2,0,92,103,344
2024-02-05 00:00:00,P0191,Books,4409.82,4985.75,172,0.344,0,0,2,0,86,87,354
2024-02-05 01:00:00,P0091,Books,1126.87,1129.79,31,0.062,0,0,2,0,98,104,403
2024-02-05 02:00:00,P0025,Furniture,957.12,1095.29,199,0.398,0,0,2,1,111,104,466
2024-02-05 03:00:00,P0187,Books,3872.77,4404.85,79,0.158,0,0,2,0,75,68,285
2024-02-05 04:00:00,P0032,Electronics,1312.68,1509.73,352,0.704,0,0,2,0,105,119,379
2024-02-05 05:00:00,P0116,Electronics,1000.32,1107.9,74,0.148,0,0,2,0,103,101,443
2024-02-05 06:00:00,P0082,Books,1921.05,2184.61,415,0.83,0,0,2,0,77,77,290
2024-02-05 07:00:00,P0110,Furniture,1992.88,1734.62,263,0.526,0,0,2,0,92,105,362
2024-02-05 08:00:00,P0146,Electronics,4376.8,4033.4,479,0.958,0,0,2,0,71,68,282
2024-02-05 09:00:00,P0037,Clothing,3111.3,2790.82,84,0.168,0,0,2,0,92,81,345
2024-02-05 10:00:00,P0026,Furniture,2059.51,2259.22,216,0.432,0,0,2,0,79,81,317
2024-02-05 11:00:00,P0137,Groceries,2695.22,2321.82,120,0.24,0,0,2,0,76,77,329
2024-02-05 12:00:00,P0064,Groceries,4772.13,4165.55,19,0.038,0,0,2,1,69,75,263
2024-02-05 13:00:00,P0072,Furniture,610.41,702.94,448,0.896,0,0,2,0,88,100,353
2024-02-05 14:00:00,P0148,Books,1078.19,1166.98,148,0.296,0,0,2,0,95,90,365
2024-02-05 15:00:00,P0182,Electronics,4814.52,5537.43,6,0.012,0,0,2,0,70,75,307
2024-02-05 16:00:00,P0106,Electronics,4788.76,4097.94,376,0.752,0,0,2,0,69,68,261
2024-02-05 17:00:00,P0086,Furniture,926.97,889.51,377,0.754,0,0,2,0,94,102,347
2024-02-05 18:00:00,P0158,Clothing,768.29,701.65,472,0.944,0,0,2,0,84,76,312
2024-02-05 19:00:00,P0053,Books,2134.37,1715.76,392,0.784,0,0,2,0,79,79,308
2024-02-05 20:00:00,P0092,Clothing,296.11,270.59,85,0.17,0,0,2,0,119,104,481
2024-02-05 21:00:00,P0099,Furniture,3291.77,3133.22,385,0.77,0,0,2,0,76,77,314
2024-02-05 22:00:00,P0191,Furniture,433.61,362.88,146,0.292,0,0,2,0,102,92,413
2024-02-05 23:00:00,P0011,Clothing,337.25,346.22,315,0.63,0,0,2,0,111,126,480
2024-02-06 00:00:00,P0031,Groceries,2451.68,2337.11,453,0.906,1,0,2,1,89,90,346
2024-02-06 01:00:00,P0177,Furniture,4791.04,3921.87,186,0.372,1,0,2,0,75,76,313
2024-02-06 02:00:00,P0100,Books,2162.64,2339.09,324,0.648,1,0,2,0,88,100,336
2024-02-06 03:00:00,P0087,Clothing,1814.58,1981.0,300,0.6,1,0,2,0,84,84,348
2024-02-06 04:00:00,P0147,Groceries,4989.89,5657.48,317,0.634,1,0,2,0,63,66,273
2024-02-06 05:00:00,P0140,Clothing,2683.25,2667.73,393,0.786,1,0,2,0,76,66,333
2024-02-06 06:00:00,P0015,Groceries,1907.44,2265.02,378,0.756,1,0,2,0,65,69,272
2024-02-06 07:00:00,P0159,Groceries,1960.01,2284.64,192,0.384,1,0,2,0,92,81,401
2024-02-06 08:00:00,P0171,Books,1015.05,1035.9,281,0.562,1,0,2,0,78,85,323
2024-02-06 09:00:00,P0101,Furniture,2585.5,2528.57,473,0.946,1,0,2,0,74,82,323
2024-02-06 10:00:00,P0165,Groceries,2222.33,1780.56,187,0.374,1,0,2,0,87,82,376
2024-02-06 11:00:00,P0029,Furniture,1390.44,1507.79,17,0.034,1,0,2,0,122,136,450
2024-02-06 12:00:00,P0114,Books,844.67,866.62,314,0.628,1,0,2,0,88,88,350
2024-02-06 13:00:00,P0107,Furniture,1590.63,1869.02,148,0.296,1,0,2,0,102,104,396
2024-02-06 14:00:00,P0154,Electronics,2567.98,2664.77,45,0.09,1,0,2,0,91,89,330
2024-02-06 15:00:00,P0108,Groceries,338.75,405.53,11,0.022,1,0,2,0,122,121,485
2024-02-06 16:00:00,P0130,Books,811.03,925.81,229,0.458,1,0,2,0,97,109,361
2024-02-06 17:00:00,P0084,Clothing,4740.9,5601.08,461,0.922,1,0,2,0,53,60,192
2024-02-06 18:00:00,P0015,Books,2737.13,2548.45,112,0.224,1,0,2,1,91,90,360
2024-02-06 19:00:00,P0132,Groceries,364.07,313.0,159,0.318,1,0,2,0,111,111,420
2024-02-06 20:00:00,P0050,Books,3480.78,3894.12,422,0.844,1,0,2,0,76,67,330
2024-02-06 21:00:00,P0166,Clothing,355.92,396.67,226,0.452,1,0,2,0,105,100,446
2024-02-06 22:00:00,P0023,Electronics,3707.43,3279.52,464,0.928,1,0,2,0,69,69,301
2024-02-06 23:00:00,P0059,Groceries,3762.32,4160.74,182,0.364,1,0,2,0,85,77,366
2024-02-07 00:00:00,P0090,Groceries,3272.84,3380.15,54,0.108,2,0,2,0,93,95,389
2024-02-07 01:00:00,P0115,Books,3674.41,3100.5,265,0.53,2,0,2,0,71,75,290
2024-02-07 02:00:00,P0075,Furniture,485.43,485.78,34,0.068,2,0,2,0,112,117,409
2024-02-07 03:00:00,P0156,Furniture,3647.56,4276.6,79,0.158,2,0,2,0,73,72,278
2024-02-07 04:00:00,P0194,Clothing,726.61,728.49,5,0.01,2,0,2,0,119,129,496
2024-02-07 05:00:00,P0123,Electronics,1730.55,1930.39,126,0.252,2,0,2,0,104,98,408
2024-02-07 06:00:00,P0136,Electronics,4716.59,3827.81,67,0.134,2,0,2,0,83,82,320
2024-02-07 07:00:00,P0157,Books,2539.23,2770.89,189,0.378,2,0,2,0,96,89,354
2024-02-07 08:00:00,P0139,Books,4838.76,5703.62,243,0.486,2,0,2,0,69,71,252
2024-02-07 09:00:00,P0018,Furniture,490.17,490.08,8,0.016,2,0,2,0,145,142,546
2024-02-07 10:00:00,P0183,Electronics,2413.91,2257.21,156,0.312,2,0,2,0,95,87,405
2024-02-07 11:00:00,P0050,Electronics,358.89,379.94,70,0.14,2,0,2,0,120,113,496
2024-02-07 12:00:00,P0142,Electronics,3169.54,3697.28,463,0.926,2,0,2,0,62,58,240
2024-02-07 13:00:00,P0118,Clothing,439.6,382.76,133,0.266,2,0,2,1,120,135,438
2024-02-07 14:00:00,P0137,Clothing,918.07,882.7,299,0.598,2,0,2,0,124,125,465
2024-02-07 15:00:00,P0139,Books,1331.21,1148.19,319,0.638,2,0,2,0,99,104,392
2024-02-07 16:00:00,P0191,Furniture,3756.28,3751.25,248,0.496,2,0,2,0,83,94,309
2024-02-07 17:00:00,P0108,Groceries,861.61,875.54,322,0.644,2,0,2,0,111,100,467
2024-02-07 18:00:00,P0067,Furniture,4240.83,4994.35,43,0.086,2,0,2,0,92,104,389
2024-02-07 19:00:00,P0181,Clothing,702.92,678.32,115,0.23,2,0,2,0,116,117,430
2024-02-07 20:00:00,P0167,Clothing,224.46,230.47,461,0.922,2,0,2,0,84,93,351
2024-02-07 21:00:00,P0078,Books,2005.47,2314.52,397,0.794,2,0,2,0,89,80,357
2024-02-07 22:00:00,P0184,Groceries,4898.24,4548.32,392,0.784,2,0,2,0,68,63,297
2024-02-07 23:00:00,P0156,Electronics,596.19,637.72,227,0.454,2,0,2,0,113,103,478
2024-02-08 00:00:00,P0075,Groceries,553.51,610.45,406,0.812,3,0,2,0,98,103,399
2024-02-08 01:00:00,P0039,Groceries,3768.27,3512.82,56,0.112,3,0,2,0,79,70,323
2024-02-08 02:00:00,P0025,Groceries,1595.2,1381.02,243,0.486,3,0,2,0,93,101,348
2024-02-08 03:00:00,P0021,Books,3600.54,3604.73,56,0.112,3,0,2,0,83,77,358
2024-02-08 04:00:00,P0138,Clothing,1040.05,980.48,142,0.284,3,0,2,0,106,98,429
2024-02-08 05:00:00,P0171,Electronics,2327.36,2109.95,191,0.382,3,0,2,0,96,90,390
2024-02-08 06:00:00,P0015,Groceries,1363.18,1621.32,6,0.012,3,0,2,0,111,119,451
2024-02-08 07:00:00,P0048,Electronics,2285.06,2287.03,403,0.806,3,0,2,0,81,91,310
2024-02-08 08:00:00,P0086,Groceries,3857.03,4407.01,447,0.894,3,0,2,0,62,70,263
2024-02-08 09:00:00,P0149,Clothing,3821.95,3356.16,274,0.548,3,0,2,0,79,70,339
2024-02-08 10:00:00,P0188,Electronics,2603.07,3060.63,133,0.266,3,0,2,0,88,82,337
2024-02-08 11:00:00,P0116,Furniture,4645.44,5192.55,434,0.868,3,0,2,0,75,79,297
2024-02-08 12:00:00,P0050,Clothing,1355.73,1523.13,38,0.076,3,0,2,1,115,119,430
2024-02-08 13:00:00,P0151,Electronics,1239.54,1184.88,192,0.384,3,0,2,0,105,100,398
2024-02-08 14:00:00,P0141,Groceries,3088.34,3070.6,326,0.652,3,0,2,0,74,82,286
2024-02-08 15:00:00,P0069,Groceries,3125.42,3242.13,482,0.964,3,0,2,0,65,58,281
2024-02-08 16:00:00,P0004,Clothing,280.37,312.87,24,0.048,3,0,2,0,116,121,476
2024-02-08 17:00:00,P0078,Clothing,3058.5,3485.54,101,0.202,3,0,2,0,89,83,362
2024-02-08 18:00:00,P0200,Groceries,1903.46,1582.19,150,0.3,3,0,2,0,80,81,349
2024-02-08 19:00:00,P0009,Electronics,3749.84,4355.91,216,0.432,3,0,2,0,82,79,347
2024-02-08 20:00:00,P0121,Furniture,4050.12,4758.89,229,0.458,3,0,2,0,75,86,271
2024-02-08 21:00:00,P0115,Books,2783.16,2886.57,441,0.882,3,0,2,0,58,58,215
2024-02-08 22:00:00,P0163,Clothing,58.44,51.12,266,0.532,3,0,2,0,100,114,380
2024-02-08 23:00:00,P0101,Groceries,3200.01,3607.58,161,0.322,3,0,2,0,78,72,300
2024-02-09 00:00:00,P0149,Electronics,3756.96,3829.98,286,0.572,4,0,2,0,67,72,286
2024-02-09 01:00:00,P0186,Clothing,1282.47,1445.19,165,0.33,4,0,2,0,106,113,447
2024-02-09 02:00:00,P0146,Electronics,2350.0,2645.92,373,0.746,4,0,2,0,101,112,375
2024-02-09 03:00:00,P0097,Clothing,4830.35,4031.85,369,0.738,4,0,2,0,68,72,274
2024-02-09 04:00:00,P0200,Groceries,1525.67,1590.98,246,0.492,4,0,2,0,103,109,380
2024-02-09 05:00:00,P0081,Electronics,1154.61,1146.83,173,0.346,4,0,2,0,95,100,355
2024-02-09 06:00:00,P0043,Groceries,1093.73,1288.9,395,0.79,4,0,2,0,100,115,379
2024-02-09 07:00:00,P0095,Electronics,2816.06,2586.99,8,0.016,4,0,2,0,91,84,394
2024-02-09 08:00:00,P0006,Clothing,4751.45,4192.68,396,0.792,4,0,2,0,65,56,253
2024-02-09 09:00:00,P0067,Books,3063.02,3549.53,447,0.894,4,0,2,0,72,76,312
2024-02-09 10:00:00,P0140,Books,1551.45,1333.45,275,0.55,4,0,2,0,80,72,336
2024-02-09 11:00:00,P0100,Furniture,3210.92,3450.48,58,0.116,4,0,2,0,95,100,399
2024-02-09 12:00:00,P0012,Furniture,3142.97,2891.56,84,0.168,4,0,2,0,89,84,378
2024-02-09 13:00:00,P0066,Groceries,3004.78,3086.32,149,0.298,4,0,2,0,85,73,313
2024-02-09 14:00:00,P0002,Electronics,839.16,878.17,320,0.64,4,0,2,0,118,128,502
2024-02-09 15:00:00,P0143,Furniture,3191.11,3085.64,487,0.974,4,0,2,0,67,58,255
2024-02-09 16:00:00,P0151,Clothing,2179.31,2593.35,59,0.118,4,0,2,0,103,94,452
2024-02-09 17:00:00,P0157,Books,142.03,121.11,124,0.248,4,0,2,0,137,130,586
2024-02-09 18:00:00,P0081,Electronics,2721.83,2603.59,40,0.08,4,0,2,0,96,85,422
2024-02-09 19:00:00,P0135,Books,4946.87,4809.14,336,0.672,4,0,2,0,57,64,248
2024-02-09 20:00:00,P0156,Electronics,1781.21,1874.58,172,0.344,4,0,2,0,106,110,412
2024-02-09 21:00:00,P0142,Furniture,4829.52,4650.36,259,0.518,4,0,2,0,64,71,279
2024-02-09 22:00:00,P0172,Furniture,526.22,441.4,325,0.65,4,0,2,0,96,101,371
2024-02-09 23:00:00,P0158,Groceries,3675.63,4333.46,172,0.344,4,0,2,0,73,84,301
2024-02-10 00:00:00,P0160,Electronics,615.93,595.25,185,0.37,5,1,2,0,143,144,608
2024-02-10 01:00:00,P0070,Clothing,1404.18,1315.81,240,0.48,5,1,2,0,108,94,422
2024-02-10 02:00:00,P0115,Furniture,2875.66,2814.38,338,0.676,5,1,2,0,86,77,324
2024-02-10 03:00:00,P0088,Groceries,2984.26,2645.96,93,0.186,5,1,2,1,114,117,492
2024-02-10 04:00:00,P0006,Furniture,3887.3,3265.68,406,0.812,5,1,2,0,69,66,254
2024-02-10 05:00:00,P0027,Books,3095.79,2660.62,415,0.83,5,1,2,0,90,80,350
2024-02-10 06:00:00,P0082,Furniture,2988.39,2589.92,62,0.124,5,1,2,0,96,88,387
2024-02-10 07:00:00,P0088,Electronics,4566.15,4013.96,220,0.44,5,1,2,0,86,85,365
2024-02-10 08:00:00,P0120,Groceries,2288.2,2214.94,7,0.014,5,1,2,0,108,109,464
2024-02-10 09:00:00,P0024,Electronics,1165.07,1222.81,212,0.424,5,1,2,0,100,113,401
2024-02-10 10:00:00,P0102,Clothing,850.85,894.72,208,0.416,5,1,2,0,121,106,491
2024-02-10 11:00:00,P0034,Clothing,2029.97,1624.06,208,0.416,5,1,2,0,103,99,441
2024-02-10 12:00:00,P0168,Furniture,3578.13,4180.63,375,0.75,5,1,2,0,93,93,370
2024-02-10 13:00:00,P0047,Groceries,260.59,294.24,84,0.168,5,1,2,0,132,117,534
2024-02-10 14:00:00,P0024,Groceries,688.81,816.64,206,0.412,5,1,2,0,147,155,531
2024-02-10 15:00:00,P0065,Groceries,575.26,543.04,346,0.692,5,1,2,0,110,110,480
2024-02-10 16:00:00,P0018,Groceries,2946.99,3141.25,152,0.304,5,1,2,0,112,111,454
2024-02-10 17:00:00,P0044,Furniture,1252.18,1085.9,160,0.32,5,1,2,0,113,118,473
2024-02-10 18:00:00,P0076,Electronics,872.98,983.69,449,0.898,5,1,2,0,108,101,410
2024-02-10 19:00:00,P0057,Furniture,2984.22,2580.0,115,0.23,5,1,2,0,109,104,450
2024-02-10 20:00:00,P0107,Electronics,3818.48,3552.69,361,0.722,5,1,2,0,76,68,302
2024-02-10 21:00:00,P0156,Books,1694.17,1687.96,250,0.5,5,1,2,0,122,123,450
2024-02-10 22:00:00,P0124,Books,2912.11,3022.22,399,0.798,5,1,2,0,98,94,418
2024-02-10 23:00:00,P0199,Electronics,535.72,548.5,182,0.364,5,1,2,0,134,124,572
2024-02-11 00:00:00,P0151,Furniture,4679.2,3934.45,163,0.326,6,1,2,0,89,79,325
2024-02-11 01:00:00,P0162,Clothing,1717.64,1663.83,327,0.654,6,1,2,0,112,96,438
2024-02-11 02:00:00,P0139,Furniture,4987.65,5831.38,79,0.158,6,1,2,0,86,78,329
2024-02-11 03:00:00,P0163,Clothing,4894.01,5622.96,6,0.012,6,1,2,0,95,88,381
2024-02-11 04:00:00,P0116,Furniture,3905.18,4046.99,324,0.648,6,1,2,0,85,85,339
2024-02-11 05:00:00,P0093,Groceries,149.33,153.65,86,0.172,6,1,2,0,130,120,536
2024-02-11 06:00:00,P0042,Groceries,2740.2,2314.56,7,0.014,6,1,2,0,113,124,429
2024-02-11 07:00:00,P0028,Books,479.84,422.31,386,0.772,6,1,2,0,117,116,442
2024-02-11 08:00:00,P0123,Books,4480.93,4037.57,418,0.836,6,1,2,0,83,86,347
2024-02-11 09:00:00,P0024,Electronics,3958.7,3940.01,369,0.738,6,1,2,1,98,89,429
2024-02-11 10:00:00,P0136,Clothing,4863.08,5313.12,35,0.07,6,1,2,0,75,73,327
2024-02-11 11:00:00,P0106,Groceries,3061.5,3013.4,250,0.5,6,1,2,0,96,99,406
2024-02-11 12:00:00,P0118,Furniture,2634.76,2240.66,99,0.198,6,1,2,0,94,89,343
2024-02-11 13:00:00,P0053,Electronics,2618.92,2555.38,78,0.156,6,1,2,0,104,99,394
2024-02-11 14:00:00,P0200,Furniture,1962.92,1698.03,285,0.57,6,1,2,0,104,114,432
2024-02-11 15:00:00,P0132,Groceries,2370.02,2608.11,270,0.54,6,1,2,0,98,108,376
2024-02-11 16:00:00,P0100,Groceries,3195.29,2769.04,220,0.44,6,1,2,0,104,105,407
2024-02-11 17:00:00,P0005,Groceries,4668.09,4635.48,195,0.39,6,1,2,0,84,94,366
2024-02-11 18:00:00,P0049,Groceries,2999.63,3231.7,225,0.45,6,1,2,0,91,97,334
2024-02-11 19:00:00,P0098,Furniture,4292.72,3826.01,86,0.172,6,1,2,0,96,83,412
2024-02-11 20:00:00,P0030,Electronics,4320.76,3588.01,57,0.114,6,1,2,0,88,90,320
2024-02-11 21:00:00,P0072,Groceries,2618.22,2684.51,482,0.964,6,1,2,0,87,92,337
2024-02-11 22:00:00,P0103,Books,1769.97,1454.35,411,0.822,6,1,2,0,92,93,372
2024-02-11 23:00:00,P0063,Electronics,3215.89,3328.79,478,0.956,6,1,2,0,74,81,287
2024-02-12 00:00:00,P0175,Books,2257.09,2485.96,169,0.338,0,0,2,0,88,83,384
2024-02-12 01:00:00,P0026,Furniture,453.13,422.19,96,0.192,0,0,2,0,113,98,452
2024-02-12 02:00:00,P0185,Groceries,1920.16,1911.21,145,0.29,0,0,2,0,106,110,444
2024-02-12 03:00:00,P0037,Electronics,4970.66,5823.15,388,0.776,0,0,2,0,50,53,208
2024-02-12 04:00:00,P0007,Groceries,290.13,286.78,392,0.784,0,0,2,0,121,131,516
2024-02-12 05:00:00,P0127,Groceries,3498.5,4193.38,467,0.934,0,0,2,0,67,57,288
2024-02-12 06:00:00,P0168,Electronics,4213.88,3635.74,357,0.714,0,0,2,0,67,70,266
2024-02-12 07:00:00,P0092,Groceries,3261.19,3533.74,370,0.74,0,0,2,0,75,64,322
2024-02-12 08:00:00,P0167,Groceries,2870.25,3045.47,392,0.784,0,0,2,0,75,81,309
2024-02-12 09:00:00,P0190,Clothing,3552.39,4081.42,17,0.034,0,0,2,0,83,88,344
2024-02-12 10:00:00,P0103,Clothing,2175.25,1820.63,183,0.366,0,0,2,0,91,93,340
2024-02-12 11:00:00,P0053,Electronics,502.24,458.08,142,0.284,0,0,2,0,108,108,410
2024-02-12 12:00:00,P0132,Electronics,4813.74,4105.5,462,0.924,0,0,2,0,72,77,299
2024-02-12 13:00:00,P0108,Groceries,2189.89,2569.26,333,0.666,0,0,2,0,82,71,313
2024-02-12 14:00:00,P0112,Books,3343.68,3245.56,61,0.122,0,0,2,0,102,112,407
2024-02-12 15:00:00,P0153,Electronics,2679.99,3119.58,162,0.324,0,0,2,0,94,86,375
2024-02-12 16:00:00,P0007,Groceries,320.63,294.26,39,0.078,0,0,2,0,97,96,367
2024-02-12 17:00:00,P0156,Books,4766.1,4053.79,178,0.356,0,0,2,0,64,64,259
2024-02-12 18:00:00,P0197,Clothing,3973.06,3649.71,234,0.468,0,0,2,1,68,74,275
2024-02-12 19:00:00,P0067,Electronics,788.03,818.66,379,0.758,0,0,2,0,98,89,363
2024-02-12 20:00:00,P0108,Groceries,4909.16,5587.08,59,0.118,0,0,2,0,81,76,316
2024-02-12 21:00:00,P0111,Clothing,3697.66,3528.15,227,0.454,0,0,2,0,84,88,327
2024-02-12 22:00:00,P0148,Furniture,2387.99,2784.21,238,0.476,0,0,2,0,80,78,324
2024-02-12 23:00:00,P0083,Clothing,3076.28,2761.55,55,0.11,0,0,2,0,100,94,420
2024-02-13 00:00:00,P0124,Groceries,578.35,623.12,233,0.466,1,0,2,0,95,98,343
2024-02-13 01:00:00,P0139,Books,2824.04,3090.31,83,0.166,1,0,2,1,82,72,304
2024-02-13 02:00:00,P0104,Furniture,414.62,377.13,202,0.404,1,0,2,0,120,130,461
2024-02-13 03:00:00,P0067,Furniture,2747.03,2227.26,40,0.08,1,0,2,0,102,103,433
2024-02-13 04:00:00,P0007,Furniture,2785.84,2635.67,437,0.874,1,0,2,0,86,78,343
2024-02-13 05:00:00,P0151,Electronics,4378.47,3581.93,16,0.032,1,0,2,0,78,76,313
2024-02-13 06:00:00,P0189,Groceries,3639.03,4222.37,104,0.208,1,0,2,0,82,73,322
2024-02-13 07:00:00,P0199,Furniture,1285.28,1518.44,24,0.048,1,0,2,0,94,97,370
2024-02-13 08:00:00,P0110,Clothing,4447.71,4866.47,381,0.762,1,0,2,0,67,70,294
2024-02-13 09:00:00,P0034,Books,2887.55,3149.38,92,0.184,1,0,2,0,83,81,358
2024-02-13 10:00:00,P0106,Groceries,3051.58,2735.31,214,0.428,1,0,2,0,83,79,347
2024-02-13 11:00:00,P0147,Clothing,886.46,735.38,392,0.784,1,0,2,0,119,131,459
2024-02-13 12:00:00,P0058,Electronics,4295.98,4815.11,183,0.366,1,0,2,0,76,78,305
2024-02-13 13:00:00,P0009,Furniture,4658.28,4768.52,216,0.432,1,0,2,0,62,65,257
2024-02-13 14:00:00,P0048,Clothing,3886.2,4168.54,488,0.976,1,0,2,1,78,69,305
2024-02-13 15:00:00,P0115,Groceries,4706.72,5233.2,150,0.3,1,0,2,0,81,86,326
2024-02-13 16:00:00,P0041,Clothing,1546.38,1490.36,373,0.746,1,0,2,0,105,103,390
2024-02-13 17:00:00,P0048,Electronics,4312.54,3699.38,257,0.514,1,0,2,0,68,65,250
2024-02-13 18:00:00,P0173,Books,2470.02,2761.52,300,0.6,1,0,2,0,86,97,321
2024-02-13 19:00:00,P0025,Furniture,861.39,845.46,118,0.236,1,0,2,0,94,81,395
2024-02-13 20:00:00,P0116,Groceries,3360.56,3800.02,448,0.896,1,0,2,0,86,78,323
2024-02-13 21:00:00,P0078,Furniture,3436.4,3350.76,421,0.842,1,0,2,0,76,73,330
2024-02-13 22:00:00,P0108,Furniture,1470.28,1303.85,133,0.266,1,0,2,0,87,82,339
2024-02-13 23:00:00,P0025,Furniture,186.09,161.6,431,0.862,1,0,2,0,118,118,441
2024-02-14 00:00:00,P0147,Clothing,1039.24,1140.64,427,0.854,2,0,2,1,88,85,375
2024-02-14 01:00:00,P0039,Clothing,2028.9,2089.68,206,0.412,2,0,2,0,90,98,357
2024-02-14 02:00:00,P0119,Books,879.44,845.88,262,0.524,2,0,2,0,91,98,356
2024-02-14 03:00:00,P0079,Electronics,1010.45,1007.26,321,0.642,2,0,2,0,87,94,336
2024-02-14 04:00:00,P0080,Groceries,1987.38,2026.84,189,0.378,2,0,2,0,98,94,379
2024-02-14 05:00:00,P0027,Clothing,4810.84,4309.39,157,0.314,2,0,2,0,65,63,268
2024-02-14 06:00:00,P0104,Furniture,3833.01,3646.21,476,0.952,2,0,2,0,59,63,238
2024-02-14 07:00:00,P0074,Electronics,1632.75,1497.17,75,0.15,2,0,2,0,112,99,445
2024-02-14 08:00:00,P0191,Groceries,4760.44,4547.98,51,0.102,2,0,2,0,77,85,305
2024-02-14 09:00:00,P0068,Groceries,3245.95,3246.68,225,0.45,2,0,2,0,97,98,360
2024-02-14 10:00:00,P0147,Groceries,2304.48,2003.38,93,0.186,2,0,2,0,91,101,388
2024-02-14 11:00:00,P0028,Groceries,2368.09,2267.22,291,0.582,2,0,2,0,88,96,382
2024-02-14 12:00:00,P0123,Books,2083.19,1987.78,290,0.58,2,0,2,0,92,89,390
2024-02-14 13:00:00,P0161,Groceries,1203.31,1100.31,321,0.642,2,0,2,0,98,86,388
2024-02-14 14:00:00,P0138,Electronics,1963.83,2355.41,177,0.354,2,0,2,0,98,110,429
2024-02-14 15:00:00,P0083,Clothing,2663.09,2208.9,386,0.772,2,0,2,0,80,76,328
2024-02-14 16:00:00,P0030,Electronics,2663.74,2816.05,105,0.21,2,0,2,0,75,72,316
2024-02-14 17:00:00,P0022,Furniture,3820.6,3323.06,75,0.15,2,0,2,0,84,94,352
2024-02-14 18:00:00,P0003,Books,1826.05,2074.05,3,0.006,2,0,2,0,108,122,450
2024-02-14 19:00:00,P0101,Books,3598.15,4194.29,310,0.62,2,0,2,0,74,69,304
2024-02-14 20:00:00,P0105,Furniture,2911.55,2796.81,435,0.87,2,0,2,0,98,86,369
2024-02-14 21:00:00,P0176,Electronics,4811.13,5433.65,186,0.372,2,0,2,0,66,56,253
2024-02-14 22:00:00,P0002,Electronics,1957.16,1761.37,454,0.908,2,0,2,0,81,80,349
2024-02-14 23:00:00,P0054,Furniture,4511.02,3861.56,19,0.038,2,0,2,0,80,82,300
2024-02-15 00:00:00,P0006,Groceries,4112.18,3809.32,274,0.548,3,0,2,0,75,70,279
2024-02-15 01:00:00,P0107,Groceries,3206.44,3003.37,135,0.27,3,0,2,0,72,67,276
2024-02-15 02:00:00,P0168,Clothing,3289.85,3154.78,450,0.9,3,0,2,1,81,78,315
2024-02-15 03:00:00,P0123,Electronics,469.02,445.19,26,0.052,3,0,2,1,109,101,441
2024-02-15 04:00:00,P0002,Electronics,4753.61,4584.66,462,0.924,3,0,2,1,71,79,290
2024-02-15 05:00:00,P0111,Furniture,579.33,628.0,135,0.27,3,0,2,0,114,119,483
2024-02-15 06:00:00,P0002,Furniture,2838.0,2549.18,17,0.034,3,0,2,0,90,99,329
2024-02-15 07:00:00,P0093,Groceries,1683.85,1359.59,284,0.568,3,0,2,0,106,117,399
2024-02-15 08:00:00,P0183,Electronics,2177.77,2168.78,301,0.602,3,0,2,0,84,82,336
2024-02-15 09:00:00,P0200,Electronics,3070.41,3006.9,498,0.996,3,0,2,0,65,65,247
2024-02-15 10:00:00,P0101,Books,4548.81,3748.34,419,0.838,3,0,2,0,57,65,245
2024-02-15 11:00:00,P0188,Clothing,2314.96,1975.87,386,0.772,3,0,2,0,87,95,358
2024-02-15 12:00:00,P0097,Clothing,4939.26,4958.86,392,0.784,3,0,2,1,75,82,299
2024-02-15 13:00:00,P0111,Groceries,2984.42,2667.77,137,0.274,3,0,2,0,86,88,310
2024-02-15 14:00:00,P0006,Electronics,844.74,972.33,231,0.462,3,0,2,0,111,110,476
2024-02-15 15:00:00,P0127,Books,990.55,861.1,339,0.678,3,0,2,1,101,113,401
2024-02-15 16:00:00,P0104,Electronics,3594.75,2904.73,449,0.898,3,0,2,0,70,76,282
2024-02-15 17:00:00,P0147,Furniture,299.47,293.19,256,0.512,3,0,2,0,89,89,370
2024-02-15 18:00:00,P0155,Groceries,2427.69,2899.79,218,0.436,3,0,2,0,91,85,396
2024-02-15 19:00:00,P0001,Clothing,783.68,825.65,131,0.262,3,0,2,0,116,104,432
2024-02-15 20:00:00,P0033,Electronics,2194.43,2066.3,431,0.862,3,0,2,0,89,90,325
2024-02-15 21:00:00,P0040,Groceries,3762.09,3035.06,356,0.712,3,0,2,0,71,67,263
2024-02-15 22:00:00,P0032,Clothing,2321.12,2307.15,255,0.51,3,0,2,0,85,79,356
2024-02-15 23:00:00,P0197,Electronics,859.08,758.21,95,0.19,3,0,2,0,101,89,374
2024-02-16 00:00:00,P0017,Books,1297.03,1373.69,273,0.546,4,0,2,0,91,78,364
2024-02-16 01:00:00,P0126,Groceries,1869.32,1931.39,333,0.666,4,0,2,0,91,99,379
2024-02-16 02:00:00,P0008,Electronics,394.33,357.3,300,0.6,4,0,2,0,103,91,430
2024-02-16 03:00:00,P0057,Clothing,2942.47,2435.05,367,0.734,4,0,2,0,85,95,334
2024-02-16 04:00:00,P0042,Clothing,3057.29,3369.16,14,0.028,4,0,2,0,81,74,337
2024-02-16 05:00:00,P0098,Books,357.65,369.88,178,0.356,4,0,2,0,109,117,475
2024-02-16 06:00:00,P0137,Groceries,2041.44,2320.81,444,0.888,4,0,2,0,85,93,308
2024-02-16 07:00:00,P0120,Groceries,2099.3,1897.6,259,0.518,4,0,2,0,87,95,360
2024-02-16 08:00:00,P0087,Electronics,1702.41,1806.5,402,0.804,4,0,2,0,93,103,374
2024-02-16 09:00:00,P0163,Clothing,2810.81,2382.08,87,0.174,4,0,2,0,82,78,309
2024-02-16 10:00:00,P0199,Clothing,1762.49,1615.72,93,0.186,4,0,2,0,112,128,431
2024-02-16 11:00:00,P0181,Books,2111.23,2243.43,332,0.664,4,0,2,0,92,86,393
2024-02-16 12:00:00,P0054,Books,3997.74,4518.38,394,0.788,4,0,2,0,75,85,305
2024-02-16 13:00:00,P0084,Groceries,852.44,791.38,27,0.054,4,0,2,0,110,108,397
2024-02-16 14:00:00,P0025,Clothing,3114.62,3486.95,497,0.994,4,0,2,0,73,63,319
2024-02-16 15:00:00,P0067,Electronics,2552.69,2734.19,184,0.368,4,0,2,0,83,90,343
2024-02-16 16:00:00,P0190,Furniture,1560.1,1465.67,74,0.148,4,0,2,0,94,102,372
2024-02-16 17:00:00,P0183,Electronics,3651.3,4201.04,53,0.106,4,0,2,0,71,65,296
2024-02-16 18:00:00,P0174,Books,2778.38,2788.64,320,0.64,4,0,2,0,84,92,316
2024-02-16 19:00:00,P0152,Electronics,2412.94,2556.02,46,0.092,4,0,2,0,102,92,388
2024-02-16 20:00:00,P0046,Clothing,3354.96,3349.1,247,0.494,4,0,2,0,71,64,264
2024-02-16 21:00:00,P0022,Groceries,4021.34,3945.29,233,0.466,4,0,2,0,85,93,333
2024-02-16 22:00:00,P0139,Furniture,4864.71,5541.83,117,0.234,4,0,2,0,59,55,255
2024-02-16 23:00:00,P0176,Groceries,3165.28,2905.35,259,0.518,4,0,2,0,89,78,348
2024-02-17 00:00:00,P0008,Furniture,4378.48,3566.94,229,0.458,5,1,2,0,76,86,291
2024-02-17 01:00:00,P0039,Furniture,55.4,63.82,289,0.578,5,1,2,0,138,140,574
2024-02-17 02:00:00,P0163,Clothing,2674.67,3022.4,240,0.48,5,1,2,0,107,105,460
2024-02-17 03:00:00,P0049,Clothing,1112.51,1053.13,331,0.662,5,1,2,0,141,141,535
2024-02-17 04:00:00,P0046,Books,516.25,451.3,181,0.362,5,1,2,0,117,123,497
2024-02-17 05:00:00,P0038,Books,2683.26,2871.66,471,0.942,5,1,2,0,71,79,273
2024-02-17 06:00:00,P0136,Furniture,3746.79,3115.47,316,0.632,5,1,2,0,70,74,266
2024-02-17 07:00:00,P0054,Books,2090.75,2026.99,100,0.2,5,1,2,0,109,117,434
2024-02-17 08:00:00,P0165,Clothing,3367.03,2809.26,247,0.494,5,1,2,0,94,85,343
2024-02-17 09:00:00,P0092,Books,2474.11,2571.01,479,0.958,5,1,2,0,86,83,369
2024-02-17 10:00:00,P0040,Furniture,2213.58,1794.96,466,0.932,5,1,2,0,99,102,426
2024-02-17 11:00:00,P0034,Groceries,1486.77,1563.63,348,0.696,5,1,2,0,117,121,485
2024-02-17 12:00:00,P0096,Electronics,1943.84,2078.51,357,0.714,5,1,2,0,109,102,419
2024-02-17 13:00:00,P0079,Books,1781.49,1772.33,112,0.224,5,1,2,0,113,129,422
2024-02-17 14:00:00,P0127,Clothing,3248.63,2826.32,220,0.44,5,1,2,0,87,77,362
2024-02-17 15:00:00,P0017,Groceries,624.29,524.75,338,0.676,5,1,2,0,126,111,464
2024-02-17 16:00:00,P0161,Clothing,508.55,470.57,147,0.294,5,1,2,1,143,131,562
2024-02-17 17:00:00,P0175,Books,3317.06,3270.9,386,0.772,5,1,2,0,83,89,305
2024-02-17 18:00:00,P0110,Furniture,2754.18,2910.85,295,0.59,5,1,2,0,86,74,339
2024-02-17 19:00:00,P0052,Electronics,2179.49,1744.68,196,0.392,5,1,2,0,119,136,441
2024-02-17 20:00:00,P0118,Electronics,804.59,872.52,406,0.812,5,1,2,0,115,132,417
2024-02-17 21:00:00,P0009,Groceries,2084.58,2261.95,68,0.136,5,1,2,0,116,104,459
2024-02-17 22:00:00,P0033,Electronics,3959.17,3871.34,477,0.954,5,1,2,0,93,90,377
2024-02-17 23:00:00,P0188,Furniture,4453.63,4174.67,287,0.574,5,1,2,0,66,60,261
2024-02-18 00:00:00,P0113,Clothing,3527.75,4010.78,23,0.046,6,1,2,0,96,93,359
2024-02-18 01:00:00,P0149,Furniture,346.57,386.02,368,0.736,6,1,2,0,122,123,447
2024-02-18 02:00:00,P0186,Groceries,3368.53,4019.7,434,0.868,6,1,2,0,104,114,385
2024-02-18 03:00:00,P0085,Groceries,1242.88,1179.21,370,0.74,6,1,2,0,108,93,452
2024-02-18 04:00:00,P0197,Electronics,1610.49,1872.57,185,0.37,6,1,2,0,107,123,387
2024-02-18 05:00:00,P0010,Furniture,1019.57,851.3,169,0.338,6,1,2,0,122,138,523
2024-02-18 06:00:00,P0006,Clothing,3889.99,3752.23,290,0.58,6,1,2,0,92,94,393
2024-02-18 07:00:00,P0115,Furniture,3260.58,3215.42,31,0.062,6,1,2,0,113,112,486
2024-02-18 08:00:00,P0121,Clothing,3078.58,3005.77,437,0.874,6,1,2,0,102,104,439
2024-02-18 09:00:00,P0141,Clothing,3356.46,3524.41,300,0.6,6,1,2,0,73,62,302
2024-02-18 10:00:00,P0065,Furniture,1222.02,1060.81,175,0.35,6,1,2,1,108,116,462
2024-02-18 11:00:00,P0020,Books,2250.99,2580.94,363,0.726,6,1,2,0,108,108,452
2024-02-18 12:00:00,P0057,Furniture,3184.61,3250.55,341,0.682,6,1,2,0,94,88,361
2024-02-18 13:00:00,P0046,Clothing,3201.14,3718.71,468,0.936,6,1,2,0,90,89,378
2024-02-18 14:00:00,P0136,Groceries,3969.67,3179.91,475,0.95,6,1,2,0,74,69,303
2024-02-18 15:00:00,P0010,Groceries,1471.16,1547.65,176,0.352,6,1,2,1,117,124,424
2024-02-18 16:00:00,P0113,Electronics,3863.16,3727.88,289,0.578,6,1,2,0,84,87,355
2024-02-18 17:00:00,P0195,Groceries,2228.91,2233.46,143,0.286,6,1,2,1,113,109,486
2024-02-18 18:00:00,P0139,Books,3367.35,3695.74,10,0.02,6,1,2,0,106,100,425
2024-02-18 19:00:00,P0012,Clothing,2305.81,2054.16,480,0.96,6,1,2,0,98,109,391
2024-02-18 20:00:00,P0138,Furniture,4745.62,4185.45,491,0.982,6,1,2,0,74,78,292
2024-02-18 21:00:00,P0153,Furniture,937.55,1013.68,485,0.97,6,1,2,0,105,112,438
2024-02-18 22:00:00,P0177,Books,3391.28,3420.26,146,0.292,6,1,2,0,111,115,419
2024-02-18 23:00:00,P0177,Groceries,2903.85,2594.46,347,0.694,6,1,2,1,104,91,439
2024-02-19 00:00:00,P0011,Clothing,905.02,899.23,412,0.824,0,0,2,0,97,84,372
2024-02-19 01:00:00,P0190,Groceries,376.73,370.64,484,0.968,0,0,2,0,106,104,404
2024-02-19 02:00:00,P0118,Electronics,4005.76,4312.51,309,0.618,0,0,2,0,88,99,374
2024-02-19 03:00:00,P0164,Groceries,829.38,664.39,436,0.872,0,0,2,0,87,88,325
2024-02-19 04:00:00,P0039,Electronics,973.21,1006.98,194,0.388,0,0,2,0,96,107,412
2024-02-19 05:00:00,P0053,Furniture,4893.25,5100.09,465,0.93,0,0,2,0,62,54,272
2024-02-19 06:00:00,P0056,Clothing,3600.44,3954.02,465,0.93,0,0,2,0,74,79,285
2024-02-19 07:00:00,P0104,Electronics,1289.91,1490.74,75,0.15,0,0,2,0,99,91,430
2024-02-19 08:00:00,P0129,Groceries,2975.2,2904.02,465,0.93,0,0,2,0,83,84,336
2024-02-19 09:00:00,P0056,Groceries,2693.85,2524.16,159,0.318,0,0,2,0,88,83,335
2024-02-19 10:00:00,P0118,Furniture,4230.14,3557.24,489,0.978,0,0,2,0,74,79,293
2024-02-19 11:00:00,P0132,Books,3660.14,3421.26,99,0.198,0,0,2,0,77,75,326
2024-02-19 12:00:00,P0030,Books,4167.02,3447.77,115,0.23,0,0,2,0,70,69,289
2024-02-19 13:00:00,P0012,Groceries,1096.96,1229.83,379,0.758,0,0,2,0,94,87,376
2024-02-19 14:00:00,P0035,Books,3219.09,3614.4,82,0.164,0,0,2,0,85,79,323
2024-02-19 15:00:00,P0077,Clothing,249.19,240.94,311,0.622,0,0,2,0,96,87,401
2024-02-19 16:00:00,P0180,Books,391.26,353.64,62,0.124,0,0,2,0,115,117,443
2024-02-19 17:00:00,P0159,Clothing,3581.96,3034.67,131,0.262,0,0,2,1,77,69,298
2024-02-19 18:00:00,P0102,Groceries,170.88,194.89,247,0.494,0,0,2,0,129,120,541
2024-02-19 19:00:00,P0087,Groceries,2919.84,3360.73,394,0.788,0,0,2,0,79,80,320
2024-02-19 20:00:00,P0196,Groceries,4210.01,3816.44,130,0.26,0,0,2,0,79,74,296
2024-02-19 21:00:00,P0052,Furniture,1930.71,2024.74,410,0.82,0,0,2,0,77,79,320
2024-02-19 22:00:00,P0080,Books,271.96,245.71,366,0.732,0,0,2,0,109,93,415
2024-02-19 23:00:00,P0135,Electronics,3583.54,3189.53,463,0.926,0,0,2,0,67,77,282
2024-02-20 00:00:00,P0022,Electronics,4651.95,3761.02,427,0.854,1,0,2,0,71,76,283
2024-02-20 01:00:00,P0075,Groceries,3600.0,3711.11,401,0.802,1,0,2,0,63,63,257
2024-02-20 02:00:00,P0184,Books,2913.31,2505.38,157,0.314,1,0,2,0,87,98,355
2024-02-20 03:00:00,P0058,Clothing,1188.64,956.79,215,0.43,1,0,2,0,111,123,413
2024-02-20 04:00:00,P0093,Electronics,126.11,106.18,325,0.65,1,0,2,0,108,104,445
2024-02-20 05:00:00,P0192,Groceries,3488.63,3228.75,430,0.86,1,0,2,0,73,65,313
2024-02-20 06:00:00,P0103,Electronics,1193.58,1274.34,33,0.066,1,0,2,0,122,113,526
2024-02-20 07:00:00,P0140,Electronics,4297.91,3786.67,374,0.748,1,0,2,0,63,57,262
2024-02-20 08:00:00,P0007,Electronics,2358.5,2724.15,331,0.662,1,0,2,0,76,82,333
2024-02-20 09:00:00,P0128,Groceries,2676.65,2450.19,297,0.594,1,0,2,0,76,77,310
2024-02-20 10:00:00,P0055,Groceries,3781.99,3526.67,278,0.556,1,0,2,0,68,75,259
2024-02-20 11:00:00,P0106,Furniture,3908.18,3467.3,483,0.966,1,0,2,0,72,72,297
2024-02-20 12:00:00,P0062,Furniture,3231.12,2912.93,295,0.59,1,0,2,0,78,84,338
2024-02-20 13:00:00,P0090,Furniture,4695.24,3895.42,14,0.028,1,0,2,0,82,78,319
2024-02-20 14:00:00,P0098,Electronics,4912.38,4509.11,114,0.228,1,0,2,0,73,75,278
2024-02-20 15:00:00,P0077,Books,4737.08,5418.49,463,0.926,1,0,2,0,65,68,284
2024-02-20 16:00:00,P0183,Groceries,4129.69,4440.94,492,0.984,1,0,2,0,56,60,236
2024-02-20 17:00:00,P0119,Furniture,3542.84,4074.65,56,0.112,1,0,2,0,89,97,324
2024-02-20 18:00:00,P0036,Books,3333.46,2806.59,366,0.732,1,0,2,0,87,81,352
2024-02-20 19:00:00,P0089,Furniture,563.56,553.55,141,0.282,1,0,2,0,110,106,417
2024-02-20 20:00:00,P0152,Furniture,1393.85,1242.9,206,0.412,1,0,2,1,90,82,345
2024-02-20 21:00:00,P0172,Books,78.16,85.08,139,0.278,1,0,2,0,96,103,352
2024-02-20 22:00:00,P0145,Furniture,730.18,867.52,106,0.212,1,0,2,0,120,112,454
2024-02-20 23:00:00,P0130,Electronics,2224.19,2504.76,372,0.744,1,0,2,1,87,84,348
2024-02-21 00:00:00,P0141,Electronics,775.36,631.23,290,0.58,2,0,2,0,88,96,322
2024-02-21 01:00:00,P0159,Electronics,4513.23,4182.25,408,0.816,2,0,2,0,69,66,298
2024-02-21 02:00:00,P0093,Clothing,4038.21,3276.73,77,0.154,2,0,2,0,79,74,333
2024-02-21 03:00:00,P0114,Furniture,404.48,330.08,1,0.002,2,0,2,0,135,141,527
2024-02-21 04:00:00,P0028,Clothing,1282.12,1066.48,273,0.546,2,0,2,0,90,103,333
2024-02-21 05:00:00,P0188,Groceries,4104.41,3737.19,34,0.068,2,0,2,0,83,72,365
2024-02-21 06:00:00,P0155,Books,4025.08,3709.84,264,0.528,2,0,2,0,83,91,336
2024-02-21 07:00:00,P0143,Groceries,4729.98,4541.64,394,0.788,2,0,2,0,68,60,268
2024-02-21 08:00:00,P0033,Clothing,4987.86,4798.18,217,0.434,2,0,2,0,66,63,248
2024-02-21 09:00:00,P0020,Electronics,4882.54,5412.61,66,0.132,2,0,2,1,69,67,260
2024-02-21 10:00:00,P0170,Furniture,2080.18,1781.8,68,0.136,2,0,2,0,95,101,403
2024-02-21 11:00:00,P0140,Furniture,1289.13,1112.64,223,0.446,2,0,2,0,95,107,382
2024-02-21 12:00:00,P0101,Electronics,3804.13,3996.75,360,0.72,2,0,2,0,68,60,298
2024-02-21 13:00:00,P0023,Furniture,1531.4,1575.35,457,0.914,2,0,2,0,99,106,432
2024-02-21 14:00:00,P0200,Books,4041.68,3482.32,293,0.586,2,0,2,0,81,77,305
2024-02-21 15:00:00,P0112,Books,2693.08,3072.55,325,0.65,2,0,2,0,90,101,396
